peptide,(-)_charged_residues (asp+glu),(+)_charged_residues (arg+lys),"half_life_hours (mammalian reticulocytes, in vitro)",aliphatic_index
PAYTNSFTRGVYYPDK,1,2,>20,24.38
RKQDDKKIKACVEEVT,4,5,1,66.88
LALLLLDRLNQLESKM,2,2,5.5,176.88
GLNNLNRGMVLGSLAA,0,1,30,128.12
EEVTTTLEETKFLTEN,5,1,1,66.88
CSLQSCTQHQPYVVD,1,0,1.2,64.67
KGQQQQGQTVTKKSAAEASKKPRQ,1,6,1.3,24.58
AIVLQLPQGTTLPKGF,0,1,4.4,121.88
GQAITVTPEANMDQES,3,0,30,55.0
IFGTTLDSKTQSLLI,1,1,20,130.0
LLLCRMNSRNYIAQVD,1,2,5.5,121.88
LTSQWLTNIFGTVYE,1,0,5.5,97.33
DSATLVSDIDITFLKK,3,2,1.1,121.88
LTTRTQLPPAYT,0,1,5.5,73.33
ADAVIKTLQPVSELLT,2,1,4.4,146.25
FLALITLATCELYHY,1,0,1.1,143.33
CALILAYCNKTVGELG,1,1,1.2,128.12
AGCLIGAEHVNNSYE,2,0,4.4,84.67
ERSGARSKQRRPQGLPNNTA,1,5,1,29.5
SPARMAGNGGDAALA,1,1,1.9,59.33
NPKGFCDLKGKYVQI,1,3,1.4,71.33
VEKGIYQTSNFRVQPT,1,2,100,60.62
NLNESLIDLQELGKYE,4,1,1.4,121.88
KVDGVDVELFENKTTL,4,2,1.3,103.12
TVCGPKKSTNLVKNK,0,4,7.2,64.67
IMSDRDLYDKLQFTSL,3,2,20,97.5
LRIMASLVLARKHTT,0,3,5.5,136.67
NTSNQVAVLYQDVNCT,1,0,1.4,85.0
ELAMDEFIERYKLEGY,5,2,1,79.38
VENPHLMGWDYPKCDR,3,2,100,42.5
VVENPTIQKDVLECNV,3,1,100,121.25
DAVTAYNGYLTSSSK,1,1,1.1,58.67
SGWTAGAAAYYVGYL,0,0,1.9,72.0
EIVDTVSALVYDNKLK,3,2,1,133.75
LVTLAILTALRLCAY,0,1,5.5,195.33
YKKDNSYFTEQPIDL,3,2,2.8,52.0
IPCTCGKQATKYLVQQ,0,2,20,73.12
GVPINTNSSPDDQIGY,2,0,30,66.88
YKLNTDHSSSSDNIAL,2,1,2.8,79.38
LTQDHVDILGPLSA,2,0,5.5,139.29
IKTIQPRVEKKKLDGF,2,5,20,91.25
TGVLTESNKKFLPFQQ,1,2,7.2,66.88
FYPPDEDEEEGDCEE,9,0,1.1,0.0
VAIHADQLTPTWRVYS,1,1,100,97.5
DIDITFLKKDAPYIVG,3,2,1.1,121.88
WFHAIHVSGTNGTKRFDNPV,1,2,2.8,53.5
GTIYTELEPPCRFVTD,3,1,30,66.88
LGTEVNEFACVVADA,3,0,5.5,104.0
TRRIRGGDGKMKDLSPRWYF,2,6,7.2,39.0
KLQDVVNQNAQALNTL,1,1,1.3,121.88
RYRIGNYKLNTDHSSS,1,3,1,48.75
HSMQNCVLKLKVDTAN,1,2,3.5,91.25
FTMLRKLDNDALNNI,2,2,1.1,110.67
TVRTNVYLAVFDKNL,1,2,7.2,116.67
FPNITNLCPFGEVFNATRFASVYAWNRK,1,3,1.1,59.29
LDSFKEELDKYFKNHTSPDVDLG,6,3,5.5,63.48
SDNGPQNQRNAPRITF,1,2,1.9,30.63
LNRALTGIAVEQDKN,2,2,5.5,110.67
YNKYKYFSGAMDTTSY,1,2,2.8,6.25
WLEEKFKEGVEFLRDG,5,3,2.8,66.88
ESKMSGKGQQQQGQT,1,2,1,0.0
FCGPDGYPLECIKDL,3,1,1.1,78.0
GMSRIGMEVTPSGTW,1,1,30,45.33
IQLSSYSLFDMSKFPL,1,1,20,97.5
CRFQEKDEDDNLIDSY,6,2,1.2,48.75
CLPFTINCQEPKLGSL,1,1,1.2,97.5
RANNTKGSLPINVIV,0,2,1,123.33
AYVDNSSLTIKKPNE,2,2,4.4,78.0
TAYNGYLTSSSKTPE,1,1,7.2,32.67
KQIYKTPPIKDFGGF,1,3,1.3,52.0
LKTNCCRFQEKDEDDN,5,3,5.5,24.38
YAWNRKRISNCVADYSVLYNSA,1,3,2.8,75.45
TPCGTGTSTDVVYRA,1,1,7.2,45.33
GYLKLTDNVYIKNADI,2,2,30,121.88
TQMNLKYAISAKNRAR,0,4,7.2,67.5
ETTADIVVFDEISMAT,4,0,1,97.5
KSLTENKYSQLDEEQ,4,2,1.3,52.0
DKKKKADETQALPQRQ,3,5,1.1,36.88
VYYHKNNKSWMESEFR,2,3,100,18.12
PNITNLCPFGEVFNATRFASVYAWNRKRIS,1,4,>20,68.33
YIDINGNLHPDSATLV,2,0,2.8,121.88
IVVFDEISMATNYDLS,3,0,20,115.62
MILSLLSKGRLIIREN,1,3,30,170.62
DTVSALVYDNKLKAH,2,2,1.1,104.0
TDEMIAQYTSAL,2,0,7.2,81.67
HSSSSDNIALLVQ,1,0,3.5,120.0
IQFPNTYLEGSVRVV,1,1,20,110.0
DMLNPNYEDLLIRKSN,3,2,1.1,97.5
VTQNVLYENQKLIAN,1,1,100,123.33
PINTNSSPDDQIGYY,2,0,>20,52.0
NIQKEIDRLNEVAKNL,3,3,1.4,121.88
VTIMLCCMTSCC,0,0,100,89.17
SGFRKMAFPSGKVEG,1,3,1.9,26.0
SQSIIAYTMSLG,0,0,1.9,105.83
ITESKPSVEQRKQDDK,4,4,20,42.5
YGDSATLPKGIMMNVA,1,1,2.8,79.38
QQTVTLLPAADLDDF,3,0,0.8,110.67
VEHVTFFIYNKIVDE,3,1,100,110.0
YKGIKIQEGVVDYGAR,2,3,2.8,91.25
MESEFRVYSSANNCTF,2,1,30,24.38
GVEGFNCYFPLQSYGF,1,0,30,42.5
YLEGSVRVVTTFDSE,3,1,2.8,84.0
DFIDTKRGVYCCREH,3,3,1.1,45.33
KHFFFAQDGNAAISDY,2,1,1.3,43.12
NDFSNSGSDVLYQPPQ,2,0,1.4,42.5
DAVRDPQTLEILDITPCSFG,4,1,1.1,97.5
TGSNQNGERSGARSKQRRPQG,1,5,7.2,4.76
VYDNKLKAHKDKSAQC,2,4,100,55.0
QQGQTVTKKSAAEASK,1,3,0.8,36.88
PLLTDEMIAQYTSAL,2,0,>20,117.33
EVVGDIILKPANNSL,2,1,1,149.33
SLEIPRRNVATLQAEN,2,2,1.9,103.75
GTRNPANNAAIVLQLP,0,1,30,110.0
YGDCLGDIAARDLIC,3,1,2.8,117.33
FDVLKSEDAQGMDNLA,4,1,1.1,79.38
LRVCVDTVRTNVYLA,1,2,5.5,136.0
YSTQLSTDTGVEHVT,2,0,2.8,64.67
LSTDTGVEHVTFFIY,2,0,5.5,90.67
EQDKNTQEVFAQVKQI,3,2,1,66.88
NEVAKNLNESLIDLQ,3,1,1.4,130.0
VEKKKLDGFMGRIRS,2,5,100,71.33
TSALLAGTITSGWTF,0,0,7.2,91.33
CDIKDLPKEITVATSR,3,3,1.2,97.5
DNFKFVCDNIKFADD,4,2,1.1,52.0
RNAPRITFGGPSDSTG,1,2,1,30.63
IELCVDEAGSKS,3,1,20,97.5
MHANYIFWRNTNPIQ,0,1,30,58.67
LNDFNLVAMKYNYEPL,2,1,5.5,97.5
PQGFSALEPLVD,2,0,>20,97.5
LTPVVQTIEVNSFSGY,1,0,5.5,103.12
HLLIGLAKRFKESPFE,2,3,3.5,103.75
VTQAFGRRGPEQTQG,1,2,100,26.0
KDFMSLSEQLRKQIR,2,4,1.3,78.0
NLLLQYGSFCTQLNR,0,1,1.4,104.0
QQVVDADSKIVQLSEI,3,1,0.8,133.75
PKLFIRQEEVQE,3,2,>20,89.17
FQPTNGVGYQPY,0,0,1.1,24.17
KDEDDNLIDSYFVVKR,5,3,1.3,85.0
VGGKPCIKVATVQSKM,0,3,100,85.0
CVDEAGSKSPIQYID,3,1,1.2,78.0
IHADQLTPTWRVYSTGSNVF,1,1,20,73.0
VSFLAHIQWMVMFTP,0,0,100,97.33
KPSKRSFIEDLLFNK,2,4,1.3,78.0
QQFGRDIADTTD,3,1,0.8,40.83
VASQSIIAYTMSLGAENSVAYS,1,0,100,97.73
GLDYKAFKQIVESCGN,2,2,30,73.12
EDDSEPVLKGVKLHYT,4,2,1,85.0
ELWAKRNIKPVPEVK,2,4,1,97.33
TTSPISEHDYQIGGYT,2,0,7.2,48.75
TACTDDNALAYYNTTK,2,1,7.2,43.12
FIKQYGDCLGDIAAR,2,2,1.1,91.33
DETQALPQRQKKQQTV,2,3,1.1,48.75
SFKWDLTAFGLVAEW,2,1,1.9,84.67
GLNDNLLEILQK,2,1,30,162.5
VYFASTEKSNIIRGWI,1,2,100,97.5
TESNKKFLPFQQFGRDIADTTDAVRD,5,4,7.2,48.85
GEIKDATPSDFVRATA,3,2,30,61.25
LYVKPGGTSSGDATTA,1,1,5.5,55.0
ALALLLLDRLNQLESK,2,2,4.4,183.12
VSVITPGTNTSNQVAV,0,0,100,103.12
LEIKDTEKYCALAPNM,3,2,5.5,85.62
VNIQKEIDRLNEVAK,3,3,100,123.33
PRRARSVASQSIIAY,0,3,>20,91.33
KVTFGDDTVIEVQGYK,3,2,1.3,78.75
VKNGSIHLYFDKAGQ,1,2,100,78.0
NCCDDDYFNKKDWYDF,5,2,1.4,0.0
QFCNDPFLGVYYHKNNKSWMESEFRVYSSA,3,3,0.8,35.67
DRLITGRLQSLQTYVTQQLI,1,2,1.1,131.5
TLPKGFYAEGSRGGSQ,1,2,7.2,30.63
SLLSKGRLIIRENNRV,1,4,1.9,140.0
CRKVQHMVVKAALLA,0,3,1.2,130.0
GARKSAPLIELCVDEA,3,2,30,110.0
SRGTSPARMAGNGGDA,1,2,1.9,18.75
AENVTGLFKDCSKVI,2,2,4.4,97.33
DPFLGVYYHKNN,1,1,1.1,56.67
NARLRAKHYVYIGDPA,1,3,1.4,85.62
SLTENKYSQLDEEQPM,4,1,1.9,48.75
ATVCGPKKSTNLVKNKCVNF,0,4,4.4,68.0
APTKVTFGDDTVIEVQ,3,1,4.4,85.0
HMELPTGVHAGTDLEG,3,0,3.5,73.12
KGIMMNVAKYTQLCQY,0,2,1.3,73.12
DLKSFDLGDELGTDPY,5,1,1.1,73.12
TTQTACTDDNALAYY,2,0,7.2,46.0
NVTDFNAIATCDWTN,2,0,1.4,58.67
VLYNSASFSTFK,0,1,100,65.0
QQGQTVTKKSAAEASKKPRQ,1,5,0.8,29.5
SNGTHWFVTQRNFYE,1,1,1.9,19.33
EPQIITTHNTFVSGN,1,0,1,71.33
NQDVNLHSSRLSFKE,2,2,1.4,71.33
PIKDFGGFNFSQILPDPSKP,2,2,>20,58.5
SGYLKLTDNVYIKNAD,2,2,1.9,97.5
LVPGFNEKTHVQLSLP,1,1,5.5,109.38
AVGNICYTPSKLIEYT,1,1,4.4,97.5
FGPTYLDGADVTKIKP,2,2,1.1,73.12
SRSRNSSRNSTPGSSR,0,4,1.9,0.0
PLQPELDSFKEELDKY,5,2,>20,73.12
KKFDTFNGECPNFVFP,2,2,1.3,18.12
PATVSVSSPDAVTAYN,1,0,>20,73.12
KKLKKSLNVAKSEFDR,2,6,1.3,73.12
CATTRQVVNVVTTKIA,0,2,1.2,109.38
VLNDILSRLDKVEAEV,4,2,100,158.12
LLDKRTTCFSVAALT,1,2,5.5,110.67
GKMKDLSPRWYFYYLGTGPEAGLPYGANK,2,4,30,47.24
ALLTLQQIELKFNPPA,1,1,4.4,134.38
QKDVLECNVKTTEVV,3,2,0.8,103.33
QESPFVMMSAPPAQY,1,0,0.8,32.67
TDQSSYIVDSVTVKN,2,1,7.2,84.0
EVLTEEVVLKTGDLQP,4,1,1,127.5
SSGVVNPVMEPIYDEPTTTTSVPL,3,0,1.9,80.83
VYDPLQPELDSF,3,0,100,89.17
ITLATCELYHYQECV,2,0,20,104.0
MSDRDLYDKLQFTSLE,4,2,30,73.12
GTKRFDNPVLPFNDGV,2,2,30,60.62
KIVQMLSDTLKNLSD,2,2,1.3,123.33
FSRVSAKPPPGDQFKH,1,3,1.1,24.38
SGKGQQQQGQTVTKK,0,3,1.9,19.33
SYTNDKACPLIAAVIT,1,1,1.9,110.0
DGKMKDLSPRWYFYY,2,3,1.1,26.0
RCLWSTKPVETSNSFD,2,2,1,42.5
ERVRQALLKTVQFCD,2,3,1,97.33
CTEIDPKLDNYYKKDN,4,3,1.2,48.75
LEQYVFCTVNALPET,2,0,5.5,97.33
SCCKFDEDDSEPVLKGVKL,5,3,1.9,71.58
VFDEISMATNYDLSVV,3,0,100,109.38
SVLYNSASFSTFKCYG,0,1,1.9,48.75
RQKKQQTVTLLPAAD,1,3,1,84.67
QRKQDDKKIKACVEEV,4,5,0.8,66.88
QDVNCTEVPVAIHADQ,3,0,0.8,91.25
ETSWQTGDFVKATCE,3,1,1,26.0
DSNGTITVEELKKLL,3,2,1.1,123.33
DIKDLPKEITVATSRT,3,3,1.1,97.5
KRGDKSVYYTSNPTTF,1,3,1.3,18.12
FGRDIADTTDAVRDPQ,4,2,1.1,55.0
DHCGETSWQTGDFVKA,3,1,1.1,24.38
TQLPPAYTNSFTRGV,0,1,7.2,52.0
QYGSFCTQLNRA,0,1,0.8,40.83
PCSFGGVSVITP,0,0,>20,80.83
AYNGYLTSSSKTPEEH,2,1,4.4,30.63
ATVSVSSPDAVTAYNG,1,0,4.4,73.12
LKYDFTEERLKLFDRY,4,4,5.5,73.12
RSFIEDLLFNKVTLA,2,2,1,130.0
DDFSKQLQQSMS,2,1,1.1,32.5
LITGRLQSLQTYVTQQLIRA,0,2,5.5,136.5
ADIVVFDEISMATNYD,4,0,4.4,97.5
TVKNYFITDAQTGSSK,1,2,7.2,48.75
VNCTEVPVAIHADQL,2,0,100,123.33
ALALLLLDRLNQLES,2,1,4.4,195.33
FDTFNGECPNFVFPLN,2,0,1.1,42.5
KLHDELTGHMLDMYSV,3,1,1.3,91.25
NCYFPLQSYGFQPTY,0,0,1.4,26.0
NEKQEILGTVSWNLR,2,2,1.4,97.33
LKAHKDKSAQCFKMFY,1,4,5.5,36.88
YFVLTSHTVMPLSAP,0,0,2.8,97.33
GRDIADTTDAVRDPQ,4,2,30,58.67
NVTKENDSKEGFFTY,3,2,1.4,19.33
LKRGDKSVYYTSNPTT,1,3,5.5,42.5
KRFKESPFELEDFIPM,4,3,1.3,48.75
PVAIHADQLTPTWRVY,1,1,>20,97.5
FTTTLNDFNLVAMKY,1,1,1.1,78.0
DTFCAGSTFISDEVA,3,0,1.1,58.67
PRTLLTKGTLEPEY,2,2,>20,83.57
IQPRVEKKKLDGFMGR,2,5,20,66.88
SEAARVVRSIFSRTL,1,3,1.9,104.0
LEFGATSAALQPEEE,4,0,5.5,72.0
KCDLQNYGDSATLPK,2,2,1.3,58.67
LRGHLRIAGHHLGRC,0,3,5.5,110.67
AGNGGDAALALLLLD,2,0,4.4,156.67
KGPITDVFYKENSYTT,2,2,1.3,42.5
TESNKKFLPFQQFGRD,2,3,7.2,24.38
EIYQAGSTPCNG,1,0,1,40.83
HTIDGSSGVVNPVMEP,2,0,3.5,78.75
KSPIQYIDIGNYTVSC,1,1,1.3,91.25
GEYSHVVAFNTLLFL,1,0,30,123.33
HLSWEVGKPRPPLNR,1,3,3.5,71.33
WFHAIHVSGTNGTKR,0,2,2.8,52.0
SAKPPPGDQFKHLIP,1,2,1.9,58.67
VASQSIIAYTMSLGA,0,0,100,117.33
TLPKGFYAEGSRGGS,1,2,7.2,32.67
VKPSFYVYSRVKNLN,0,3,100,84.0
GGPSDSTGSNQNGERS,2,1,30,0.0
ITDAVDCALDPLSET,4,0,20,110.67
NCTEVPVAIHADQLT,2,0,1.4,104.0
SGTYEGNSPFHPLADN,2,0,1.9,30.63
YYVGYLQPRTFLLKY,0,2,2.8,97.33
WLLWPVTLACFVLAA,0,0,2.8,162.67
REAACCHLAKALNDFS,2,2,1,73.75
AWNRKRISNCVADYS,1,3,4.4,58.67
VNALPETTADIVVFD,3,0,100,123.33
ALLLLDRLNQLESKM,2,2,4.4,162.67
RSVSPKLFIRQEEVQ,2,3,1,90.67
PDAVTAYNGYLTSSSK,1,1,>20,55.0
SQCVNLTTRTQLPPAYTNSFTRGVY,0,2,1.9,58.4
FLKTNCCRFQEKDED,4,3,1.1,26.0
TAFVTNVNASSSEAF,1,0,7.2,58.67
EVNSFSGYLKLTDNVY,2,1,1,85.0
LYIDINGNLHPDSATL,2,0,5.5,128.12
YNYKLPDDFTGC,2,1,2.8,32.5
GEVFNATRFASVYAW,1,1,30,58.67
TFYPKLQSSQAWQPGV,0,1,7.2,48.75
NLKPFERD,2,2,1.4,48.75
ETDLTKGPHEFCSQH,3,1,1,26.0
AYSNNSIAIPTNFTISVTTE,1,0,4.4,83.0
HFPREGVFVSNG,1,1,3.5,48.33
PINLVRDLPQGFSALEPLVDLPIGINITR,3,2,>20,144.48
FPNITNLCPFGEVFNA,1,0,1.1,73.12
SVAYESLRPDTRYVLM,2,2,1.9,91.25
TKYLVQQESPFVMMS,1,1,7.2,64.67
IWNLDYIINLIIKNL,1,1,20,208.0
GPKKSTNLVKNKCVN,0,4,30,64.67
ATIPIQASLPFGWLI,0,0,4.4,143.33
IVWHVNNATNKATYKP,0,2,20,73.12
NQVIVNNLDKSAGFPF,1,1,1.4,91.25
GIEFLKRGDKSVYYTS,2,3,30,66.88
ESNKKFLPFQQFGRDI,2,3,1,48.75
LPIGINITRFQT,0,1,5.5,130.0
VKPGGTSSGDATTAYA,1,1,100,36.88
RDGCVPLNIIPLTTAA,1,1,1,128.12
TAEAELAKNVSLDNVL,3,1,7.2,128.12
QLYSTQLSTDTGVEHV,2,0,0.8,85.0
AVFDKNLYDKLVSSF,2,2,4.4,97.33
DEFSSNVANYQKVGMQ,2,1,1.1,42.5
WNLREMLAHAEETRKL,3,3,2.8,85.62
IGMEVTPSGTWLTYT,1,0,20,71.33
RGVYYPDKVFRSSVLHSTQDLFLPFFSNVT,2,3,1,77.67
GYYRRATRRIRGGDG,1,5,30,32.67
SLPINVIVFDGKSKCE,2,2,1.9,109.38
ACLVGLMWLSYFIAS,0,0,4.4,136.67
EDIQLLKSAYENFNQ,3,1,1,84.67
GSLAATVRLQAGNAT,0,1,30,98.0
NRNRFLYIIKLIFLW,0,3,1.4,156.0
NMFTPLIQPIGALDIS,1,0,1.4,128.12
VPFWITIAYIICIST,0,0,100,156.0
QPFLMDLEGKQGNFKN,2,2,0.8,48.75
IINNTVYTKVDGVDV,2,1,20,129.33
KYEQYIKWPWYIWLGFIAGLIA,1,2,1.3,115.45
VGYLQPRTFLLKYNE,1,2,100,97.33
PGSSRGTSPARMAGNG,0,2,>20,12.5
LENVAFNVVNKGHFD,2,1,5.5,90.67
TTLEETKFLTENLLLY,3,1,7.2,121.88
LVTYNCCDDDYFNKK,3,2,5.5,45.33
TLNISDEFSSNVANYQ,2,0,7.2,73.12
QCFKMFYKGVITHDV,1,2,0.8,64.67
ACVVADAVIKTLQPV,1,1,4.4,149.33
RASANLAATKMS,0,2,1,65.83
DNGPQNQRNAPRITFG,1,2,1.1,30.63
FCGKGYHLMSFPQSAP,0,1,1.1,30.63
DPSKPSKRSFIEDLLF,3,3,1.1,73.12
NQNAQALNTLVKQLSS,0,1,1.4,103.75
KMVSLLSVLLSMQGA,0,1,1.3,149.33
VTNVNASSSEAFLIG,1,0,100,104.0
FQTLLALHRSYLTPG,0,1,1.1,110.67
DDSEPVLKGVKLHYT,3,2,1.1,90.67
YIFWRNTNPIQLSS,0,1,2.8,83.57
LGFIAGLIAIVMVTIM,0,0,5.5,195.0
IGVCSMTDIAKKPTET,2,2,20,73.12
ENKYSQLDEEQPMEID,6,1,1,48.75
KLDDKDPNFKDQVILLNKH,4,4,1.3,97.37
EDMLNPNYEDLLIRK,4,2,1,104.0
YRIGNYKLNTDHSSS,1,2,2.8,52.0
ACVEEVTTTLEETKFL,4,1,4.4,91.25
IFTIGTVTLKQGEIKD,2,2,20,115.62
NTLQCIMLVYCFLGY,0,0,1.4,123.33
TFLLKYNENGTITDA,2,1,7.2,84.67
QDVNCTEVPVAIHADQLTPTWRVYS,3,1,0.8,85.6
MLNPNYEDLLIRKSN,2,2,30,104.0
GMEVTPSGTWLTYTG,1,0,30,45.33
APAHISTIGVCSMTD,1,0,4.4,84.67
NIKFADDLNQLTGYKK,2,3,1.4,79.38
SDDYIATNGPLKVGGS,2,1,1.9,73.12
YKHITSKETLYCIDG,2,2,2.8,78.0
NLIIKNLSKSLTENKY,1,3,1.4,121.88
SAARLTPCGTGTSTDV,1,1,1.9,55.0
KESPFELEDFIP,4,1,1.3,65.0
PCSFGGVSVITPGTNT,0,0,>20,60.62
VDALCEKALKYLPID,3,2,100,136.67
KIADKYVRNLQHRLY,1,4,1.3,104.0
EQEEDWLDDDSQQTV,7,0,1,45.33
NSPFHPLADNKFALTC,1,1,1.4,61.25
YYPDKVFRSSVLHST,1,2,2.8,64.67
PSKPSKRSFIEDLLFN,2,3,>20,73.12
LDSFKEELDKYFKNH,4,3,5.5,52.0
KFPRGQGVPINTNSSP,0,2,1.3,42.5
TNFTISVTTEILPVSMTKTS,1,1,7.2,87.5
CCSCGSCCKFDEDDSEPVLKGVKL,5,3,1.2,56.67
KKDKKKKADETQALPQRQ,3,7,1.3,32.78
DRQTAQAAGTDTTIT,2,1,1.1,46.0
IISNEKQEILGTVSWN,2,1,20,115.62
GMNGRTILGSALLED,2,1,30,110.67
VSTSGRWVLNNDYYR,1,2,100,64.67
TCVGSDNVTDFNAIAT,2,0,7.2,73.12
PDKVFRSSVLHSTQDL,2,2,>20,85.0
QIYKTPPIKDFGGFN,1,2,0.8,52.0
FLNKVVSTTTNIVTRC,0,2,1.1,103.12
EIDRLNEVAKNLNESL,4,2,1,121.88
PVSEEVVENPTIQKDV,4,1,>20,96.88
RLITGRLQSLQTYVTQQLIRAA,0,3,1,128.64
YSKHTPINLVRDLPQG,1,2,2.8,91.25
GPEQTQGNFGDQELI,3,0,30,52.0
EEEFEPSTQYEYGTE,6,0,1,0.0
ATVREVLSDRELHLS,3,2,4.4,123.33
ENKTTLPVNVAFELW,2,1,1,97.33
LLLLFVTVYSHLLLV,0,0,5.5,240.0
LGDIAARDLICAQKF,2,2,5.5,124.0
LRANSAVKLQNNELS,1,2,5.5,110.67
PDPSKPSKRSFIEDLLFNKVTLADAGFIKQ,4,5,>20,81.33
SKGFFKEGSSVELKHF,2,3,1.9,42.5
YSTLQGPPGTGKSHFA,0,1,2.8,30.63
LEPLVDLPIGINITR,2,1,5.5,175.33
SIIAYTMSLGAE,1,0,1.9,114.17
RASANLAATK,0,2,1,79.0
QVRDVLVRGFGDSVE,3,2,0.8,103.33
NVNKGEDIQLLKSAYE,3,2,1.4,97.5
SNLNLPGCDGGSLYVN,1,0,1.9,91.25
NGLTSIKWADNNCYL,1,1,1.4,84.67
TSSGDATTAYANSVF,1,0,7.2,39.33
SSEYKGPITDVFYKE,3,2,1.9,45.33
CDIPIGAGICASYQTQ,1,0,1.2,85.62
EVKPFITESKPSVEQR,3,3,1,60.62
PVSEEVVENPTIQKD,4,1,>20,84.0
ATVHTANKWDLIIS,1,1,4.4,118.57
MEVTPSGTWLTYTGA,1,0,30,52.0
LLIGLAKRFKESPFE,2,3,5.5,110.67
SIVRFPNITNLCPFG,0,1,1.9,97.33
AAETLKATEETFKLS,3,2,4.4,72.0
SFKEELDKYF,3,2,1.9,39.0
LNTLTLAVPYNMRVI,0,1,5.5,149.33
RSDVLLPLTQYNRYLA,1,2,1,121.88
DDFTGCVIAWNSNNL,2,0,1.1,78.0
GDISGINASVVNIQKE,2,1,30,115.62
VHFISNSWLMWLIIN,0,0,100,149.33
VTYVPAQEKNFTTAPAICHDGK,2,2,100,57.73
NVPLHGTILTRPLLE,1,1,1.4,149.33
QRKLEKMADQAMTQMY,2,3,0.8,36.88
SVNITFELDERIDKV,4,2,1.9,116.67
PQGTTLPKGFYA,0,1,>20,40.83
EIDFLELAMDEFIER,6,1,1,110.67
IAWNSNNLDSKVGGNY,1,1,20,73.12
QPYVFIKRSDARTAP,1,3,0.8,58.67
TKYTMADLVYALRHF,1,2,7.2,84.67
GKEDLKFPRGQGVPIN,2,3,30,66.88
MVTIMLCCMTSC,0,0,30,89.17
LNVVCKTCGQQQTTLK,0,2,5.5,85.0
NLVRDLPQGFSALEP,2,1,1.4,104.0
DAGFIKQYGDCL,2,1,1.1,73.33
LLEIKDTEKYCALAP,3,2,5.5,117.33
QIITTDNTFVSGNCDV,2,0,0.8,85.0
DAAMQRKLEKMADQAM,3,3,1.1,49.38
RVLNVVCKTCGQQQTT,0,2,1,78.75
ITPGTNTSNQVA,0,0,20,65.0
ESEFRVYSSANNCTFE,3,1,1,24.38
LTCATTRQVVNVVTT,0,1,5.5,110.0
FLGIITTVAAFHQEC,1,0,1.1,110.67
SKHTPINLVRDL,1,2,1.9,121.67
GGFNFSQILPDPSKPS,1,1,30,48.75
FQTRAGCLIGAE,1,1,1.1,81.67
MTDIAKKPTETI,2,2,30,73.33
EDLKFPRGQGVP,2,2,1,56.67
SLQTYVTQQLIRAAE,1,1,1.9,110.67
TNCVKMLCTHTGTGQA,0,1,7.2,48.75
EGSVKGLQPSVGPKQA,1,2,1,66.88
VDILGPLSAQTGIAVL,1,0,100,170.62
TNPIQLSSYSLFDMS,1,0,7.2,78.0
RLYLDAYNMMISAGFS,1,1,1,85.62
EVPVSIINNTVYTKVD,2,1,1,121.25
GKIQDSLSSTAS,1,1,30,73.33
LNRFTTTLNDFNLVAM,1,1,5.5,97.5
GLAAVNSVPWDTIANY,1,0,30,103.75
NQDVNLHSSRLSFKEL,2,2,1.4,91.25
SLQTYVTQQLIR,0,1,1.9,121.67
AKKFDTFNGECPNF,2,2,4.4,7.14
ESKMSGKGQQQQGQTV,1,2,1,18.12
FSGYLKLTDNVYIKNA,1,2,1.1,97.5
YTFEKGDYGDAVVYRG,3,2,2.8,42.5
RLDKVEAEVQIDRLI,4,3,1,149.33
FSRTLETAQNSVRVL,1,2,1.1,97.33
FSNVTWFHAIHVSGTNGTKRFDNPVLPFND,2,2,1.1,58.33
GILCIMSDRDLYDKLQ,3,2,30,121.88
FNCYFPLQSYGFQPT,0,0,1.1,26.0
LPDDFTGCVIAWNSN,2,0,5.5,78.0
DIADTTDAVRDPQTLEILDITPCSFG,6,1,1.1,93.85
NGLTVLPPLLTDEMI,2,0,1.4,149.33
NSSLTIKKPNELSRV,1,3,1.4,97.33
SLIDLQELGKYEQYIKWPWY,3,2,1.9,97.5
QCGHYKHITSKETLY,1,2,0.8,52.0
MDPKISEMHPALRLVDPQIQLAVTRMENAVGRDQNNVGPKVY,5,5,30,88.1
GPEAGLPYGANKDGII,2,1,30,85.62
DEWSMATYYLFDESG,4,0,1.1,32.67
FKNHTSPDVDLGDIS,3,1,1.1,71.33
MYCSFYPPDEDEEEG,6,0,30,0.0
TVASLINTLNDLNETL,2,0,7.2,146.25
LIIRENNRVVISSDV,2,2,5.5,162.0
DMVDTSLSGFKLKDCV,3,2,1.1,85.0
KLPDDFTGCVIAWNSNNLDS,3,1,1.3,78.0
YREGYLNSTNVTIAT,1,1,2.8,78.0
QPGQTFSVLACYNGSP,0,0,0.8,48.75
LKKSLNVAKSEFDRDA,3,4,5.5,79.38
ANKDGIIWVATEGALN,2,1,4.4,110.0
LNDLCFTNVYADSFV,2,0,5.5,97.33
YQTQTNSHRRARSVA,0,3,2.8,32.67
AGHHLGRCDIKDLPKEITVATSRTLS,3,4,4.4,93.85
FNSAIGKIQDSLSSTA,1,1,1.1,85.62
EGYLNSTNVTIATYC,1,0,1,78.0
DETQALPQRQK,2,2,1.1,44.55
EYHNESGLKTILRKGG,2,3,1,73.12
INVFAFPFTIYSLLL,0,0,20,156.0
AGLPYGANKDGIIWVA,1,1,4.4,110.0
APATVCGPKKSTNLV,0,2,4.4,78.0
YQTSNFRVQPTE,1,1,2.8,24.17
QTVTKKSAAEASKKPRQK,1,6,0.8,32.78
TAESHVDTDLTKPYIK,3,2,7.2,73.12
EDDYQGKPLEFGATSA,4,1,1,36.88
PQNQRNAPRITFGGP,0,2,>20,32.67
CINGLMLLEIKDTEK,3,2,1.2,130.0
GDSVEEVLSEARQHLK,4,2,30,91.25
DVDLGDISGINASVVN,3,0,1.1,133.75
ELFENKTTLPVNVAFE,3,1,1,91.25
VDCTMYICGDSTECS,3,0,100,45.33
CIMSDRDLYDKLQFTS,3,2,1.2,73.12
KIADYNYKLPDDFTGCVIAWNSNNL,3,2,1.3,82.0
GSVRVVTTFDSEYCRH,2,2,30,54.37
PVETSNSFDVLKSEDA,4,1,>20,66.88
TKIALKGGKIVNNWL,0,3,7.2,130.0
DLNETLVTMPLGYVTH,2,0,1.1,109.38
IGKIQDSLSSTASA,1,1,20,97.86
NVLAWLYAAVINGDR,1,1,1.4,136.67
NKDGIIWVATEGALN,2,1,1.4,110.67
VADAVIKTLQPVSELL,2,1,100,164.37
TCRRCPAEIVDTVSAL,2,2,7.2,97.5
FYFYTSKTTVASLIN,0,1,1.1,78.0
ISDYDYYRYNLPTMC,2,1,20,52.0
GMPSYCTGYREGYLNS,1,1,30,24.38
DQIGYYRRATRRIRG,1,5,1.1,58.67
QKRTATKAYNVTQAFG,0,3,0.8,36.88
CFDKFKVNSTLEQYVF,2,2,1.2,60.62
YQTQTNSPRRAR,0,3,2.8,8.33
EEFEPSTQYEYG,4,0,1,0.0
KAYNVTQAFGRRGPE,1,3,1.3,32.67
VDNSSLTIKKPNELS,2,2,100,97.33
TNVYADSFVIRGDEVRQIAPGQ,3,2,7.2,84.09
TPAFDKSAFVNLKQLP,1,2,7.2,79.38
TTSPISEHDYQIGGY,2,0,7.2,52.0
EYVSQPFLMDLEGKQGNFKNLR,3,3,1,66.36
IDGDMVPHISRQRLT,2,2,20,97.33
ENGTITDAVDCALDP,4,0,1,84.67
VVNIQKEIDRLNEVAK,3,3,100,133.75
TGPEAGLPYGANKDGI,2,1,7.2,61.25
FNFNGLTGTGVLTESNKKFLPFQQFGRDIADTTDAVRDP,5,4,1.1,60.0
SMTDIAKKPTET,2,2,1.9,40.83
RSFIEDLLFNK,2,2,1,106.36
LDWLEEKFKEGVEFLR,5,3,5.5,91.25
HVQIHTIDGSSGVVN,1,0,3.5,110.0
FPNITNLCPFGEVFN,1,0,1.1,71.33
KLNTDHSSSSDNIAL,2,1,1.3,84.67
RRPQGLPNNTASWFT,0,2,1,32.67
TTETAHSCNVNRFNVA,1,1,7.2,48.75
QIPCTCGKQATKYLVQ,0,2,0.8,73.12
GVGGKPCIKVATVQS,0,2,30,90.67
RGFGDSVEEVLSEARQ,4,2,1,66.88
NPTTFHLDGEVITFD,3,0,1.4,71.33
ILPVSMTKTSVDCTMYICGD,2,1,20,87.5
FIKGLNNLNRGMVLGS,0,2,1.1,115.62
TIQKDVLECNVKTTE,3,2,7.2,90.67
FVSEETGTLIVNSVL,2,0,1.1,136.0
AFQTVKPGNFNKDFY,1,2,4.4,26.0
IVFDGKSKCEESSAKS,3,3,20,48.75
IQQVVDADSKIVQLS,2,1,20,142.67
MTKTSVDC,1,1,30,36.25
LAKRFKESPFELEDFI,4,3,5.5,79.38
LAATVRLQAGNATEVP,1,1,5.5,110.0
NNAMQVESDDYIATN,3,0,1.4,58.67
RIFTIGTVTLKQGEIK,1,3,1,115.62
PRRARSVASQSI,0,3,>20,73.33
RDLPQGFSALEPLVD,3,1,1,104.0
IIAMSAFAMMFVKHK,0,2,20,91.33
PFTIYSLLLCRMNSRNYI,0,2,>20,108.33
LVSDIDITFLKKDAPY,3,2,5.5,121.88
LGTCRRCPAEIVDTVS,2,2,5.5,91.25
YLKLTDNVYIKNADIV,2,2,2.8,140.0
VNNTVYDPLQPELDS,3,0,100,90.67
PATVCGPKKSTNLVKN,0,3,>20,66.88
KGLNNLNRGMVLGSL,0,2,1.3,123.33
PQGFSALEPLVDLPIGINITRFQTL,2,1,>20,124.8
LADAGFIKQYGDCLGD,3,1,5.5,85.62
TGAIKLDDKDPNFKD,4,3,7.2,58.67
YNVTQAFGRRGPEQTQ,1,2,2.8,24.38
QLRARSVSPKLFIRQ,0,4,0.8,104.0
DAYKTFPPTEPKKDKKKKADETQA,5,7,1.1,12.5
YGTEDDYQGKPLEFGA,4,1,2.8,30.63
MSLNGPQNQRNAPRI,0,2,30,58.67
YYPDKVFRSSVL,1,2,2.8,80.83
TRPLLESELVIGAVI,2,1,7.2,175.33
FRIDGDMVPHISRQR,2,3,1.1,71.33
VVNPVMEPIYDEPTTT,3,0,100,78.75
EIYQAGSTPCNGVEG,2,0,1,52.0
TGLYPTLNISDEFSS,2,0,7.2,78.0
LLPLVSSQCVNL,0,0,5.5,178.33
DYFNKKDWYDFVENPD,5,2,1.1,18.12
NYKLNTDHSSSSDNIA,2,1,1.4,55.0
RQIAPGQTGKIADYNY,1,2,1,61.25
DGTGTIYTELEPPCR,3,1,1.1,52.0
SEIIGYKAIDGGVTRD,3,2,1.9,97.5
PTYLDGADVTKIKPHN,2,2,>20,73.12
ASALGKLQDVVNQNAQ,1,1,4.4,103.75
TIFKDASGKPVPYCYD,2,2,7.2,48.75
PRITFGGPSDS,1,1,>20,35.45
AARYMRSLKVPATVSV,0,3,4.4,97.5
VLITEGSVKGLQPSVG,1,1,100,127.5
ACVLAAECTIFKDAS,2,1,4.4,98.0
LKQLPFFYYSDSPCE,2,1,5.5,52.0
TLVKQLSSNFGAISS,0,1,7.2,104.0
NLAATKMSECVLGQSKRVDFCG,2,3,1.4,70.91
LNTPKDHIGTRNPANN,1,2,5.5,55.0
PEAGLPYGANKDGIIWVAT,2,1,>20,92.63
DQDALFAYTKRNVIPT,2,2,1.1,79.38
SVSPKLFIRQEEVQEL,3,2,1.9,109.38
AVRDPQTLEILDITPC,3,1,4.4,121.88
LLEIKDTEKYCALAPN,3,2,5.5,110.0
LGDELGTDPYEDFQEN,6,0,5.5,48.75
ELTSMKYFVKIGPER,2,3,1,71.33
QAITVTPEANMDQESF,3,0,0.8,55.0
WWTAFVTNVNASSSEA,1,0,2.8,55.0
TSGDGTTSPISEHDYQ,3,0,7.2,24.38
IKDLPKEITVATSRT,2,3,20,104.0
IDLVPNQPYPNASFD,2,0,20,78.0
ILASFSASTSAFVET,1,0,20,91.33
ARSVASQSIIAYTMSLGAENSVA,1,1,4.4,97.83
DLYDKLQFTSLEIPRR,3,3,1.1,97.5
LSSTASALGKLQ,0,1,5.5,114.17
LKSAYENFNQHEVLLA,2,1,5.5,103.75
TELEPPCRFVTDTPKG,3,2,7.2,42.5
YNYLYRLFRKSNLKPFERDIST,2,5,2.8,70.91
SVPWDTIANYAKPFLN,1,1,1.9,79.38
GPEAGLPYGANKDGI,2,1,30,65.33
RLITGRLQSLQT,0,2,1,130.0
VPRASANIGCNHTGVV,0,1,100,91.25
LHKPIVWHVNNATNK,0,2,5.5,97.33
NYQKVGMQKYSTLQGP,0,2,1.4,42.5
VHVMSKHTDFSSEIIG,2,1,100,85.0
AKLMVVIPDYNTYKNT,1,2,4.4,91.25
NNCTFEYVSQPFLMDLEGKQ,3,1,1.4,53.5
IYSKHTPINLVRDLP,1,2,20,123.33
SASFSTFKCYGV,0,1,1.9,32.5
DDKKIKACVEEVTTT,4,3,1.1,71.33
SSIVITSGDGTTSPI,1,0,1.9,97.33
TPGSSRGTSPARMAGN,0,2,7.2,12.5
QHLKDGTCGLVEVEKG,3,2,0.8,85.0
AGSTPCNGVEGF,1,0,4.4,32.5
FEKGDYGDAVVYRGTT,3,2,1.1,42.5
CCRFQEKDEDDNLIDS,6,2,1.2,48.75
STFKCYGVSPTKLND,1,2,1.9,45.33
LVPQEHYVRITGLYPT,1,1,5.5,109.38
EISFMLWCKDGHVET,3,1,1,71.33
SGNCDVVIGIVN,1,0,1.9,137.5
QFCDAMRNAGIVGVLT,1,1,0.8,97.5
FNYYKKVDGVVQQLPE,2,2,1.1,78.75
TAPHGHVMVELVAEL,2,0,7.2,123.33
VISTSHKLVLSVNPY,0,1,100,136.0
FDEGNCDTLKEILVTY,4,1,1.1,91.25
ITSGDGTTSPISEHD,3,0,20,52.0
SFDVLKSEDAQGMDNL,4,1,1.9,73.12
SNQVAVLYQDVNCTEV,2,0,1.9,103.12
LDDFSKQLQQSM,2,1,5.5,65.0
DIPGIPKDMTYRRLIS,2,3,1.1,97.5
YDPLQPELDSFKEELDKYFKNHTSPDVDLGDI,9,3,2.8,70.0
FLELAMDEFIERYK,4,2,1.1,90.71
GRDIADTTDAVRDPQTLEILDI,6,2,30,110.91
VRETMSYLFQHANLD,2,1,100,78.0
YDPKTKNVTKENDSK,3,4,2.8,19.33
RQKKQQTVTLLP,0,3,1,89.17
GGDAALALLLLDRLNQ,2,1,30,165.0
EQEEDWLDDDSQQTVG,7,0,1,42.5
GARSKQRRPQGLPN,0,4,30,35.0
NFKNLREFVFKNIDGY,2,3,1.4,66.88
HKPIVWHVNNATNKAT,0,2,3.5,73.12
HRSYLTPGDSSS,1,1,3.5,32.5
LANTCTERLKLFAAE,2,2,5.5,98.0
SYQTQTNSPRRA,0,2,1.9,8.33
LTNIFGTVYEKLKPVLD,2,2,5.5,125.88
SALGKLQDVVNQNAQ,1,1,1.9,104.0
VECFDKFKVNSTLEQY,3,2,100,60.62
FIEDLLFNKVTLADAGFIKQYGDCL,4,2,1.1,113.2
SAVKLQNNELSPVALR,1,2,1.9,121.88
DFDTWFSQRGGSYT,2,1,1.1,0.0
SDRELHLSWEVGKPRP,3,3,1.9,66.88
KQQTVTLLPAADLDDF,3,1,1.3,103.75
DGEVITFDNLKTLLSL,3,1,1.1,140.0
RPLLESELVIGAVIL,2,1,1,201.33
PIDKCSRIIPARARV,1,4,>20,110.67
CDIRQLLFVVEVVDK,3,2,1.2,155.33
VRNLQHRLYECLYRN,1,3,100,97.33
VLSTFISAARQGFVD,1,1,100,104.0
PTGVHAGTDLEGNFYG,2,0,>20,48.75
SYCTGYREGYLNSTNV,1,1,1.9,42.5
TLKEILVTYNCCDDDY,4,1,7.2,91.25
DRLNQLESKMSGKGQQ,2,3,1.1,48.75
LSAGIFGADPIHSLRV,1,1,5.5,128.12
MLFTMLRKLDNDALNN,2,2,30,103.75
DLKFPRGQGVPINT,1,2,1.1,76.43
SWVMRIMTWLDMVDT,2,1,1.9,90.67
SVITPGTNTSNQVAVL,0,0,1.9,109.38
CVLGQSKRVDFCGKGYHLMSFPQSAPH,1,3,1.2,54.07
DKFKVNSTLEQYVFCT,2,2,1.1,60.62
MTDIAKKPTETICAP,2,2,30,65.33
TYKLDGVVCTEIDPKL,3,2,7.2,109.38
YKTFPPTEPKKDKKK,2,6,2.8,0.0
KLGASQRVAGDSGFA,1,2,1.3,65.33
LPFAMGIIAMSAFAM,0,0,5.5,104.67
KNTQEVFAQVKQ,1,2,1.3,56.67
RIRGGDGKMKDL,2,4,1,65.0
DFSRVSAKPPPGDQFKH,2,3,1.1,22.94
FIDTKRGVYCCREHEH,3,3,1.1,42.5
QYTSALLAGTIT,0,0,0.8,114.17
KKKADETQALPQRQKK,2,6,1.3,36.88
NGTKRFDNPVLPFNDG,2,2,1.4,42.5
VNLDNLRANNTKGSLP,1,2,100,97.5
ASALWEIQQVVDADSK,3,1,4.4,103.75
NPYVCNAPGCDVTDV,2,0,1.4,64.67
ILDITPCSFGGVSVITPGTNTSNQVAVLY,1,0,20,110.69
EEKFKEGVEFLRDGW,5,3,1,45.33
TIQPRVEKKKLDGFMG,2,4,7.2,66.88
LGKLQDVVNQNAQALN,1,1,5.5,121.88
QTYHPNCVNCLDDRCI,2,1,0.8,66.88
QRNAPRITFGGPSDS,1,2,0.8,32.67
SCCSCLKGCCSC,0,1,1.9,32.5
VRCSFYEDFLEY,3,1,100,56.67
KIAEIPKEEVKPFITE,4,3,1.3,97.5
EYTGNYQCGHYKHITS,1,1,1,24.38
WVYKQFDTYNLWNTF,1,1,2.8,45.33
RSAAKKNNLPFKLTCA,0,4,1,67.5
NPETNILLNVPLHGTI,1,0,1.4,140.0
GQGVPINTNSSP,0,0,30,56.67
SVCRLMKTIGPDMFL,1,2,1.9,97.33
LLSDLQDLKWARFPKS,2,3,5.5,103.75
TMLFTMLRKLDNDALN,2,2,7.2,103.75
GNCDTLKEILVTYNC,2,1,30,97.33
NPNYEDLLIRKSNHNF,2,2,1.4,73.12
EKSNIIRGWIFGTTL,1,2,1,104.0
VQLHNDILLAKDTTE,3,1,100,130.0
KPSFYVYSRVKNLNSSRVPDLLV,1,4,1.3,101.3
YIWLGFIAGLIAIVM,0,0,2.8,188.67
ALGKLQDVVNQNAQAL,1,1,4.4,128.12
CPACHNSEVGPEHSL,2,0,1.2,52.0
ASAFFGMSRIGMEVTP,1,1,4.4,55.0
VQLSLPVLQVRDVLV,1,1,100,200.67
NDVSFLAHIQWMVMF,1,0,1.4,97.33
ITREVGFVVPGLPGT,1,1,20,110.0
YQAGSTPCNGVEGFN,1,0,2.8,26.0
ALDPLSETKCTLKSF,2,2,4.4,84.67
PSYCTGYREGYLNSTN,1,1,>20,24.38
VLSVNPYVCNAPGCD,1,0,100,90.67
VTKENDSKEGFFTYIC,3,2,100,42.5
TGYREGYLNSTNVTI,1,1,7.2,71.33
APAICHDGKAHFPRE,2,2,4.4,46.0
KVGMQKYSTLQGPPGT,0,2,1.3,42.5
GIAIAMACLVGLMWL,0,0,30,169.33
MATYYLFDESGEFKL,3,1,30,58.67
HVMSKHTDFSSEIIG,2,1,3.5,71.33
CYLATALLTLQQIEL,1,0,1.2,169.33
PSIISNEKQEILGTVS,2,1,>20,115.62
PDEDEEEGDCEEEEFE,2,0,>20,0.0
DVENPHLMGWDYPKC,3,1,1.1,45.33
TQDHVDILGPLSAQT,2,0,7.2,104.0
FITDAQTGSSKCVCSVID,2,1,1.1,81.11
TIVEVQPQLEMELTP,3,0,7.2,116.67
EAVMYMGTLSYEQFKK,2,2,1,48.75
MTWLDMVDTSLSGFKL,2,1,30,91.25
GLYKNTCVGSDNVT,1,1,30,69.29
DVTDVTQLYLGGMSY,2,0,1.1,90.67
LGDELGTDPYEDFQ,5,0,5.5,55.71
RCSFYEDFLEYHDVR,4,2,1,45.33
RKYKGIKIQEGVVDYG,2,4,1,85.0
QYEYGTEDDYQGKPLE,5,1,0.8,24.38
LKEGQINDMILSLLS,2,1,5.5,156.0
LLNKHIDAYKTFPPTE,2,2,5.5,79.38
AFVVFLLVTLAILTA,0,0,4.4,208.0
QYIDIGNYTVSCLPF,1,0,0.8,97.33
ASQSIIAYTMSLGAEN,1,0,4.4,91.88
AALQIPFAMQMAYRFNGIGVTQNVL,0,1,4.4,101.6
GIGVTQNVLYEN,1,0,30,113.33
LYRKCVKSREETGLL,2,4,5.5,97.33
KPGGTSSGDATTAYAN,1,1,1.3,18.75
ELGVVHNQDVNLHSS,2,0,1,110.0
EAGSKSPIQYID,2,1,1,73.33
GDELGTDPYEDFQENW,6,0,30,24.38
WFLNRFTTTLNDFNLV,1,1,2.8,91.25
EAGLPYGANKDGIIWV,2,1,1,103.75
KLTCATTRQVVNVVTT,0,2,1.3,103.12
LVKPSFYVYSRVKNLNSSRVPDL,1,4,5.5,101.3
PLVRKIFVDGVPFVV,1,2,>20,148.67
LDSKVGGNYNYLYRLF,1,2,5.5,91.25
ANNSLKITEEVGHTD,3,1,4.4,78.0
ITPVHVMSKHTDFSS,1,1,20,64.67
CTEVPVAIHADQLTPTWRVYSTGSN,2,1,1.2,74.0
ALLTKSSEYKGPITDV,2,2,4.4,97.5
EVVENPTIQKDVLEC,4,1,1,110.0
EYYHTTDPSFLGRYMS,2,1,1,24.38
GRYMSALNHTKKWKYPQV,0,4,30,43.33
FNKKDWYDFVENPDIL,4,2,1.1,66.88
QQWGFTGNLQSNHDL,1,0,0.8,52.0
FKEELDKYFKNH,3,3,1.1,32.5
GIYQTSNFRVQPTESI,1,1,30,66.88
KFLPFQQF,0,1,1.3,48.75
ISRQRLTKYTMADLV,1,3,20,104.0
SEDNQTTTIQTIVEV,3,0,1.9,90.67
KLEKMADQAMTQMYK,2,3,1.3,39.33
EIIGYKAIDGGVTRDI,3,2,1,121.88
LNISDEFSSNVANYQK,2,1,5.5,73.12
VVLSFELLHAPA,1,0,100,162.5
SLGAENSVAYSN,1,0,1.9,73.33
MSKHTDFSSEIIGYK,2,2,30,52.0
SYYKLGASQRVAGDSG,1,2,1.9,55.0
QELIRQGTDYKHWPQ,2,2,0.8,52.0
KKDWYDFVENPDILRV,4,3,1.3,85.0
TGVHAGTDLEGNFYG,2,0,7.2,52.0
KPFERDISTEIYQAGSTPCNGVEGF,4,2,1.3,46.8
IIKTIQPRVEKKKLDG,2,5,20,115.62
YLAVFDKNLYDKLVSS,2,2,2.8,115.62
RSKQRRPQGLPNNTA,0,4,1,32.67
IIRGWIFGTTLDSKT,1,2,20,104.0
EESSAKSASVYYSQL,2,1,1,58.67
LIRQGTDYKHWPQIAQFAPS,1,2,5.5,68.5
IFGTTLDSKTQS,1,1,20,65.0
FTSDLATNNLVVMAY,1,0,1.1,104.0
VYRGTTTYKLNVGDY,1,2,100,64.67
HTDLMAAYVDNSSLTI,2,0,3.5,103.75
PNLAWPLIVTALRAN,0,1,>20,143.33
LLLDDFVEIIKSQDLS,4,1,5.5,164.37
TKFLTENLLLYIDIN,2,1,7.2,156.0
VLGLAAIMQLFFSYF,0,0,100,136.67
ILGAGCFVDDIVKTDG,3,1,20,115.62
GSVAYESLRPDTRYVL,2,2,30,91.25
VRQIAPGQTGKIADYNYKLPDDFTGCVIAW,3,3,100,81.33
YGIATVREVLSDRELH,3,2,2.8,115.62
EASFNYLKSPNFSKLI,1,2,1,79.38
PSYCTGYREGYLNST,1,1,>20,26.0
LIDAMMFTSDLATNN,2,0,5.5,91.33
RALTGIAVEQDKNTQEVFAQV,3,2,1,92.86
TKAYNVTQAFGRRGP,0,3,7.2,32.67
LDGVVCTEIDPKLDN,4,1,5.5,116.67
CTFTRSTNSRIKASMP,0,3,1.2,30.63
GGSVAIKITEHSWNA,1,1,30,84.67
GELGDVRETMSYLFQH,3,1,30,66.88
KHSSGVTRELMRELN,2,3,1.3,71.33
YFKYWDQTYHPNCVNC,1,1,2.8,18.12
QKFNGLTVLPPLLTD,1,1,0.8,123.33
PSKPSKRSFIEDLLF,2,3,>20,78.0
PANNAAIVLQLPQGT,0,0,>20,117.33
ASQSIIAYTMSLGAE,1,0,4.4,98.0
GCVIAWNSNNLDSKVGGNYNYLYR,1,2,30,77.08
TGSNQNGERSGARSK,1,3,7.2,6.67
IKFADDLNQLTGYKKP,2,3,20,79.38
EQDKNTQEVFAQVKQ,3,2,1,45.33
KTKNVTKENDSKEGFF,3,4,1.3,18.12
KGVLPQLEQPYVFIKR,1,3,1.3,109.38
VDKYFDCYDGGCINAN,3,1,100,48.75
LREMLAHAEETRKLMP,3,3,5.5,85.62
YMNSQGLLPPKNSIDA,1,1,2.8,79.38
QPLPQRQKKQPTVTLLPAADM,1,3,0.8,79.05
RSVASQSIIAYT,0,1,1,105.83
LPINVIVFDGKSKCE,2,2,5.5,116.67
PLSETKCTLKSFTVE,2,2,>20,71.33
KKKLDGFMGRIRSVY,1,5,1.3,71.33
KNVSLDNVLSTFISA,1,1,1.3,123.33
AYNVTQAFGRRGPEQT,1,2,4.4,30.63
FVNLDNLRANNTKGSL,1,2,1.1,97.5
KGYHLMSFPQSAPHG,0,1,1.3,32.67
QRKLEKMADQAMTQM,2,3,0.8,39.33
TYEGNSPFHPLADNKF,2,1,7.2,30.63
ILKPANNSLKITEEV,2,2,20,130.0
LTSHTVMPLSAPTLVP,0,0,5.5,115.62
NVVTTKIALKGGKIV,0,3,1.4,142.67
NAAIVLQLPQGTTLPK,0,1,1.4,128.12
CCKFDEDDSEPVLKGV,5,2,1.2,60.62
NHTGVVGEGSEGLND,3,0,1.4,64.67
PSARIVYTACSHAAVD,1,1,>20,85.62
SVYYTSNPTTFHLDG,1,0,1.9,45.33
DYCIPYNSVTSSIVI,1,0,1.1,116.67
VAKNLNESLIDLQELG,3,1,100,146.25
CLKGCCSCGSCCKFD,1,2,1.2,26.0
ACIDCSARHINAQVA,1,1,4.4,98.0
EYTDFATSACVLAAE,3,0,1,72.0
SCTQHQPYVVDDPCP,2,0,1.9,38.67
PISEHDYQIGGYTEKW,3,1,>20,48.75
CGTGTSTDVVYRAFD,2,1,1.2,45.33
SSTFNVPMEKLKTLVA,1,2,1.9,91.25
DVLVRGFGDSVEEVLS,4,1,1.1,121.25
TNSPRRARSVASQSII,0,3,7.2,79.38
GLLMPLKAPKEIIFL,1,2,30,162.67
NINLHTQVVDMSMTY,1,0,1.4,90.67
LEDFIPMDSTVKNYFI,3,1,5.5,91.25
LKTLVATAEAELAKN,2,2,5.5,124.0
FCGVDAVNLLTNMFTP,1,0,1.1,91.25
AAEASKKPRQKRTATKAYNV,1,6,4.4,39.5
RVKNLNSSRVPDLLV,1,3,1,136.0
RKVPTDNYITTYPGQG,1,2,1,42.5
FGDDTVIEVQGYKSVN,3,1,1.1,78.75
QDLFLPFFSNVTWFH,1,0,0.8,71.33
IPTKKAGGTTEMLAKA,1,3,20,67.5
DFCGKGYHLMSFPQSA,1,1,1.1,30.63
KEPCSSGTYEGNSPFHP,2,1,1.3,0.0
DDKKIKACVEEV,4,3,1.1,89.17
YPTLNISDEFSSNVAN,2,0,2.8,73.12
YYHKNNKSWMESEFRVYSSA,2,3,2.8,19.5
LHRSYLTPGDSSSGWTAGAA,1,1,5.5,54.0
VYANGGKGFCKLHNW,0,2,100,52.0
VYKVYYGNALDQAISM,1,1,100,97.5
LREVRTIKVFTTVDN,2,3,5.5,110.0
AGALNKATNNAMQVE,1,1,4.4,72.0
SLGAENSVAYSNNSIA,1,0,1.9,85.62
YYQLYSTQLSTDTGVE,2,0,2.8,66.88
NRALTGIAVEQDKNTQ,2,2,1.4,79.38
EFLKRGDKSVYYTSN,2,3,1,45.33
DKDPNFKDQVILLNKHIDAY,4,3,1.1,97.5
LKSEDAQGMDNLACED,5,1,5.5,61.25
RAGCLIGAEHVNNSYE,2,1,1,79.38
KNTCVGSDNVTDFNA,2,1,1.3,45.33
AWNSNNLDSKVG,1,1,4.4,65.0
QGTDYKHWPQIAQFAP,1,1,0.8,36.88
HQKLLKSIAATRGATV,0,3,3.5,110.0
DSQQTVGQQDGS,2,0,1.1,24.17
VKSREETGLLMPLKAP,2,3,100,97.5
LTSIKWADNNCYLATA,1,1,5.5,91.88
MAGNGGDAALALLLL,1,0,30,156.67
GTITSGWTFGAGAALQIPFAMQMAYRFNGIGVTQNVLYENQKLIANQF,1,2,30,81.46
LKTLATHGLAAVNSVP,0,1,5.5,128.12
TQTVDSSQGSEYDYV,3,0,7.2,38.67
SSRGTSPARMAGNGGDAALALLLLDRLNQLESKMSGKGQ,3,5,1.9,82.82
FYPKLQSSQAWQPGVA,0,1,1.1,55.0
NKLKAHKDKSAQCFKM,1,5,1.4,36.88
VVNIQKEIDRLNEVAKNLNE,4,3,100,126.5
GQQQQGQTVTKKSAA,0,2,30,32.67
HVVAFNTLLFLMSFT,0,0,3.5,123.33
PQGFSALEPLVDLPI,2,0,>20,130.0
PGQGLNGYTVEEAKT,2,1,>20,52.0
CSFYEDFLEYHDVRV,4,1,1.2,64.67
FSNYQHEETIYNLLKD,3,1,1.1,73.12
NSYECDIPIGAGICAS,2,0,1.4,85.62
PIKDFGGFNFSQILPDPS,2,1,>20,65.0
TVEKGIYQTSNFRVQ,1,2,7.2,64.67
VVNPVMEPIYDEPTT,3,0,100,84.0
CVEEVTTTLEETKF,4,1,1.2,69.29
GSALLEDEFTPFDVVR,4,1,30,91.25
NNSIAIPINFTISVT,0,0,1.4,130.0
HFGAGSDKGVAPGTA,1,1,3.5,39.33
PIQLSSYSLFDMSKF,1,1,>20,78.0
LGKPREQIDGYVMHA,2,2,5.5,78.0
IFTQTTETAHSCNV,1,0,20,55.71
DSATLPKGIMMNVAKY,1,2,1.1,79.38
RRATCFSTASDT,1,2,1,16.67
AKPFLNKVVSTTTNIV,0,2,4.4,109.38
GAGAALQIPFAMQMA,0,0,30,85.33
GYLTSSSKTPEEHFI,2,1,30,52.0
ELEDFIPMDSTVKNYF,4,1,1,66.88
ILLNKHIDAYKTFPPT,1,2,20,103.75
QGAVDINKLCEEMLD,4,1,0.8,104.0
PLIAAVITREVGFVV,1,1,>20,168.67
ATVCGPKKSTNLVKNK,0,4,4.4,66.88
TFGGPSDSTGSNQNGE,2,0,7.2,0.0
SVLACYNGSPSGVYQ,0,0,1.9,71.33
NVIVFDGKSKCEESSA,3,2,1.4,66.88
TKENDSKEGFFTYIC,3,2,7.2,26.0
CSVIDLLLDDFVEII,4,0,1.2,194.67
LKGVEAVMYMGTLSY,1,1,5.5,97.33
NNAAIVLQLPQGTTLPKGFYAEGSRG,1,2,1.4,82.69
LEIPRRNVATLQAENV,2,2,5.5,121.88
QTGKIADYNYKLPDDF,3,2,0.8,55.0
PNFKDQVILLNKHID,2,2,>20,123.33
ALDQAISMWALIISV,1,0,4.4,169.33
NGSCGSVGFNIDYDCV,2,0,1.4,60.62
TIYTELEPPCRFVTD,3,1,7.2,71.33
DFSNSGSDVLYQPPQT,2,0,1.1,42.5
WNVVRIKIVQMLSDT,1,2,2.8,136.0
CFVKRVDWTIEYPII,2,2,1.2,116.67
IVITSGDGTTSPISEH,2,0,20,91.25
ALTAESHVDTDLTKP,3,1,4.4,84.67
ATSAALQPEEEQEEDW,6,0,4.4,43.12
GSLPINVIVFDGKSKC,1,2,30,109.38
GCDVTDVTQLYLGG,2,0,30,97.14
TYASALWEIQQVVDA,2,0,7.2,110.67
QLESKMSGKGQQQQGQ,1,2,0.8,24.38
KFVCDNIKFADDLNQL,3,2,1.3,97.5
TIGVCSMTDIAKKPT,1,2,7.2,78.0
IKDTEKYCALAPNMMV,2,2,20,79.38
QNAQALNTLVKQLSSN,0,1,0.8,103.75
SLSEQLRKQIRSAAK,1,4,1.9,91.33
DGVPFVVSTGYHFRE,2,1,1.1,58.0
DTEKYCALAPNMMV,2,1,1.1,62.86
GCNYLGKPREQIDGY,2,2,30,52.0
TLKGGAPTKVTFGDDT,2,2,7.2,48.75
NVFMSEAKCWTETDLT,3,1,1.4,48.75
SYVHVVDGCNSSTCM,1,0,1.9,58.0
CQAVTANVNALLSTDG,1,0,1.2,103.75
ADTTDAVRDPQT,3,1,4.4,40.83
CSVCLSGLDSLDTYPS,2,0,1.2,91.25
KRSFIEDLLFNKVT,2,3,1.3,104.29
TDAVRDPQTLEILDIT,4,1,7.2,121.88
VSEETGTLIVNSVLL,2,0,100,162.0
VETVKGLDYKAFKQI,2,3,100,97.33
SWMESEFRVYSS,2,1,1.9,24.17
LLGVGGKPCIKVATVQ,0,2,5.5,133.75
RTATKAYNVTQAFGRR,0,4,1,36.88
DLQDLKWARFPKSDGT,3,3,1.1,55.0
NSNNLDSKVGGNYNYL,1,1,1.4,66.88
VYSDVENPHLMGWDYP,3,0,100,60.62
LFENKTTLPVNVAFE,2,1,5.5,97.33
NITNLCPFGEVFNATRFASVYAWNRK,1,3,1.4,63.85
LKEILVTYNCCDDDY,4,1,5.5,97.33
GSNQNGERSGAR,1,2,30,8.33
CDHCGETSWQTGDF,3,0,1.2,0.0
EAVGTNLPLQLGFST,1,0,1,104.0
ALQDAYYRARAGEAA,2,2,4.4,66.0
NCLDDRCILHCANFN,2,1,1.4,84.67
STPCNGVEGFNC,1,0,1.9,24.17
VNSFSGYLKLTDNVYI,1,1,100,109.38
VVLHSYFTSDYYQLY,1,0,100,90.67
VAGALNKATNNAMQVE,1,1,100,85.62
LNNIINNARDGCVPLN,1,1,5.5,121.88
STGSNVFQTRAG,0,1,1.9,32.5
VDTVRTNVYLAVFDK,2,2,100,110.0
GLPYGANKDGIIWVAT,1,1,30,103.75
APATVCGPKKSTNLVK,0,3,4.4,73.12
QLLFVVEVVDKYFDC,3,1,0.8,129.33
PGNFNKDFYDFAVSKG,2,2,>20,24.38
QRKQDDKKIKACVEE,4,5,0.8,52.0
SYGFQPTNGVGYQPYR,0,1,1.9,18.12
KYDFTEERLKLFDRYF,4,4,1.3,48.75
LDSFKEELDKYF,4,2,5.5,65.0
PPALQDAYYRARAGE,2,2,>20,52.67
DIILKPANNSLKITE,2,2,1.1,136.67
SIFSRTLETAQN,1,1,1.9,73.33
PAQEKNFTTAPAICH,1,1,>20,46.0
HLGRCDIKDLPKEIT,3,3,3.5,104.0
LVPNQPYPNASFDNF,1,0,5.5,52.0
NGIGVTQNVLYENQK,1,1,1.4,90.67
LLNKHIDAYKTFPPT,1,2,5.5,84.67
GASQRVAGDSGFAAYS,1,1,30,43.12
ELWAKRNIKPVPEVKI,2,4,1,115.62
IDFLELAMDEFIERYK,5,2,20,103.75
ELGTDPYEDFQENWN,5,0,1,26.0
EAPLVGTPVCINGLML,1,0,1,140.0
KLNTDHSSSSDNIALL,2,1,1.3,103.75
QLGIEFLKRGDKSVYY,2,3,0.8,91.25
INNTVYTKVDGVDVEL,3,1,20,121.25
IVTCAKEIKESVQTF,2,2,20,97.33
VYYGNALDQAISMWAL,1,0,100,110.0
CIKVATVQSKMSDVKC,1,3,1.2,85.0
VTLLPAADLDDFSKQL,3,1,100,128.12
IYQAGSTPCNGVEGFNCYFPLQSY,1,0,20,48.75
LKSIAATRGATVVIG,0,2,5.5,136.67
VMVTIMLCCMTSCCS,0,0,100,90.67
LWAHGFELTSMKYFV,1,1,5.5,78.0
PRTLLTKGTLEPEYF,2,2,>20,78.0
NTPKDHIGTRNPANNA,1,2,1.4,36.88
YSRVKNLNSSRVPDL,1,3,2.8,90.67
KQIYKTPPIKDFGGFNFSQI,1,3,1.3,58.5
ATKAYNVTQAFGRRG,0,3,4.4,39.33
QGNFGDQELIRQGTD,3,1,0.8,52.0
DFGGFNFSQILPDPS,2,0,1.1,52.0
RTFLLKYNENGTITD,2,2,1,78.0
YNCCDDDYFNKKDWYD,5,2,2.8,0.0
EMKSEKQVEQKIAEI,4,3,1,78.0
ALIWNVKDFMSLSEQ,2,1,4.4,104.0
YKSVNITFELDERID,4,2,2.8,97.33
GCVIAWNSNNLD,1,0,30,97.5
TGVLTESNKKFLPFQQFGRD,2,3,7.2,53.5
MQKYSTLQGPPGTGKS,0,2,30,24.38
AGLIAIVMVTIMLCC,0,0,4.4,182.0
GTLLVDSDLNDFVSDA,4,0,30,115.62
LGVYDYLVSTQEFRY,2,1,5.5,90.67
STDVVYRAFDIYNDKV,3,2,1.9,85.0
QQDGSEDNQTTTIQT,3,0,0.8,26.0
KQGEIKDATPSDFVRA,3,3,1.3,55.0
NNIINNARDGCVPLNI,1,1,1.4,121.88
RNPANNAAIVLQLPQG,0,1,1,110.0
IGAGICASYQTQTNSP,0,0,20,61.25
SQLMCQPILLLDQAL,1,0,1.9,162.67
TPLIQPIGALDISAS,1,0,7.2,143.33
ITTYPGQGLNGYTVE,1,0,20,71.33
IIGYKAIDGGVTRDI,2,2,20,130.0
VSDIDITFLKKDAPYI,3,2,100,121.88
LNESLIDLQELGKYEQ,4,1,5.5,121.88
YREAACCHLAKALNDF,2,2,2.8,73.75
YVKPGGTSSGDATTA,1,1,2.8,32.67
FGATSAALQPEEEQE,4,0,1.1,46.0
DEDEEEGDCEEEEFE,2,0,1.1,0.0
AYPLTKHPNQEYADV,2,1,4.4,58.67
PRITFGGPSDSTGSNQ,1,1,>20,24.38
SVASQSIIAYTMSLGA,0,0,1.9,110.0
PFLGVYYHKNNKSWME,1,2,>20,42.5
CYFPLQSYGFQPTNGV,0,0,1.2,42.5
VASQSIIAYTMS,0,0,100,105.83
LQSINFVRIIMRLWL,0,2,5.5,175.33
CEEMLDNRATLQAIAS,3,1,1.2,91.88
IVTCAKEIKESVQTFF,2,2,20,91.25
LKLFDRYFKYWDQTY,2,3,5.5,52.0
DSVEEVLSEARQHLKD,5,2,1.1,91.25
VGEIPVAYRKVL,1,2,100,145.83
VTLADAGFIKQYGDCLGDIA,3,1,100,107.5
SFSGYLKLTDNVYIKN,1,2,1.9,91.25
LLLQYGSFCTQL,0,0,5.5,130.0
HTPAFDKSAFVNLKQL,1,2,3.5,79.38
MEPIYDEPTTTTSVPL,3,0,30,66.88
LPFNDGVYFASTEKSN,2,1,5.5,48.75
ADYNYKLPDDFTGCV,3,1,4.4,52.0
LKGKYVQIPTTCANDP,1,2,5.5,73.12
EKQVEQKIAEIPKEE,5,3,1,78.0
LLPLTQYNRYLALYN,0,1,5.5,136.67
GDEVRQIAPGQTGKIADY,3,2,30,70.56
AMDEFIERYKLEGY,4,2,4.4,62.86
RPDTRYVLMDGSIIQF,2,2,1,91.25
LIGAEHVNNSYECDIPIGAGICASYQTQTNSPRRAR,3,3,5.5,73.33
LSSYSLFDMSKFPLKL,1,2,5.5,97.5
LSDRVVFVLWAHGFE,2,1,5.5,116.67
YYKKVDGVVQQLPETY,2,2,2.8,78.75
DATPSDFVRATATIPI,2,1,1.1,85.62
DEDDSEPVLKGVKLHY,5,2,1.1,85.0
HEIAWYTERSEKSY,3,2,3.5,35.0
DFGGFNFSQILPDPSK,2,1,1.1,48.75
TRRIRGGDGKMKDLS,2,5,7.2,52.0
WLDDDSQQTVGQQDGS,4,0,2.8,42.5
AFHQECSLQSCTQHQP,1,0,4.4,30.63
LDNLRANNTKGSLPI,1,2,5.5,110.67
IAVEQDKNTQEV,3,1,20,89.17
VYIGDPAQLPAPRTLL,1,1,100,128.12
QYGDCLGDIAARDLICAQKF,3,2,0.8,93.0
ILAYCNKTVGELGDVR,2,2,20,115.62
AHAEETRKLMPVCVE,3,2,4.4,78.0
KFYDAQPCSDKAYKIE,3,3,1.3,36.88
KMAFPSGKVEGCMVQV,1,2,1.3,60.62
GRIRSVYPVASPNEC,1,2,30,71.33
IGAGICASYQTQ,0,0,20,81.67
MKDLSPRWYFYYLGTGPEAG,2,2,30,44.0
NATNKATYKPNTWCIR,0,3,1.4,36.88
LPDPSKPSKRSF,1,3,5.5,32.5
GAEHVNNSYECDIPIG,3,0,30,73.12
CHDGKAHFPREGVFVSNGTHWFVTQRNFYE,3,3,1.2,32.33
DTTDAVRDPQTLEILDITPCSF,5,1,1.1,88.64
QASSRSSSRSRNSSRNSTPG,0,4,0.8,5.0
GTGVLTESNKKFLPFQQFGRDIADTTDAVRDPQTLEILDITP,7,4,30,83.57
SVSSPDAVTAYNGYL,1,0,1.9,78.0
MNLKYAISAKNRART,0,4,30,72.0
LSDRELHLSWEVGKP,3,2,5.5,97.33
GQVDLFRNARNGVLIT,1,2,30,115.62
KSNIIRGWIFGTTLD,1,2,1.3,104.0
ATPSDFVRATATIPIQ,1,1,4.4,85.62
LLEDEFTPFDVVRQCS,4,1,5.5,85.0
LYCIDGALLTKSSE,2,1,5.5,118.57
NLHSSRLSFKELLVY,1,2,1.4,123.33
AWWTAFVTNVNASSS,0,0,4.4,58.67
ACHNSEVGPEHSLAE,3,0,4.4,58.67
AEYHNESGLKTILRKG,2,3,4.4,79.38
QTIVEVQPQLEM,2,0,0.8,113.33
FAYANRNRFLYIIKL,0,3,1.1,117.33
LSLLSKGRLIIRENN,1,3,5.5,156.0
TVYTKVDGVDVELFE,4,1,7.2,103.33
GGSLYVKPGGTSSGDA,1,1,30,48.75
LSVDTKFKTEGLCVD,3,2,5.5,90.67
LDDFSKQLQQSMSSA,2,1,5.5,58.67
PFGEVFNATRFASVYAWNRKRI,1,4,>20,57.73
SDTLKNLSDRVVFVL,2,2,1.9,136.0
RYFKYWDQTYHPNCVN,1,2,1,18.12
PFNKWGKARLYYDSMS,1,3,>20,30.63
QLSSYSLFDMSKFPLK,1,2,0.8,73.12
YMNSQGLLPPKNSID,1,1,2.8,78.0
VAYSNNSIAIPTNFT,0,0,100,84.67
GCCSCGSCCKFDEDDS,4,1,30,0.0
SAPTLVPQEHYVRITG,1,1,1.9,91.25
LTSSSKTPEEHFIETI,3,1,5.5,73.12
VFCGVDAVNLLTNMFT,1,0,100,109.38
IVNNLDKSAGFPFNK,1,2,20,78.0
LVEVEKGVLPQLEQPY,3,1,5.5,127.5
VAVPTGYVDTPNNTDF,2,0,100,60.62
IRAAEIRASANLAAT,1,2,20,118.0
GIAVLDMCASLKELLQ,2,1,30,152.5
LVKNKCVNFNFNGLTG,0,2,5.5,85.0
IKASMPTTIAKNTVK,0,3,20,84.67
LKINAACRKVQHMVV,0,3,5.5,123.33
TESIVRFPNITNLCP,1,1,7.2,97.33
DDTVIEVQGYKSVNIT,3,1,1.1,103.12
LDMYSVMLTNDNTSR,2,1,5.5,71.33
SLLLCRMNSRNYIA,0,2,1.9,118.57
FDKNLYDKLVSSFLE,3,2,1.1,97.33
KQVVSDIDYVPLKSAT,2,2,1.3,109.38
EVEKGVLPQLEQPYVF,3,1,1,103.12
IEDLLFNKVTLADAGF,3,1,20,128.12
MFVFLVLLPLVS,0,0,30,202.5
VDTPNNTDFSRVSAK,2,2,100,45.33
GTEDDYQGKPLEFGA,4,1,30,32.67
FGRDIADTTDAVRDP,4,2,1.1,58.67
EYPIIGDELKINAACR,3,2,1,110.0
LESKMSGKGQQQQGQTVTKKS,1,4,5.5,32.38
TTRTQLPPAYTN,0,1,7.2,40.83
VAMKYNYEPLTQDHVD,3,1,100,66.88
GNPKAIKCVPQADVE,2,2,30,78.0
IAYTMSLGAENSVAYS,1,0,20,85.62
TLVSDIDITFLKKDAP,3,2,7.2,121.88
DILSRLDKVEAEVQI,4,2,1.1,149.33
TNPIQLSSYSLFDMSK,1,1,7.2,73.12
LFDRYFKYWDQTYHP,2,2,5.5,26.0
PFQQFGRDIADTTDAV,3,1,>20,55.0
KSNIIRGWIFGT,0,2,1.3,97.5
GSDNVTDFNAIATCDW,3,0,30,55.0
ECDIPIGAGICASYQT,2,0,1,85.62
CDDDYFNKKDWYDFV,5,2,1.2,19.33
VVYRGTTTYKLNVGD,1,2,100,84.0
GSCGSVGFNIDYDCV,2,0,30,64.67
SFVSEETGTLIVNSV,2,0,1.9,110.0
IKWDLLKYDFTEERL,4,3,20,104.0
VVNARLRAKHYVYIGD,1,3,100,115.62
APAICHDGKAHFPREG,2,2,4.4,43.12
VAEWFLAYILFTRFF,1,1,100,110.67
LTTAAKLMVVIPDYN,1,1,5.5,130.0
SRGGSQASSRSSSRS,0,3,1.9,6.67
EGDCEEEEFEPSTQYE,8,0,1,0.0
PLSETKCTLKSFTVEKGIYQTS,2,3,>20,66.36
FKNIDGYFKIYSKHTPINLV,1,3,1.1,92.5
SIAIPTNFTISVTTEI,1,0,1.9,121.88
LQQSMSSADSTQA,1,0,5.5,45.38
CVDIPGIPKDMTYRR,2,3,1.2,71.33
LKSIAATRGATVVIGT,0,2,5.5,128.12
GSLVVRCSFYEDFLE,3,1,30,90.67
CRMNSRNYIAQV,0,2,1.2,65.0
DDKKIKACVEEVTTTL,4,3,1.1,91.25
NIQKEIDRLNEV,3,2,1.4,121.67
RPQGLPNNTASWFTALTQHG,0,1,1,49.0
PFNDGVYFASTE,2,0,>20,32.5
LEPLVDLPIGIN,2,0,5.5,186.67
WVMRIMTWLDMV,1,1,2.8,113.33
ELDSFKEELDKYFKNH,5,3,1,48.75
QQSMSSADSTQA,1,0,0.8,16.67
CTIFKDASGKPVPYCY,1,2,1.2,48.75
LNTDHSSSSDNIALLV,2,0,5.5,121.88
NLDNLRANNTKGSLPI,1,2,1.4,103.75
PTNFTISVTTEILPV,1,0,>20,116.67
HVNNSYECDIPI,2,0,3.5,89.17
YDFAVSKGFFKEGSS,2,2,2.8,26.0
KGVITHDVSSAINRP,1,2,1.3,97.33
TVCGPKKSTNLVKNKC,0,4,7.2,60.62
ELYHYQECVRGTTVL,2,1,1,90.67
GVTRELMRELNGGAYT,2,2,30,73.12
NTQEVFAQVKQI,1,1,1.4,89.17
KYNENGTITDAVDCAL,3,1,1.3,79.38
FITREEAIRHVRAWI,2,3,1.1,110.67
NNATNVVIKVCE,1,1,1.4,113.33
HGKEDLKFPRGQGVPI,2,3,3.5,66.88
YYQNNVFMSEAKCWTE,2,1,2.8,24.38
LADKFPVLHDIGNPKAIKCVP,2,3,5.5,111.43
DDYFNKKDWYDFVEN,5,2,1.1,19.33
GSLYVKPGGTSSGDAT,1,1,30,48.75
NLLEILQKEKVNIN,2,2,1.4,160.0
YQTSNFRVQPTESIV,1,1,2.8,64.67
GGDGKMKDLSPRWYF,2,3,30,26.0
GAISSVLNDILSRLD,2,1,30,156.0
SNFRVQPTESIVRFPN,1,2,1.9,60.62
MISAGFSLWVYKQFD,1,1,30,78.0
DLKFPRGQGVPINTNS,1,2,1.1,66.88
CKDGHVETFYPKLQSS,2,2,1.2,42.5
TGQAITVTPEANMDQE,3,0,7.2,55.0
YDPLQPELDSFKEEL,5,1,2.8,78.0
QQQQGQTVTKKSAAEA,1,2,0.8,36.88
KRPINPTDQSSYIVD,2,2,1.3,71.33
SNFRVQPTESIVRFP,1,2,1.9,64.67
AVVIPTKKAGGTTEML,1,2,4.4,97.5
RHVRAWIGFDVEGCH,2,2,1,71.33
YSDVENPHLMGWDYPK,3,1,2.8,42.5
LFVVEVVDKYFDCYD,4,1,5.5,103.33
HADQLTPTWRVYSTGS,1,1,3.5,48.75
AYYVGYLQPRTFLLKYNENG,1,2,4.4,78.0
RTQLPPAYTNSFTRG,0,2,1,32.67
CVCSVIDLLLDDFVE,4,0,1.2,162.0
SVMLTNDNTSRYWEP,2,1,1.9,45.33
CTQLNRALTGIAVEQ,1,1,1.2,110.67
FDTRVLSNLNLPGCD,2,1,1.1,97.33
ISEHDYQIGGYTEKW,3,1,20,52.0
EKDEDDNLIDSYFVV,6,1,1,90.67
ILPDPSKPSKRSFIED,3,3,20,73.12
PIYDEPTTTTSVPL,2,0,>20,76.43
YIRVGARKSAPLIEL,1,3,2.8,136.67
TGDLQPLEQPTSEAVEAPLV,4,0,7.2,97.5
SFKELLVYAADPAMHA,2,1,1.9,91.88
AGCLIGAEHVNNSYEC,2,0,4.4,79.38
HTDLMAAYVDNSSLT,2,0,3.5,84.67
CDWTNAGDYILANTC,2,0,1.2,65.33
TREVGFVVPGLPGTIL,1,1,7.2,127.5
LCQYLNTLTLAVPYN,0,0,5.5,130.0
VATEGALNTPKDHIGTRNPA,2,2,100,68.5
PFERDISTEIYQ,3,1,>20,65.0
IEDLLFNKVTLA,2,1,20,162.5
ETLPTEVLTEEVVLKT,4,1,1,127.5
KLDNDALNNIINNARD,3,2,1.3,110.0
SSRSSSRSRNSSRNST,0,4,1.9,0.0
FGRRGPEQTQGNFGDQ,2,2,1.1,0.0
GFIKQYGDCLGDIAARDLICAQKFNGLTVL,3,3,30,110.67
GWIFGTTLDSKTQSL,1,1,30,78.0
LKATEETFKLSYGIA,2,2,5.5,91.33
ILLAKDTTEAFEKMV,3,2,20,110.67
GTGPEAGLPYGANKDG,2,1,30,36.88
TSRYWEPEFYEAMYT,3,1,7.2,6.67
CCKFDEDDSEPV,5,1,1.2,24.17
GIAVEQDKNTQEVFAQVK,3,2,30,81.11
NGSPSGVYQCAMRPN,0,1,1.4,26.0
EIRASANLAATKMSEC,2,2,1,73.75
LVKNKCVNFNFNGLTGTGVLTE,1,2,5.5,92.73
CCSCGSCCKFDEDDS,4,1,1.2,0.0
GLTVLPPLLTDEMIA,2,0,30,156.0
DKSAFVNLKQLPFFYY,1,2,1.1,73.12
VYSSANNCTFEYVSQP,1,0,100,42.5
EPEEHVQIHTIDGSS,4,0,1,71.33
NVYADSFVIRGDEVRQIAPG,3,2,1.4,92.5
TLSEQLDFIDTKRGVY,3,2,7.2,91.25
RGGSQASSRSSSRSRN,0,4,1,6.25
QDAYYRARAGEAANF,2,2,0.8,33.33
SEFRVYSSANNCTFE,2,1,1.9,26.0
STLQGPPGTGKSHF,0,1,1.9,27.86
YDSMSYEDQDALFAY,4,0,2.8,39.33
VIKTLQPVSELLTPLG,1,1,100,158.12
SFKEELDKYFKN,3,3,1.9,32.5
SGVVNPVMEPIYDEP,3,0,1.9,84.0
LPIGINITRFQTLLA,0,1,5.5,162.67
TENKYSQLDEEQPMEI,5,1,7.2,48.75
IKWPWYIWLGFIAGL,0,1,20,136.67
YTKVDGVDVELFENK,4,2,2.8,84.0
KRVDFCGKGYHL,1,3,1.3,56.67
EGFNCYFPLQSYGFQ,1,0,1,26.0
TRCLNRVCTNYMPYF,0,2,7.2,45.33
PVVQTIEVNSFSGYL,1,0,>20,110.0
YLNSTNVTIATYCTGS,0,0,2.8,73.12
AFHQECSLQSCT,1,0,4.4,40.83
SWNADLYKLMGHFAWW,1,1,1.9,61.25
NSAIGKIQDSLSSTA,1,1,1.4,91.33
VTKKSAAEASKKPRQK,1,6,100,36.88
KRSDARTAPHGHVMV,1,3,1.3,52.0
DVLKSEDAQGMDNLAC,4,1,1.1,79.38
IVCRFDTRVLSNLNL,1,2,20,142.67
GIIWVATEGALNTPKD,2,1,30,103.75
IPVAYRKVLLRKNGNK,0,5,20,115.62
DGVDVELFENKTTLPV,4,1,1.1,103.12
LTKEGATTCGYLPQNA,1,1,5.5,61.25
YPNMFITREEAIRHV,2,2,2.8,78.0
LPQGTTLPKGFY,0,1,5.5,65.0
SLSGFKLKDCVMYASA,1,2,1.9,79.38
CRSKNPLLYDANYFL,1,2,1.2,84.67
PINTNSSPDDQIGYYR,2,1,>20,48.75
AVRDPQTLEILDITP,3,1,4.4,130.0
NQPYPNASFDNFKFVC,1,1,1.4,24.38
SSRGTSPARMAGNGG,0,2,1.9,13.33
TEVNEFACVVADAVI,3,0,7.2,123.33
FSTGVNLVAVPTGYV,0,0,1.1,110.0
MLAHAEETRKLMPVC,2,2,30,84.67
SKSPIQYIDIGNYTVS,1,1,1.9,91.25
YVNKHAFHTPAFDKSA,1,2,2.8,36.88
CVIAWNSNNLDSKVGGNYNYLYRLFRKSNL,1,4,1.2,87.67
TLLPAADLDDFSKQL,3,1,7.2,117.33
KEEVKPFITESKPSVE,4,3,1.3,60.62
WKGYGCSCDQLREPM,2,2,2.8,26.0
NNVFMSEAKCWTETDL,3,1,1.4,48.75
GINITRFQTLLALHR,0,2,30,136.67
RCDIKDLPKEITVATS,3,3,1,97.5
MTSCCSCLKGCCSCG,0,1,30,26.0
TESIVRFPNITNLCPFGEVFNA,2,1,7.2,84.09
WNADLYKLMGHFAWW,1,1,2.8,65.33
NGTKRFDNPVLP,1,2,1.4,56.67
LEDEFTPFDVVRQCS,4,1,5.5,64.67
EETFKLSYGIATVRE,3,2,1,78.0
GDIILKPANNSL,1,1,30,138.33
PRITFGGPSDSTGSN,1,1,>20,26.0
ELDKYFKNHTSP,2,2,1,32.5
LGYVTHGLNLEEAARY,2,1,5.5,103.75
GDPAQLPAPRTLLTKG,1,2,30,85.62
FAMQMAYRFNGIGVTQ,0,1,1.1,55.0
HECFVKRVDWTIEYP,3,2,3.5,64.67
TPNNTDFSRVSAKPP,1,2,7.2,26.0
FKFVCDNIKFADDLNQ,3,2,1.1,73.12
IVDTVSALVYDNKLKA,2,2,20,140.0
QQGEVPVSIINNTVY,1,0,0.8,110.0
IKACVEEVTTTLEETK,4,2,20,91.25
MAPISAMVRMYIFFA,0,1,30,91.33
IWLGFIAGLIAIVMV,0,0,20,208.0
VCVDTVRTNVYLAVF,1,1,100,129.33
CTQLNRALTGIAVEQDKNTQEVFAQVKQI,3,3,1.2,94.14
NSFDVLKSEDAQGMDN,4,1,1.4,48.75
GLVEVEKGVLPQLEQP,3,1,30,127.5
WDQTYHPNCVNCLDDR,3,1,2.8,42.5
YTGAIKLDDKDPNFKD,4,3,2.8,55.0
QSYGFQPTNGVGYQP,0,0,0.8,19.33
MVYMPASWVMRIMTW,0,1,30,71.33
EEVVLKTGDLQPLEQ,4,1,1,116.67
SEIIGYKAIDGGVTR,2,2,1.9,104.0
QTLLALHRSYLTPGDSSSGWTA,1,1,0.8,80.0
LMPVCVETKAIVSTI,1,1,5.5,142.67
QKLIANQFNSAIGKIQ,0,2,0.8,110.0
DSDLNDFVSDADSTLI,5,0,1.1,97.5
VSEEVVENPTIQKDVL,4,1,100,121.25
VTIDYTEISFMLWCKD,3,1,100,91.25
QKKQQTVTLLPAADLD,2,2,0.8,103.75
GTWLTYTGAIKLDDK,2,2,30,84.67
VQIDRLITGRLQ,1,2,100,154.17
GYFKIYSKHTPI,0,2,30,65.0
HPNCVNCLDDRCILHC,2,1,3.5,91.25
HIQWMVMFTPLVPFW,0,0,3.5,90.67
NLLEILQKEKVNINIV,2,2,1.4,182.5
GADVTKIKPHNSHEGK,2,3,30,48.75
VVLLSVLQQLRVESS,1,1,100,181.33
GTSPARMAGNGGDAAL,1,1,30,49.38
CCSCGSCCKFDEDDSE,5,1,1.2,0.0
TATKAYNVTQAFGRRG,0,3,7.2,36.88
AMQMAYRFNGIGVTQN,0,1,4.4,55.0
IWVATEGALNTPKDHI,2,1,20,103.75
CSQHTMLVKQGDDYVY,2,1,1.2,60.62
DPNFKDQVILLNKHI,2,2,1.1,123.33
TFPPTEPKKDKKKKAD,3,6,7.2,6.25
YTMSLGAENSVAYSNN,1,0,2.8,55.0
LMSFPQSAPHGVVFL,0,0,5.5,97.33
IAARDLICAQKFNGLT,1,2,20,116.25
EKMADQAMTQMYKQA,2,2,1,20.0
DLQPLEQPTSEAVEAP,4,0,1.1,79.38
SFELLHAPATVCGPK,1,1,1.9,84.67
FVENPDILRVYANLGE,3,1,1.1,115.62
KDTTEAFEKMVSLLS,3,2,1.3,78.0
TRVLSNLNLPGCDGGS,1,1,7.2,91.25
QGNFGDQELIRQGTDY,3,1,0.8,48.75
QRVAGDSGFAAYSRYR,1,3,0.8,36.88
KNKCVNFNFNGLTGT,0,2,1.3,45.33
SVYAWNRKRISNCVA,0,3,1.9,78.0
LTPLGIDLDEWSMAT,3,0,5.5,110.67
LVATAEAELAKNVSL,2,1,5.5,143.33
TRAGCLIGAEHVNNSYECDIPI,3,1,7.2,93.18
PAADLDDFSKQLQQSM,3,1,>20,61.25
DLPKEITVATSRTLS,2,2,1.1,104.0
WCKDGHVETFYPKLQS,2,2,2.8,42.5
VEEVLSEARQHLKDGT,4,2,100,91.25
SLKELLQNGMNGRTIL,1,2,1.9,121.88
KDATPSDFVRAT,2,2,1.3,40.83
EAELAKNVSLDNVLST,3,1,1,121.88
TSKTTVASLINTLNDL,1,1,7.2,121.88
GFQPTNGVGYQPYRV,0,1,30,38.67
CSLSHRFYRLANECA,1,2,1.2,65.33
GSNQNGERSGARSKQR,1,4,30,6.25
ENPHLMGWDYPKCDRA,3,2,1,30.63
NGIGVTQNVLYENQKLIANQFNSAIGKIQD,2,2,1.4,104.0
YQTSNFRVQPTESIVR,1,2,2.8,60.62
VYSRVKNLNSSRVPDL,1,3,100,103.12
PASRELKVTFFPDLN,2,2,>20,78.0
YLVQQESPFVMMSAP,1,0,2.8,71.33
LVQQESPFVMMSAPPA,1,0,5.5,73.12
GVFVSNGTHWFVTQRNFYEPQI,1,1,30,57.27
IVGGQIVTCAKEIKES,2,2,20,115.62
PYGANKDGIIWVATEG,2,1,>20,79.38
SDLATNNLVVMAYIT,1,0,1.9,130.0
KKLDGFMGRIRSVYPV,1,4,1.3,85.0
FNGECPNFVFPLNSI,1,0,1.1,71.33
SLIDLQELGKYE,3,1,1.9,130.0
NGTITVEELKKLLEQ,3,2,1.4,123.33
TQQLIRAAEIRASANLAATK,1,3,7.2,108.0
KTVGELGDVRETMSYL,3,2,1.3,85.0
SKGRLIIRENNRVVIS,1,4,1.9,133.75
ILGSALLEDEFTPFD,4,0,20,110.67
FLPFQQFGRDIA,1,1,1.1,73.33
TKRFDNPVLPFNDGVY,2,2,7.2,60.62
VEVEKGVLPQLEQPYV,3,1,100,121.25
EEVGHTDLMAAYVDN,4,0,1,78.0
TFEKGDYGDAVVYRGT,3,2,7.2,42.5
YICGDSTECSNLLLQY,2,0,2.8,97.5
STPCNGVEGFNCYFP,1,0,1.9,19.33
VHVMSKHTDFSS,1,1,100,48.33
RNIKPVPEVKILNNLG,1,3,1,133.75
ACCHLAKALNDFSNSG,1,1,4.4,67.5
DAMRNAGIVGVLTLD,2,1,1.1,130.0
QPVSELLTPLGIDLDE,4,0,0.8,140.0
QPEEEQEEDWLDDDS,9,0,0.8,26.0
KNSIDAFKLNIKLLGV,1,3,1.3,146.25
DGKMKDLSPRWYFYYL,2,3,1.1,48.75
PIHFYSKWYIRVGAR,0,3,>20,78.0
ANNCTFEYVSQPFLM,1,0,4.4,52.0
TEIDPKLDNYYKKDNS,4,3,7.2,48.75
DGIIWVATEGALNTP,2,0,1.1,110.67
VANYQKVGMQKYSTLQ,0,2,100,66.88
EEGDCEEEEFEPSTQ,8,0,1,0.0
VSVITPGTNTSN,0,0,100,80.83
AALGVLMSNLGMPSY,0,0,4.4,110.67
THGLNLEEAARYMRS,2,2,7.2,65.33
GVTRDIASTDTCFANK,2,2,30,55.0
QESFGGASCCLYCRC,1,1,0.8,32.67
EELKKLLEQWNLVIGF,3,2,1,140.0
CLIGAEHVNNSY,1,0,1.2,97.5
TQAFGRRGPEQTQGN,1,2,7.2,6.67
TYTGAIKLDDKDPNF,3,2,7.2,58.67
KPRQKRTAN,0,4,1.3,11.11
TYERHSLSHFVNLDN,2,1,7.2,71.33
EIDPKLDNYYKKDNSY,4,3,1,48.75
AFVTNVNASSSEAFL,1,0,4.4,84.67
FYEDFLEYHDVRVVL,4,1,1.1,110.0
VASQSIIAYTMSLGAE,1,0,100,110.0
TPGDSSSGWTAG,1,0,7.2,8.33
VDSSQGSEYDYVIFTQ,3,0,100,60.62
ATRGATVVIGTSKFY,0,2,4.4,78.0
FLEMKSEKQVEQKIAE,4,3,1.1,73.12
FKNIDGYFKIYS,1,2,1.1,65.0
FYLTNDVSFLAHIQW,1,0,1.1,104.0
KFLPFQQFGRDIADTT,2,2,1.3,55.0
SDNVTDFNAIATCDWT,3,0,1.9,55.0
VFAQVKQIYKTPPIKDFGGFNFSQILPDPSKPSKRSFIE,3,6,100,67.44
YTNSFTRGVYYPDKV,1,2,2.8,38.67
FNFSQILPDPSK,1,1,1.1,65.0
ESNKKFLPFQQFGRDIA,2,3,1,51.76
MPNMLRIMASLVLAR,0,2,30,136.67
TNVVIKVCEFQFCND,2,1,7.2,84.0
