peptide,Carbon (C),Hydrogen (H),Nitrogen (N),Oxygen (O),Sulfur (S)
FDEISMATNYDLSVVN,79,120,18,29,1
ATAQEAYEQAVANG,59,91,17,24,0
DLKSFDLGDELGTDPY,79,117,17,30,0
LNRALTGIAVEQDKN,69,120,22,24,0
DDKKIKACVEEVTTT,70,122,18,27,1
TKLNDLCFTNVY,64,99,15,20,1
IIIGGAKLKALNLGET,73,131,19,21,0
QGMDNLACEDLKPVS,66,110,18,25,2
KIYSKHTPINLVRDL,82,137,23,22,0
PTYLDGADVTKIKPH,75,119,19,23,0
NAAIVLQLPQGTTLPK,75,130,20,22,0
VDSDLNDFVSDADST,65,98,16,31,0
VTTFDSEYCRHGTCE,72,106,20,27,2
YRKVLLRKNGNKGAGG,75,131,27,20,0
SLINTLNDLNETLVTM,76,131,19,28,1
HTDLMAAYVDNSSLT,69,108,18,26,1
TITVEELKKLLEQWN,84,138,20,26,0
GVGGKPCIKVATVQS,62,110,18,19,1
PCESHGKQVVSDIDY,71,109,19,26,1
LCDRRATCFSTASDTY,74,116,22,27,2
LTESNKKFLPFQQFGR,90,138,24,24,0
KDNSYFTEQPIDLVPN,84,126,20,29,0
MSKHTDFSSEIIGYKA,80,124,20,26,1
SSNFGAISSVLNDIL,67,109,17,24,0
FSRTLETAQNSVRVL,74,125,23,24,0
LYLDAYNMMISAGFS,77,114,16,23,2
EAPLVGTPVCINGLML,72,123,17,21,2
LSHRFYRLANECAQV,79,123,25,22,1
GRTILGSALLEDEFTP,76,123,19,26,0
AGNGGDAALALLLLDR,66,114,20,22,0
EETRKLMPVCVETKAI,79,139,21,25,2
NQFNSAIGKIQDSLSSTASALG,93,153,27,35,0
GVAGALNKATNNAMQV,64,111,21,22,1
RSFIEDLLFNKV,69,109,17,19,0
IEVNSFSGYLKLTDNV,81,127,19,27,0
TLNDFNLVAMKYNYEP,88,130,20,27,1
ATNKATYKPNTWCIR,78,123,23,22,1
LYLDAYNMMISAGFSL,83,125,17,24,2
QGTTLPKGFYAEGSR,71,110,20,23,0
LFDMSKFPLKLRGTA,80,130,20,20,1
PAQEKNFTTAPAICH,71,110,20,22,1
HLMSFPQSAPHGVVF,77,112,20,19,1
HADQLTPTWRVYSTG,77,114,22,24,0
TKNVTKENDSKEGFF,76,118,20,27,0
RFFYVLGLAAIMQLF,89,133,19,18,1
LEGIQYGRSGETLGV,68,111,19,24,0
AAKKNNLPFKLTCATT,76,129,21,22,1
RRCPAEIVDTVSALVY,78,130,22,24,1
FGATSAALQPEEEQE,68,103,17,28,0
LKLRGTAVMSLKEGQ,70,127,21,21,1
QVAVLYQDVNCT,58,93,15,20,1
NNELSPVALRQMSCAA,69,118,22,24,2
DLPKEITVATSRTLS,70,123,19,25,0
AQYELKHGTFTCASE,73,109,19,25,1
DDTLRVEAFEYYHTT,83,118,20,29,0
APAICHDGKAHF,56,83,17,15,1
ITPVHVMSKHTDFSS,74,116,20,23,1
RCPAEIVDTVSALVYD,76,123,19,26,1
VVLSFELLHAPA,62,98,14,16,0
IITTDNTFVSGNCDVV,72,116,18,27,1
FYLTNDVSFLAHIQW,90,124,20,23,0
RLNEVAKNLNESLIDLQELG,97,166,28,34,0
LTAVVIPTKKAGGTTE,70,124,18,23,0
DITPCSFGGVSVITP,66,105,15,22,1
CTIFKDASGKPVPYCY,82,122,18,23,2
SDSTGSNQNGERSGARSKQRRPQGLPNNTASWFTALTQH,174,277,63,62,0
ACPLIAAVITREVGF,71,118,18,19,1
SEARQHLKDGTCGLV,66,112,22,23,1
TASALGKLQDVVNQN,65,112,20,24,0
RYRIGNYKLNTDHSSS,81,127,27,27,0
PPALQDAYYRARAGEA,77,117,23,24,0
GRDIADTTDAVRDPQTLEILDI,102,171,29,39,0
LFDRYFKYWDQTYHP,102,131,23,25,0
KQEILGTVSWNLREM,79,130,22,24,1
GGQIVTCAKEIKESVQ,71,124,20,25,1
KEELDKYFKNHTSPDV,87,132,22,29,0
PYGANKDGIIWVATEG,77,115,19,24,0
TETICAPLTVFFDGR,75,116,18,23,1
TQGNFGDQELIRQGTD,73,115,23,29,0
GDIAARDLICAQKFNG,72,118,22,23,1
VYYPDKVFRSSVLHS,84,125,21,23,0
KMSGKGQQQQGQTVTK,70,124,24,25,1
YLGTGPEAGLPYGANK,73,110,18,23,0
SNSFDVLKSEDAQGMD,71,111,19,30,1
RVVTTFDSEYCRHGTC,78,120,24,26,2
SYLTPGDSSSGWTAGA,67,97,17,26,0
MATYYLFDESGEFKL,85,120,16,26,1
ADSNGTITVEELKKLL,75,131,19,27,0
RLFARTRSMWSFNPET,89,135,27,24,1
KVEAEVQIDRLI,62,109,17,20,0
KCKSAFYILPSIISN,78,126,18,21,1
ATNNAMQVESDDYIAT,71,111,19,30,1
QSIIAYTMSLGAENSV,72,118,18,26,1
RQKKQQTVTLLP,63,114,20,18,0
PLSETKCTLKSF,60,100,14,19,1
YYVGYLQPRTFLLKY,96,138,20,22,0
TLLPAADLDDFSKQLQQSMSSADS,108,174,28,42,1
MLDNRATLQAIASEF,72,118,20,24,1
SLIYSTAALGVLMSN,68,114,16,22,1
YQPPQTSITSAVLQSG,73,117,19,26,0
VDTSLSGFKLKDCVMY,80,128,18,25,2
CTLSEQLDFIDTKRGV,78,129,21,27,1
GLPNNTASWFTALTQHGKED,96,143,27,32,0
VNKFLALCADSIIIG,72,121,17,20,1
GLLMPLKAPKEIIFL,82,139,17,18,1
AKKFDTFNGECPNF,73,104,18,22,1
EHYVRITGLYPTLNI,83,129,21,23,0
MYKGLPWNVVRIKIV,87,142,22,18,1
LKQGEIKDATPSDFVR,79,130,22,26,0
DFSKQLQQSMSS,57,92,16,22,1
VRGTTVLLKEPCSSGT,69,122,20,24,1
TTEVVGDIILKPANN,69,118,18,24,0
EYVSQPFLMDLEGKQGNFKNLR,117,181,31,35,1
DGTCGLVEVEKGVLP,65,110,16,23,1
STQLSTDTGVEHVTFFIYNKIVDEPEEHVQIHTI,176,268,44,58,0
TFTRSTNSRIKASMPT,75,128,24,25,1
EKGIYQTSNFRVQPT,78,122,22,25,0
LDGVVCTEIDPKLDN,69,115,17,26,1
GSCCKFDEDDSEPVL,67,102,16,28,2
TFDSEYCRHGTCERS,72,107,23,27,2
NFRVQPTESIVRFPNITNLCPFGEV,130,201,35,37,1
EGALNTPKDHIGTRNP,72,118,24,25,0
ISQYSLRLIDAMMFTS,83,134,20,25,2
SFIEDLLFNKVTLADAGFIK,106,165,23,30,0
KLEGYAFEHIVYGDF,86,118,18,24,0
VDKYFDCYDGGCINAN,77,109,19,27,2
VQPQLEMELTPVVQT,75,126,18,25,1
CTDDNALAYYNTTKGG,71,107,19,28,1
YKAFKQIVESCGNFK,81,124,20,22,1
TSLSGFKLKDCVMYAS,77,124,18,24,2
ADIVVFDEISMATNY,75,114,16,26,1
ILPVSMTKTSVDCTMYICGD,92,153,21,31,4
VLTESNKKFLPFQQFG,89,135,21,24,0
YFASTEKSNIIRGWIF,92,134,22,24,0
ERVRQALLKTVQFCD,78,132,24,23,1
NFRVQPTESIVRFPN,81,126,24,23,0
EQTQGNFGDQELIRQG,75,118,24,29,0
DTEKYCALAPNMMV,67,108,16,22,3
NRALTGIAVEQDKNTQ,72,124,24,27,0
SVRVVTTFDSEYCRH,77,119,23,25,1
VPMEKLKTLVATAEA,71,125,17,22,1
SFSGYLKLTDNVYIKN,86,132,20,26,0
EVAKNLNESLIDLQEL,79,134,20,29,0
TITDAVDCALDPLSETKCTLKSFTVEKGIY,143,233,33,49,2
QALLKTVQFCDAMRN,74,124,22,22,2
VDALCEKALKYLPID,77,127,17,23,1
ALAPNMMVTNNTFTLK,77,128,20,23,2
VRQIAPGQTGKIADYNYKLPDDFTGCVIAW,152,231,39,44,1
GKLQDVVNQNAQALN,67,114,22,24,0
ATEETFKLSYGIATV,74,116,16,25,0
TTEILPVSMTKTSVD,69,120,16,26,1
LDWLEEKFKEGVEFLR,96,144,22,27,0
CFDKFKVNSTLEQYVF,92,134,20,26,1
KLNDLCFTNVYADSFVIRGD,102,156,26,32,1
PSYCTGYREGYLNSTN,78,113,21,28,1
RALTGIAVEQDKNTQ,68,118,22,25,0
TPCNGVEGFNCYFPL,75,105,17,22,2
FMSEAKCWTETDLTKG,80,123,19,27,2
NSTPGSSRGTSPARMA,61,105,23,24,1
RMNSRNYIAQVD,60,99,21,20,1
VNIQKEIDRLNEVAK,76,133,23,25,0
NFGDQELIRQGTDYKH,83,125,25,28,0
KSPIQYIDIGNYTVSC,80,125,19,26,1
TPCGTGTSTDVVYRA,63,102,18,24,1
TYPSLETIQITISSF,78,122,16,26,0
KRNVIPTITQMNLKYA,84,144,24,23,1
AAEIRASANLAATKM,63,112,20,21,1
IPLTTAAKLMVVIPD,73,128,16,20,1
IVQLSEISMDNSPNL,70,118,18,26,1
GVEGFNCYFPLQ,64,88,14,18,1
VVIPTKKAGGTTEMLA,71,126,18,22,1
LRLIDAMMFTSDLAT,74,124,18,23,2
VRQIAPGQTGKIADYNYKLPDD,109,172,30,35,0
TYACWHHSIGFDYVY,89,112,20,23,1
ISTIGVCSMTDIAKK,66,119,17,22,2
ANYFLCWHTNCYDYC,87,110,20,24,3
DAVTAYNGYLTSSSK,68,105,17,26,0
FSKQLQQSMSSADSTQ,72,117,21,29,1
FPNITNLCPFGEVFN,80,114,18,22,1
IKDFGGFNFSQI,65,93,15,18,0
NSQGLLPPKNSIDAFK,77,125,21,24,0
NFTISVTTEILP,61,99,13,20,0
LLPLTQYNRYLALYN,88,135,21,23,0
QDVNCTEVPVAIHADQLTPTWRVYS,125,192,34,40,1
RTQLPPAYTNSFTRG,75,117,23,23,0
TTRTQLPPAYTN,59,95,17,20,0
PQGFSALEPLVD,58,89,13,19,0
CCMTSCCSCLKG,44,79,13,16,6
IELCVDEAGSKS,51,87,13,21,1
LVKPSFYVYSRVKNLNSSRVPDL,123,197,33,34,0
ISAKNRARTVAGVSI,65,119,23,20,0
VMEPIYDEPTTTTSVP,78,122,16,29,1
QYIDIGNYTVSCLPF,80,117,17,24,1
IGTRNPANNAAIVLQL,72,125,23,22,0
ATVCGPKKSTNLVKNKCVNF,93,159,27,27,2
NIKFADDLNQLTGYKK,84,134,22,26,0
YDLSVVNARLRAKHYV,86,138,26,23,0
GCDVTDVTQLYLGG,61,97,15,23,1
YDHVISTSHKLVLSVN,81,130,22,25,0
TSSGDATTAYANSVF,63,94,16,26,0
VSEEVVENPTIQKDVL,78,131,19,29,0
SEFSSLPSYAAFATAQ,76,109,17,26,0
RYMNSQGLLPPKNSID,79,129,23,25,1
SSNFGAISSVLNDILSRLDKVEAEV,115,191,31,41,0
LCEEMLDNRATLQAI,71,122,20,25,2
NIDGYFKIYSKHTPI,85,126,20,23,0
PRVEKKKLDGFMGRIR,85,148,28,21,1
QRNAPRITFGGPSDST,71,114,24,25,0
MLTYNKVENMTPRDL,78,129,21,25,2
FASVYAWNRKRISNC,81,123,25,21,1
YNLWNTFTRLQSLEN,86,127,23,26,0
CCSCGSCCKFDEDDS,58,88,16,27,5
VMYMGTLSYEQFKKGV,86,133,19,24,2
QSAPHGVVFLHVTYV,78,116,20,20,0
EVQELYSPIFLIVAA,81,126,16,23,0
TFHLDGEVITFDNLKT,84,128,20,27,0
SEHDYQIGGYTEKWES,85,117,21,31,0
MSKHTDFSSEIIGYK,77,119,19,25,1
DYDYYRYNLPTMCDIR,93,133,23,29,2
VAGDSGFAAYSRYRI,73,109,21,22,0
LIGAEHVNNSYECDIP,76,116,20,27,1
KGLPWNVVRIKIVQM,83,141,23,18,1
IPKEEVKPFITESKP,81,132,18,24,0
YFASTEKSNIIR,64,101,17,20,0
QILPDPSKPSKRSFIE,83,136,22,25,0
IPCSVCLSGLDSLDT,63,107,15,24,2
KTFYVLPNDDTLRVE,82,128,20,26,0
TRNPANNAAIVLQLPQGTTLPKGFYAEGSR,140,226,42,43,0
ADQLTPTWRVYSTGSN,78,118,22,27,0
QSDIEVTGDSCNNYM,66,102,18,29,2
EEQEEDWLDDDSQQTV,80,116,20,38,0
MFLARGIVFMCVEYC,81,124,18,19,4
LNDLCFTNVYADSFV,78,113,17,25,1
HLMGWDYPKCDRAMPN,84,124,24,23,3
VGQQDGSEDNQT,48,76,16,25,0
GVAMPNLYKMQRMLL,78,133,21,19,3
TREVGFVVPGLPGTIL,77,127,19,21,0
CLNRVCTNYMPYFFT,85,122,20,22,3
VCKTCGQQQTTLKGVE,70,123,21,25,2
VTLADAGFIKQYGDCLGDIA,92,144,22,30,1
PAWRKAVFISPYNSQN,87,128,24,23,0
YEGNSPFHPLADNKFA,83,115,21,25,0
ISDMYDPKTKNVTKEN,80,131,21,29,1
STFKCYGVSPTKLND,73,114,18,24,1
GIDLDEWSMATYYLF,86,118,16,26,1
SFYPPDEDEEEGDCEE,78,104,16,37,1
NLVKNKCVNFNFNGLTGTGVLTESNKKF,137,220,38,41,1
ELDSFKEELDKYFKNHTSPDV,114,169,27,39,0
GLMLLEIKDTEKYCAL,82,138,18,25,2
AENSVAYSNNSIAIPTNFTISV,101,158,26,36,0
PLVSSQCVNLTT,53,92,14,19,1
YGFQPTNGVGYQPYR,81,111,21,23,0
IGKIQDSLSSTASA,57,100,16,23,0
DIGNYTVSCLPF,60,89,13,19,1
VVNIQKEIDRLNEVAK,81,142,24,26,0
VITSGDGTTSPISEHD,66,106,18,29,0
AGNATEVPANSTVLS,59,99,17,24,0
KHWPQIAQFAPSASAFFGMS,104,146,26,26,1
HLRIAGHHLGRCDIKD,78,129,29,21,1
YGQQFGPTYLDGADV,74,103,17,25,0
QGNFGDQELIRQGTDYK,84,129,25,30,0
LLCRMNSRNYIA,61,104,20,17,2
DIDITFLKKDAPYIVG,85,134,18,25,0
NLCPFGEVFNATRFA,77,112,20,21,1
LKLTDNVYIKNADIV,78,131,19,24,0
GTLLVDSDLNDFVSD,69,108,16,28,0
AGALNKATNNAMQVE,62,106,20,23,1
SRSSSRSRNSSRNST,60,109,29,27,0
PQGFSALEPLVDLPI,75,118,16,22,0
ECDIPIGAGICASYQTQTNSPRRARSVASQSIIAYTMSL,175,288,52,59,3
SPIQYIDIGNYTVSCL,80,124,18,26,1
NLTKEGATTCGYLPQ,68,110,18,24,1
EDFQENWNTKHS,66,91,19,24,0
LSDLQDLKWARF,69,106,18,19,0
FCGKGYHLMSFPQSAPHGVVFLHVT,129,187,33,31,2
YEPQIITTDNTFVSGN,79,119,19,29,0
ICASYQTQTNSPRRARSVAS,89,150,32,31,1
QQTVTLLPAADLDDF,73,115,17,26,0
MMVTNNTFTLKGGAP,68,112,18,21,2
AFVTNVNASSSEAFLI,75,116,18,25,0
WDQTYHPNCVNCLDD,77,107,21,27,2
GLTGTGVLTESNKKF,68,114,18,23,0
SAGFSLWVYKQFDTY,88,118,18,24,0
NNSYECDIPIGAGICA,68,106,18,25,2
MSYYCKSHKPPISFP,83,121,19,21,2
KPGNFNKDFYDFAVSK,88,125,21,25,0
YEKLKPVLDWLEEKFK,100,153,21,26,0
DASGKPVPYCYDTNV,71,105,17,25,1
VHAGTDLEGNFYGPFV,80,111,19,24,0
SYQTQTNSPRRARSVASQSIIA,100,169,35,35,0
TIQKDVLECNVKTTE,72,125,19,27,1
LPFQQFGRDIADTTDAVRDPQTLEIL,131,207,35,43,0
NALLSTDGNKIADKYV,75,124,20,26,0
STKPVETSNSFDVLKS,75,123,19,28,0
LPQGTTLPKGFYAEGSRGGSQASSRSSSRSRNSSRNSTP,165,271,59,61,0
LNDFVSDADSTLIGD,67,104,16,28,0
AIKCVPQADVEWKFY,85,125,19,22,1
RDVDTDFVNEFYAYLR,92,131,23,29,0
EAEVQIDRLITGRLQ,74,129,23,25,0
ASLINTLNDLNETLVT,74,127,19,28,0
PVMEPIYDEPTT,62,94,12,22,1
EVTGDSCNNYMLTYNK,77,118,20,29,2
EIIFLEGETLPTEVL,79,127,15,26,0
DGYVMHANYIFWRNT,87,119,23,23,1
INRPQIGVVREFLTR,80,136,26,21,0
SYGIATVREVLSDREL,78,130,22,27,0
ASQSIIAYTMSLGAEN,70,114,18,26,1
ACPDGVKHVYQLRAR,74,121,25,20,1
AAIVLQLPQGTTLPKG,73,127,19,21,0
NYDLSVVNARLRAKHY,85,135,27,24,0
KGGRFVLALLSDLQD,73,122,20,22,0
IPTITQMNLKYAISA,75,126,18,22,1
RGIVFMCVEYCPIFF,87,126,18,19,3
TKKSAAEASKKPRQKR,76,140,28,23,0
PDKVFRSSVLHSTQDL,80,129,23,26,0
GQSKRVDFCGKGYHLMSFPQSAPHG,120,180,36,34,2
IVITSGDGTTSPISE,62,105,15,26,0
MSCAAGTTQTACTDD,54,90,16,26,3
DITFLKKDAPYIVGDV,84,132,18,25,0
EYKGPITDVFYKENS,82,120,18,27,0
DVNCTEVPVAIHADQL,73,118,20,26,1
PINLVRDLPQGFSALEPLVDLPIGINITR,145,240,38,41,0
SQLMCQPILLLDQAL,74,128,18,22,2
WTIEYPIIGDELKINA,88,135,19,26,0
VCNAPGCDVTDVTQLY,71,112,18,26,2
MKFLVFLGIITTVAA,79,130,16,18,1
GPQNQRNAPRITFGGP,73,116,26,22,0
YYVGYLQPRTFL,75,106,16,18,0
IVDSVTVKNGSIHLY,74,121,19,23,0
ALLSTDGNKIADKYV,71,118,18,24,0
VDTPNNTDFSRVSAK,69,111,21,26,0
FKEELDKYFKNHTSPD,91,132,22,29,0
SCGSCCKFDEDDSEPV,67,101,17,30,3
WHVNNATNKATYKPNT,82,123,25,25,0
CLKGCCSCGSCCKFD,59,97,17,20,6
PDKVFRSSVLHSTQD,74,118,22,25,0
DNIKFADDLNQLTGYK,82,127,21,28,0
GVSVITPGTNTSNQVA,64,109,19,25,0
QATKYLVQQESPFVMM,85,134,20,25,2
VLSTFISAARQGFVD,73,115,19,22,0
EVRTIKVFTTVDNIN,77,129,21,25,0
HWFVTQRNFYEPQIITT,103,146,26,27,0
LLRKNGNKGAGGHSY,67,110,24,20,0
QGLLPPKNSIDAFKLN,80,131,21,23,0
ENQKLIANQFNSAIGK,77,127,23,25,0
LPINVIVFDGKSKCE,75,124,18,22,1
SCCKFDEDDSEPVLK,71,111,17,28,2
KDGHVETFYPKLQSSQ,83,126,22,27,0
ILGLPTQTVDSSQGSE,68,114,18,28,0
PDVDLGDISGINASVV,67,111,17,26,0
ENPHLMGWDYPKCDR,81,117,23,24,2
STFKCYGVSPTKLNDL,79,125,19,25,1
WFLNRFTTTLNDFNLV,95,137,23,25,0
YVYSRVKNLNSSRVP,79,128,24,23,0
TCGTTTLNGLWLDDV,69,109,17,25,1
VKRVDWTIEYPIIGDE,89,137,21,27,0
GGVSVITPGTNTSNQ,58,98,18,24,0
KMVSLLSVLLSMQGA,69,125,17,20,2
ITEHSWNADLYKLM,78,117,19,23,1
IGIVNNTVYDPL,60,96,14,19,0
MADSNGTITVEELKKLLEQ,90,155,23,33,1
THGLNLEEAARYMRS,73,118,24,24,1
YVDTPNNTDFSRVSAK,78,120,22,28,0
VFYKENSYTTTIKPVT,88,135,19,27,0
YLITPVHVMSKH,66,105,17,16,1
FHQECSLQSCTQHQP,73,109,23,25,2
LTGIAVEQDKNTQEVF,78,126,20,28,0
LLKYDFTEERLKLFD,91,140,20,26,0
TKHFYWFFSNYLKRR,103,141,27,21,0
MYCSFYPPDEDEEEGD,82,108,16,34,2
KLKAHKDKSAQCFKMF,86,140,24,21,2
LLDRLNQ,37,66,12,12,0
NLGMPSYCTGYREGY,74,107,19,24,2
FKNHTSPDVDLGDIS,71,109,19,26,0
VKNKCVNFNFNGLTGTGVLT,94,152,26,28,1
AALCTFLLNKEMYLK,81,132,18,21,2
LDKYFKNHTSPDVDLG,83,125,21,27,0
VNPVMEPIYDEPTTTT,79,123,17,29,1
LDAYNMMISAGFSLW,79,115,17,22,2
VNKGEDIQLLKSAYEN,79,129,21,28,0
SKCVCSVIDLLLDDF,73,120,16,24,2
EGNSPFHPLADNKFAL,80,117,21,24,0
FITESKPSVEQRKQDD,81,131,23,30,0
TESKPSVEQRKQDDKK,78,135,25,30,0
IDLVPNQPYPNASFDN,81,118,20,27,0
PFAMQMAYRFNG,65,93,17,16,2
ITTDNTFVSGNCDVV,66,105,17,26,1
IEFLKRGDKSVYYTSN,87,134,22,27,0
ILSRLDKVEAEV,60,106,16,20,0
QENWNTKHSSGVTREL,79,124,26,28,0
GVYYHKNNKSWMESEF,92,127,23,27,1
TEEVVLKTGDLQPLEQ,78,131,19,29,0
IVQMLSDTLKNLSDRV,78,138,22,26,1
DKKIKACVEEVTTTLE,77,135,19,28,1
VTYVPAQEKNFTTAPAICHDGK,106,164,28,33,1
LHRSYLTPGDSSSGW,73,107,21,24,0
TTVDNINLHTQVVDMS,74,123,21,28,1
PILLLDQALVSDVGD,70,118,16,24,0
EDQDALFAYTKRNVIP,84,130,22,27,0
KESPFELEDFIPMDST,84,125,17,30,1
NGDFLHFLPRVFSAV,82,119,21,20,0
PPTSFGPLVRKIFVD,80,125,19,20,0
YKTPPIKDFGGF,67,96,14,17,0
NLTTRTQLPPAYTNSFTRGVYYPDK,131,199,35,40,0
ICTSEDMLNPNYEDLL,79,124,18,30,2
SLIDLQELGKYEQYIKWPWY,125,178,26,33,0
IAFGGCVFSYVGCHN,71,100,18,19,2
IYTELEPPCRFVTDTP,85,129,19,27,1
NKSWMESEFRVYSSAN,84,123,23,28,1
TIGTVTLKQGEIKDAT,72,127,19,26,0
KSDGTGTIYTELEPP,70,110,16,27,0
SAAEASKKPRQKRTA,67,121,25,22,0
EVRQIAPGQTGKIAD,67,115,21,23,0
VIKVCEFQFCNDPFL,84,124,18,22,2
SHQSDIEVTGDSCNN,61,96,20,29,1
YEDQDALFAYTKRNVI,88,132,22,28,0
QCVNLTTRTQLPPAYTNSFT,98,155,27,32,1
SLYVKPGGTSSGDATTAYA,80,124,20,30,0
TFPPTEPKKDKKKKAD,84,140,22,25,0
VSPTKLNDLCFTNVYADSFVIRGDEVRQIA,149,236,40,47,1
NGGDAALALLLLDRLN,71,123,21,23,0
KCDHCGETSWQTGDF,71,100,20,26,2
QNGERSGARSKQRRPQGLPNNTASWFTA,130,208,48,42,0
FPLNSIIKTIQPRVEK,87,147,23,23,0
KKLKKSLNVAKSEFDR,84,147,25,24,0
GQSTQLGIEFLKRGDK,77,129,23,25,0
HGLAAVNSVPWDTIAN,74,113,21,23,0
FIQQKLALGGSVAIK,73,125,19,19,0
EMYLKLRSDVLLPLTQ,87,147,21,25,1
ILRKGGRTIAFGGCV,68,118,22,17,1
EAMYTPHTVLQAVGA,70,110,18,22,1
DDYIATNGPLKVGGSC,68,108,18,25,1
APTLVPQEHYVRITGL,82,132,22,23,0
GALNKATNNAMQVESD,66,111,21,27,1
LTKGTLEPEYFNSVCR,82,129,21,26,1
PIKDFGGFNFSQ,64,89,15,18,0
ACPDGVKHVYQL,59,92,16,17,1
EQEEDWLDDDSQQTVG,77,112,20,36,0
KMLCTHTGTGQAITV,65,113,19,21,2
EELDKYFKNHTSPDVD,85,125,21,31,0
LGKPREQIDGYVMHA,75,120,22,22,1
VMRIMTWLDMVD,66,108,16,18,3
LQAIASEFSSLPSYAA,75,115,17,25,0
EYDYVIFTQTTETAH,82,116,18,29,0
SSRNSTPGSSRGTSP,56,96,22,25,0
GSNVFQTRAGCL,52,85,17,17,1
AALQIPFAMQMAYRFN,86,130,22,21,2
DFVSDADSTLIGDCAT,67,104,16,29,1
AYKTFPPTEPKKDKKKK,95,156,24,25,0
AALQIPFAMQMAYRF,82,124,20,19,2
HGKEDLKFPRGQGVP,74,117,23,21,0
SEFRVYSSANNCTFEYVSQPFL,117,166,28,37,1
ALLADKFPVLHDIGNP,80,126,20,22,0
RTILGSALLEDEFTP,74,120,18,25,0
ELGDVRETMSYLFQH,80,121,21,26,1
DGVKHVYQLRARSVSP,79,130,26,23,0
PGQTGKIADYNYKLPD,80,122,20,26,0
GTGVLTESNKKFLPFQ,81,128,20,24,0
VASLINTLNDLNETLV,75,129,19,27,0
ALNTLVKQLSSNFGA,69,115,19,22,0
PLEQPTSEAVEAPLVG,72,117,17,26,0
VLTLDNQDLNGNWYD,78,114,20,28,0
LGLPTQTVDSSQGSE,62,103,17,27,0
AGSKSPIQYIDIGNYT,77,119,19,26,0
IDHPNPKGFCDLKGKY,83,126,22,23,1
GFIKQYGDCLGDIAARDLICAQKFNGLTVL,145,232,38,42,2
ADLDDFSKQLQQSMSS,74,118,20,30,1
SSPDDQIGYYRRATRR,81,129,29,27,0
DVTKIKPHNSHEGKTF,81,128,24,25,0
KNLREFVFKNIDGYF,90,132,22,23,0
ALNKATNNAMQVESD,64,108,20,26,1
RKRISNCVADYSVLY,78,127,23,23,1
RLRAKHYVYIGDPAQL,87,138,26,22,0
PPTEPKKDKKKKADET,80,138,22,27,0
IVFDGKSKCEESSA,63,102,16,24,1
LTPTWRVYSTGSNVFQ,85,126,22,25,0
EKWESGVKDCVVLHS,75,118,20,24,1
CGDSTECS,27,44,8,16,2
NTLVKQLSSNFGAISSVLNDILSRLDKVEAEVQIDRLITGRLQSLQTY,234,394,66,76,0
IINLIIKNLSKSLTE,77,139,19,23,0
KGVQIPCTCGKQATKY,74,125,21,22,2
DWLDDDSQQTVGQQD,71,104,20,32,0
ARVECFDKFKVNSTLE,83,132,22,26,1
RLQAGNATEVPANSTV,67,114,22,25,0
LKLFDRYFKYWDQTY,103,140,22,25,0
APRITFGGPSDSTGSN,65,102,20,25,0
ETSWQTGDFVKATCE,73,108,18,27,1
APLLSAGIFGADPIH,69,107,17,19,0
VEGFNCYFPLQS,65,90,14,19,1
AELAKNVSLDNVLST,67,116,18,25,0
DFIPMDSTVKNYFITD,87,128,18,28,1
AFFGMSRIGMEVTPSG,74,115,19,22,2
TQLGIEFLKRGDKSVY,84,136,22,25,0
YFDKAGQKTYERHSLS,86,128,24,27,0
VIGIVNNTVYDPLQP,75,120,18,23,0
LCVDEAGSKSPIQYI,71,115,17,24,1
ITTYPGQGLNGYTVE,72,109,17,25,0
KSFTVEKGIYQTSNF,80,121,19,25,0
MFDAYVNTFSSTFNVP,85,118,18,26,1
LKPVSEEVVENPTIQ,74,124,18,26,0
RNAPRITFGGPSDSTG,68,109,23,24,0
AWNSNNLDSKVGGNYN,74,109,23,27,0
IPTKKAGGTTEMLAKA,70,125,19,22,1
RGFGDSVEEVLSEARQ,74,119,23,28,0
EEAALCTFLLNKEMY,79,123,17,25,2
LKVPATVSVSSPDA,60,103,15,21,0
VEWKFYDAQPCSDKAY,90,124,20,27,1
GSDVLYQPPQTSITSA,72,114,18,27,0
TQFAFACPDGVKHVYQ,83,119,21,23,1
YKKDNSYFTEQPIDL,85,125,19,28,0
EISFMLWCKDGHVET,80,119,19,24,2
FSRVSAKPPPGDQFKH,82,124,24,22,0
LAKRFKESPFELEDFI,93,141,21,26,0
DSTVKNYFITDAQTGS,75,115,19,29,0
WLEEKFKEGVEFLRDG,92,136,22,27,0
IQPRVEKKKLDGFMG,78,132,22,21,1
YQKVGMQKYSTLQG,72,115,19,22,1
VDEAGSKSPIQYIDIG,74,118,18,27,0
SAAKKNNLPFKLTCA,71,120,20,20,1
DFVSDADSTLIGDCA,63,97,15,27,1
CSLQSCTQHQPYVVD,71,110,20,25,2
PFTIYSLLLCRMNSRNYI,100,158,26,26,2
QPRVEKKKLDGFMGRI,84,144,26,22,1
GILCIMSDRDLYDKLQ,81,135,21,26,2
DVLECNVKTTEVVGD,67,113,17,27,1
VLYENQKLIANQFNSA,83,130,22,26,0
YLKRRVVFNGVSFST,82,129,23,21,0
TPSKLIEYTDFATSAC,77,119,17,27,1
NVYADSFVIRGDEVRQIAPG,97,152,28,31,0
TYNKVENMTPRDLGAC,75,122,22,26,2
LNGLWLDDVVYCPRH,82,122,22,22,1
EPEEHVQIHTIDGSSG,72,111,21,29,0
GMPSYCTGYREGYLNS,77,112,20,26,2
WLDMVDTSLSGFKLK,80,126,18,23,1
LLESELVIGAVILRG,72,128,18,21,0
YYRSLPGVFCGVDAVN,80,118,20,23,1
VSSFLEMKSEKQVEQK,82,137,21,28,1
LTSHTVMPLSAPTLVP,75,126,18,22,1
RVYANLGERVRQALLK,83,144,28,22,0
QTTETAHSCNVNRFNV,74,117,25,27,1
GQAITVTPEANMDQES,68,111,19,29,1
LDNYYKKDNSYFTE,82,114,18,28,0
YQTSNFRVQPTESIVR,84,133,25,27,0
CSFGGVSVITPGTNTS,64,103,17,24,1
ALTAESHVDTDLTKPY,77,121,19,28,0
KLNTDHSSSSDNIAL,65,108,20,27,0
PTYLDGADVTKIKPHN,79,125,21,25,0
APHGVVFLHVTYVPAQEKNF,107,157,27,27,0
DPNFKDQVILLNKHI,82,132,22,23,0
TLLTKGTLEPEYFNSV,83,130,18,27,0
LNNIINNARDGCVPLN,72,122,24,24,1
QVKQIYKTPPIKDFG,83,132,20,22,0
TLLPAADLDDFSKQLQ,79,127,19,27,0
RARSVSPKLFIRQEE,79,134,26,23,0
ITHDVSSAINRPQIGV,73,123,23,24,0
LKSEDAQGMDNLACE,64,106,18,27,2
VVNPVMEPIYDEPTTT,80,125,17,28,1
SIIKTIQPRVEKKKLD,85,154,24,24,0
QQGEVPVSIINNTVY,73,117,19,25,0
INTNSSPDDQIG,50,81,15,23,0
LGYVTHGLNLEEAA,66,103,17,22,0
SLQTYVTQQLIR,64,108,18,20,0
IGDELKINAACRKVQH,76,131,25,23,1
TSVVLLSVLQQLRVE,75,134,20,23,0
PYIKWDLLKYDFTEER,101,146,22,28,0
TLKGVEAVMYMGTLSY,79,127,17,24,2
LESKMSGKGQQQQGQ,65,112,22,25,1
KVLLRKNGNKGAGGHS,69,122,26,20,0
ITFLKKDAPYIVGDV,80,127,17,22,0
EYTFEKGDYGDAVVYR,87,122,20,29,0
GNCDTLKEILVTYNC,71,116,18,25,2
PVASPNECNQMCLSTL,69,115,19,25,3
DNVTDFNAIATCDWTN,76,110,20,29,1
GSEYDYVIFTQTTET,78,112,16,30,0
SIIAYTMSLGAENSVA,70,115,17,25,1
KHGGGVAGALNKATNN,62,105,23,21,0
FCALILAYCNKTVGE,74,117,17,21,2
IATYCTGSIPCSVCL,65,107,15,21,3
CVCSVIDLLLDDFVE,74,119,15,25,2
PFNDGVYFASTE,62,83,13,21,0
NLGVDIAANTVIWDY,76,114,18,24,0
HHLGRCDIKDLPKEI,77,128,24,22,1
TPCNGVEGFNCY,55,78,14,19,2
REAACCHLAKALNDFS,73,117,23,23,2
TLVSDIDITFLKKDAP,81,134,18,26,0
TAGAAAYYVGYL,58,82,12,17,0
ITDAVDCALDPLSETKCTLKS,93,159,23,35,2
GKGQQQQGQTVTKKSA,68,120,24,25,0
LRKLDNDALNNIINNA,76,131,25,26,0
NSVTSSIVITSGDGT,58,100,16,26,0
MNSRNYIAQVDV,59,96,18,20,1
SLEIPRRNVATLQAEN,76,131,25,26,0
TVTLLPAADLDDFSKQLQQS,96,156,24,34,0
NTQEVFAQVKQIYKTPPI,97,154,24,28,0
STGSNVFQTRAG,50,81,17,19,0
YSHLLLVAAGLEAPF,77,117,17,20,0
GSLAATVRLQAGNAT,59,104,20,21,0
GINITRFQTLLA,61,103,17,17,0
LVRGFGDSVEEVLSEA,74,119,19,27,0
ILGPLSAQTGIAVLD,66,114,16,21,0
TGSNQNGERSGARSK,58,101,25,25,0
LTSQWLTNIFGTVYE,83,122,18,25,0
PFERDISTEIYQ,67,100,16,23,0
TKIALKGGKIVNNWL,77,131,21,19,0
FCGVDAVNLLTNMFTP,78,120,18,23,2
TVEKGIYQTSNF,62,95,15,21,0
GNFGDQELIRQGTDYK,79,121,23,28,0
LYPTLNISDEFSSNV,76,115,17,27,0
KPVPEVKILNNLGVD,74,127,19,22,0
LPQRQKKQQTVTLLPAADLDDFSK,121,202,34,38,0
YLGKPREQIDGYVMHA,84,129,23,24,1
GTIYTELEPPCRFVTD,82,125,19,27,1
NVLAWLYAAVINGDR,77,119,21,21,0
LSRLDKVEAEVQIDRLITGRLQ,110,194,34,35,0
GTTLPKGFYAEGSRGG,70,108,20,23,0
REGYLNSTNVTIATYC,77,121,21,27,1
LVPNQPYPNASFDNF,80,111,19,24,0
EPQIITTHNTFVSGN,72,112,20,25,0
EDQDALFAYTKRNVI,79,123,21,26,0
KSEKQVEQKIAEIPK,77,135,21,25,0
ADSIIIGGAKLKALN,66,118,18,20,0
CSQHTMLVKQGDDYVY,81,123,21,27,2
AGALNKATNNAMQVES,65,111,21,25,1
SQSIIAYTMSLGAENS,70,114,18,27,1
YKSVNITFELDERID,82,128,20,28,0
LNKHIDAYKTFPPTEP,87,131,21,25,0
IADYNYKLPDDFTGC,78,111,17,26,1
LNEVAKNLNESLIDLQ,78,133,21,28,0
TTIQTIVEVQPQLEM,75,128,18,26,1
PGVFCGVDAVNLLTNM,72,116,18,22,2
QKLLKSIAATRGATV,68,125,21,20,0
PCSDKAYKIEELFYS,82,121,17,26,1
ALQPEEEQEEDWLDDD,82,117,19,37,0
SASFSTFKCYGVSPT,71,104,16,23,1
TIDGSSGVVNPVMEPI,69,115,17,25,1
ATNGPLKVGGSCVLS,59,103,17,20,1
FTDGVCLFWNCNVDR,79,113,21,23,2
IEDLLFNKVTLADAGF,82,128,18,25,0
DYYQLYSTQLSTDTGV,82,120,18,31,0
QLGIEFLKRGDKSVYY,89,138,22,25,0
IAQVDVVNFNLT,60,97,15,19,0
HKPIVWHVNNATNKAT,82,128,26,22,0
KGCCSCGSCCKF,46,76,14,15,5
TVASLINTLNDLNET,68,116,18,27,0
CEIVGGQIVTCAKEIK,72,127,19,23,2
YTPSKLIEYTDFATSA,83,123,17,28,0
QIITTDNTFVSGNCDV,72,115,19,28,1
KGVITHDVSSAINRPQ,73,124,24,24,0
NCYFPLQSYGFQ,69,91,15,19,1
KEIDRLNEVAKNLNES,78,134,24,29,0
ALNTPKDHIGTRNPAN,72,119,25,24,0
VKRHTFSNYQHEETI,83,125,25,26,0
SINFVRIIMRLWLCW,93,144,24,18,2
MVVIPDYNTYKNTCDG,79,121,19,27,2
ALTNNVAFQTVKPGNF,78,121,21,23,0
TRSMWSFNPETNILL,81,125,21,24,1
ITFGGPSDSTGSNQNG,62,95,19,27,0
LEKMADQAMTQMYKQ,76,126,20,25,3
EGSRGGSQASSRSSS,52,90,22,26,0
DYNYKLPDDFTGCVIA,83,120,18,27,1
DCPAVAKHDFFKFRID,88,129,23,23,1
LPFTINCQEPKLGSLV,80,131,19,23,1
MILSLLSKGRLIIRE,78,144,22,20,1
ESHGKQVVSDIDYVPL,79,124,20,27,0
LLEDEFTPFDVVRQCS,84,128,20,28,1
RRIRGGDGKMKD,55,101,23,17,1
VPINTNSSPDDQIGYY,78,115,19,29,0
MCDIRQLLFVVEVVDK,85,143,21,24,2
MQMAYRFNGIGVTQNV,79,125,23,23,2
ITGGIAIAMACLVGL,62,111,15,17,2
MSECVLGQSKRV,54,97,17,18,2
HVVAFNTLLFLMSFT,84,126,18,20,1
GGSQASSRSSSRSRN,55,98,26,25,0
DVVIGIVNNTVYDPL,74,119,17,24,0
LDFIDTKRGVYCCREH,84,131,25,25,2
AGCLIGAEHVNNSYEC,69,106,20,25,2
ESIVRFPNITNLCPFG,82,127,21,23,1
LWSTKPVETSNSFDVL,83,127,19,27,0
AALLADKFPVLH,62,99,15,15,0
LSDDAVVCFNSTYAS,68,102,16,26,1
GDISGINASVVNIQK,64,111,19,23,0
YIFWRNTNPIQLSS,81,119,21,22,0
KLDNDALNNIINNARD,74,125,25,28,0
GLNDNLLEILQK,60,104,16,20,0
GHLRIAGHHLGRCDI,70,115,27,18,1
DLICAQKFNGLT,58,95,15,18,1
QTNSPRRARSVA,53,95,23,18,0
CCSCGSCCKFDEDDSEPVLKGV,92,146,24,36,5
NPNYEDLLIRKSNHN,78,123,25,26,0
PTGTLLVDSDLNDFV,71,112,16,26,0
KDHIGTRNPANNAA,60,99,23,21,0
KLVSSFLEMKSEKQVE,83,140,20,27,1
AGSYKDWSYSGQSTQL,78,112,20,28,0
LDSFKEELDKYFKNHT,92,136,22,29,0
LGTEVNEFACVVADA,66,104,16,24,1
KYVRNLQHRLYECLY,91,140,26,23,1
NASVVNIQKEIDRLNE,77,132,24,28,0
EKGIYQTSNFRVQPTESIVRFPNITNLC,144,228,40,44,1
NITFELDERIDKVL,76,125,19,25,0
IVNSVLLFLAFVVFL,87,136,16,18,0
NLDSKVGGNYNYLYRLFRKSNLKPFERDIST,167,259,47,49,0
ADPIHSLRVCVDTVR,71,121,23,22,1
KSVNITFELDERIDKV,84,140,22,28,0
VKLQNNELSPVALRQM,79,138,24,24,1
ELPTGVHAGTDLEGNF,72,109,19,26,0
LCVDEAGSKSPIQYIDIGNY,96,149,23,33,1
VKNKCVNFNFNGLTGT,77,122,22,23,1
AGTDLEGNFYGPFVD,73,100,16,25,0
QGEIKDATPSDFVRAT,74,119,21,27,0
TTCANDPVGFTLKNTV,72,117,19,25,1
DKNTQEVFAQVKQIYK,87,139,23,27,0
CHIDHPNPKGFCDLKG,77,117,23,22,2
GGIVAIVVTCLAYYF,77,117,15,19,1
KKDKKKKADETQALPQ,80,142,24,26,0
RVVFNGVSFSTFEEAA,80,118,20,25,0
PSDSTGSNQNGERSGA,58,94,22,29,0
IRGGDGKMKDLS,52,93,17,18,1
HLDGEVITFDNLKTLL,83,134,20,26,0
TVIWDYKRDAPA,66,99,17,19,0
NIALIWNVKDFMSLS,81,127,19,22,1
HPNCVNCLDDRCILHC,74,119,25,23,4
NAGIVGVLTLDNQDL,66,112,18,24,0
LYPTLNISDEFSSNVA,79,120,18,28,0
DYNYKLPD,47,66,10,16,0
LHVTYVPAQEKNFTT,80,122,20,24,0
SFNYLKSPNFSKLIN,83,126,20,23,0
CALAPNMMVTNNTFT,68,110,18,22,3
NLKPFERD,45,71,13,14,0
ENPHLMGWDYPKCDRA,84,122,24,25,2
INLHTQVVDMSMTYGQ,78,125,21,26,2
YFTEQPIDLVPNQPYP,91,129,19,27,0
FKDQVILLNKHIDAYK,91,145,23,24,0
PSIISNEKQEILGTVS,74,127,19,27,0
LSLLSKGRLIIRENN,75,136,24,22,0
KRNRATRVECTTIVN,71,129,27,23,1
ALYNKYKYFSGAMDTT,86,125,19,26,1
KYNENGTITDAVDCAL,72,115,19,28,1
FGAGAALQIPFAMQMAYRFNGI,110,164,28,27,2
ANSVFNICQAVTANVNALLSTDGNKIADKYVRNLQHRLYECLYRNR,228,367,71,69,2
YDTNVLEGSVAYESL,73,110,16,28,0
HPDSATLVSDIDITF,72,111,17,26,0
IAYTMSLGAENSVAYS,73,113,17,26,1
LFDRYFKYWDQTYHPN,106,137,25,27,0
IPIGAGICASYQTQT,66,107,17,22,1
DETQALPQRQKKQQTV,79,136,26,28,0
LALSKGVHFVCNLLL,76,127,19,18,1
GPLSAQTGIAVLDMC,62,106,16,21,2
QEHYVRITGLYPTLNI,88,137,23,25,0
KVDGVVQQLPETYFTQ,84,130,20,27,0
ENLTKEGATTCGYLPQ,73,117,19,27,1
NLDNLRANNTKGSLPI,73,126,24,25,0
EMLDNRATLQAIASEF,77,125,21,27,1
RKSAPLIELCVDEAGS,71,122,20,25,1
VYRINWITGGIAIAM,78,124,20,19,1
LGPLSAQTGIAVLDMC,68,117,17,22,2
GTGVLTESNKKFLPFQQFGRDIADTTDAVRDPQTLEILDITP,206,328,54,68,0
GVHAGTDLEGNFYGPF,77,105,19,24,0
MMVTNNTFTLKGGAPT,72,119,19,23,2
SVCRLMKTIGPDMFL,75,127,19,20,3
LKHGTFTCASEYTGNY,79,114,20,26,1
KGYHLMSFPQSAPHG,75,109,21,20,1
TCACEIVGGQIVTCA,59,102,16,21,3
SYLTPGDSSSGWTAG,64,92,16,25,0
ITGLHPTQAPTHLSV,70,114,20,21,0
LGDISGINASVVNIQ,64,110,18,23,0
LYKLMGHFAWWTAFV,95,128,20,18,1
FDCYDGGCINANQVIV,74,111,19,25,2
VYAWNRKRISNCVADY,87,132,26,24,1
QAGSTPCNGVEGFNCYFPLQ,93,134,24,30,2
QRKYKGIKIQEGVVDY,87,142,24,25,0
LQIPFAMQ,44,70,10,11,1
DEAGSKSPIQYIDIGN,73,115,19,28,0
SKRVDFCGKGYH,61,93,19,17,1
ELDSFKEELDKYFKN,87,129,19,29,0
ILKPANNSLKITEEV,74,129,19,24,0
EYVSQPFLMDLE,67,99,13,22,1
SFVSEETGTLIVNSV,69,112,16,26,0
IINNTVYTKVDGVDV,73,120,18,25,0
AIHVSGTNGTKR,51,89,19,17,0
NKGHFDGQQGEVPVSI,74,114,22,25,0
NNTASWFTAL,51,73,13,16,0
SRLDKVEAEVQIDRL,75,131,23,26,0
LDDKDPNFKDQVILLN,84,135,21,28,0
YDLSVVNARLRAKHY,81,129,25,22,0
VQQESPFVMMSAPPA,71,111,17,22,2
EPEEHVQIHTIDGSS,70,108,20,28,0
IQKEIDRLNEVAKNLN,81,141,25,27,0
SSRGTSPARMAGNGGDAALA,72,123,27,28,1
ERLKLFDRYFKYWDQT,105,150,26,27,0
INTNSSPDDQIGYYR,74,111,21,28,0
SPFVMMSAPPAQYEL,76,114,16,22,2
VNLTTRTQLPPAYTN,74,121,21,24,0
KPFITESKPSVEQRKQ,84,140,24,26,0
CGGSLYVKPGGTSSGD,61,97,17,24,1
ELTPVVQTIEVNSFSG,76,122,18,27,0
ANQVIVNNLDKSAGFP,74,119,21,24,0
SNQVAVLYQDVNCTEV,75,120,20,28,1
CDIPIGAGICASYQTQ,69,110,18,24,2
GTTLPKG,29,52,8,10,0
PGGTSSGDATTAYANS,58,89,17,27,0
GTITDAVDCALDPLS,62,103,15,25,1
TTAPAICHDGKAHFPREGVF,96,144,28,27,1
AGVCVSTSGRWVLNN,66,107,21,21,1
EILPVSMTKTSVDCT,68,118,16,25,2
ETNILLNVPLHGTIL,75,127,19,22,0
ITGRLQSLQTYVTQQ,75,126,22,25,0
QRNFYEPQIITT,68,104,18,21,0
AWNSNNLDSKVGGNYNYLYRLF,119,170,32,35,0
VDAAKAYKDYLASGGQ,73,113,19,25,0
EDDSEPVLKGVKLHY,77,121,19,26,0
SSEYKGPITDVFYKEN,85,125,19,29,0
VSIINNTVYTKVDGV,72,120,18,24,0
GSSGVVNPVMEPIYD,68,106,16,24,1
SYLTPGDSSSGW,55,77,13,21,0
GVEFLRDGWEIVKFIS,90,135,21,24,0
FPRGQGVPI,45,71,13,11,0
DSPCESHGKQVVSDI,65,105,19,26,1
LYRLFRKSNLKPFERD,96,152,28,24,0
PRTLLTKGTLEPEY,73,120,18,23,0
MADSNGTITVEE,50,83,13,23,1
GWTAGAAA,31,45,9,10,0
FYAEGSRGGSQASSRSSSRS,82,130,30,33,0
FLGVYYHKNNKSWMES,93,131,23,25,1
PLVSSQCVNLTTRTQLPPAYTNSFTRGVYY,151,234,40,46,1
FVSGNCDVVIGIVNNTVYDPLQ,105,164,26,34,1
SCCSCLKGCCSC,41,73,13,16,6
ALLEDEFTPFDVVRQC,84,128,20,27,1
EVVENPTIQKDVLECN,77,128,20,29,1
QRMLLEKCDLQNYGD,76,124,22,26,2
DDSQQTVGQQDGSED,60,93,19,33,0
LRGHLRIAGHHLGRC,72,122,30,16,1
KLPDDFTGCVIAWNS,75,112,18,23,1
ANEYRLYLDAYNMMIS,87,131,21,27,2
NAPRITFGGPSDSTGS,65,102,20,25,0
IDGSSGVVNPVMEPI,65,108,16,23,1
VKNKCVNFNFNGLT,71,112,20,20,1
DNYYKKDNSYFTEQPI,92,129,21,31,0
LATNNLVVMAYITGG,68,113,17,21,1
GIAVEQDKNTQEVFAQ,76,121,21,28,0
WNLREMLAHAEETRKL,87,141,27,25,1
DLFRNARNGVLITEG,72,119,23,23,0
EAKKVKPTVVVNAAN,69,122,20,21,0
NSVAYSNNSIAIPTNFT,79,121,21,28,0
IQDSLSSTASALGKL,63,111,17,24,0
LLARAGKASCTLSEQL,70,125,21,23,1
KLNTDHSSSSDNIALL,71,119,21,28,0
QTRAGCLIGAEHVNNSYECD,88,138,28,33,2
HTIDGSSGVVNPVME,64,104,18,24,1
RGDEVRQIAPGQTGN,64,108,24,24,0
ECAQVLSEMVMCGGS,60,102,16,23,4
TALRANSAVKLQNNEL,73,128,24,25,0
AYTVELGTEVNEFACV,77,117,17,27,1
NVIVFDGKSKCEESSA,72,117,19,27,1
LDNYYKKDNSYFTEQP,92,129,21,31,0
QRNAPRITFGGPSDS,67,107,23,23,0
FPDLNGDVVAIDYKHY,87,124,20,26,0
AYSNNSIAIPTNFTI,73,112,18,24,0
VLLSMQGAVDINKLCE,74,129,19,24,2
SAARLTPCGTGTSTDV,61,105,19,25,1
IVFDGKSKCEESSAKS,72,119,19,27,1
MYMGTLSYEQFKKGVQ,86,132,20,25,2
VAGFAKFLKTNCCRF,78,121,21,18,2
QPFLMDLEGKQGNFKN,83,128,22,25,1
LLADKFPVLHDIGNP,77,121,19,21,0
KEELDKYFKNHTSPDVD,91,137,23,32,0
VEQKIAEIPKEE,62,105,15,22,0
KTVGELGDVRETMSYL,77,128,20,27,1
IKLLGVGGKPCIKVAT,73,133,19,18,1
TPFEIKLAKKFDTFNG,88,134,20,24,0
QHGKEDLKFPRGQGVP,79,125,25,23,0
PRRNVATLQAENVTGL,73,127,25,24,0
GIGVTQNVLYENQKLI,80,133,21,25,0
LGAGCFVDDIVKTDG,65,104,16,23,1
PQIAQFAPSASAFFGM,78,112,18,21,1
RGVYYPDKVFRSSVLHSTQD,105,160,30,32,0
IRASANLAATKMSEC,63,112,20,22,2
KSAFVNLKQLPFFYYS,97,138,20,23,0
PERTCCLCDRRATCF,70,116,24,22,4
AAFHQECSLQSCTQHQ,74,112,24,26,2
NNVAFQTVKPGNFNKD,79,121,23,25,0
PSDFVRATATIP,57,91,15,18,0
NRFTTTLNDFNLVAMK,83,133,23,25,1
GNFGDQELIRQGTDY,73,109,21,27,0
LLNKHIDAYKTFPPTE,88,135,21,25,0
IGINITRFQTLLALH,79,132,22,20,0
YLITPVHVMSKHTDF,83,126,20,22,1
TCASEYTGNYQCGHY,71,97,19,26,2
NAAISDYDYYRYNLPT,88,123,21,29,0
DDKKIKACVEEVTTTL,76,133,19,28,1
SFTRGVYYPDKVFRS,85,124,22,23,0
ELLHAPATVCGP,53,86,14,16,1
NCTEVPVAIHADQLTP,73,118,20,25,1
LFVVEVVDKYFDCYD,88,124,16,26,1
DTVIEVQGYKSVNI,69,113,17,24,0
KPFERDISTEIYQAGS,81,125,21,28,0
PQIITTDNTFVS,59,94,14,21,0
TSEDMLNPNYEDLLI,76,119,17,29,1
FNGLTVLPPLLTDEMIAQYTSA,109,172,24,34,1
IYDEPTTTTSVPL,64,101,13,24,0
NMFITREEAIRHVRA,79,131,27,22,1
RVDWTIEYPIIGDELK,90,139,21,27,0
SHNIALIWNVKDFMS,81,123,21,22,1
PCIKVATVQSKMSDVK,74,132,20,23,2
TDFVNEFYAYLRKHFS,97,133,23,26,0
WNSNNLDSKVGGNYNYLYRL,107,156,30,33,0
IELKFNPPALQDAYYR,91,136,22,25,0
QTQGNFGDQELIRQGT,74,118,24,28,0
TGCVIAWNSNNLDSKV,73,117,21,25,1
LWNTFTRLQSLENVA,81,126,22,24,0
DGVPFVVSTGYHFRE,79,112,20,23,0
AIVSTIQRKYKGIKIQ,84,148,24,22,0
VPYCYDTNVLEGSVA,72,108,16,25,1
ENPTIQKDVLECNVKT,77,131,21,28,1
EEDWLDDDSQQTVGQQ,77,113,21,35,0
DRLNQLESKMSG,55,96,18,21,1
PHLMGWDYPKCDRAMP,85,125,23,22,3
TENLLLYIDINGNLH,78,124,20,25,0
NNATNKATYKPNTWCI,80,123,23,25,1
TLDSKTQSLLIVNNATNVVIKVCEFQFCND,146,238,38,48,2
YLTPGDSSSGWT,56,79,13,21,0
SRSSSRSRNSSRNSTP,65,116,30,28,0
FISPYNSQNAVASKIL,80,126,20,24,0
TMYICGDSTECSNLL,67,108,16,26,3
IVITSGDGTTSPISEH,68,112,18,27,0
TILTRPLLESELVIG,75,132,18,23,0
CKDGHVETFYPKLQSS,81,123,21,26,1
YFDKAGQKTYERHSL,83,123,23,25,0
DSTGSNQNGERSGAR,56,94,24,27,0
SIVRFPNITNLCPFG,77,120,20,20,1
LGQSKRVDFCGK,57,96,18,17,1
KPRQKRTATKAYNVTQ,81,140,28,24,0
LPDPSKPSKR,49,85,15,15,0
DEDDSEPVLKGVKLH,72,117,19,27,0
FIEDLLFNKVTLADA,80,125,17,24,0
HGKQVVSDIDYVPLKS,80,129,21,25,0
CVIAWNSNNLDSKVGGNYNYLYRLFRKSNL,158,241,45,45,1
QKKQQTVTLLPAADL,73,128,20,23,0
SVAYSNNSIAIPTNFT,75,115,19,26,0
TLADAGFIKQYGDCLG,74,114,18,24,1
IDGDMVPHISRQRLT,73,124,24,23,1
WICLLQFAYANRNRF,90,131,25,20,1
FCTQLNRALTGIAVE,71,118,20,22,1
ALITLATCELYHYQE,80,122,18,25,1
SKMSGKGQQQQGQTV,63,110,22,24,1
MLFTMLRKLDNDALNN,82,137,23,25,2
SQGLVASIKNFKSV,66,112,18,20,0
IHADQLTPTWRVYSTGSN,90,136,26,29,0
FVSNGTHWFVTQRNF,86,118,24,22,0
PQEHYVRITGLYPTL,83,127,21,23,0
SIFSRTLETAQN,58,95,17,21,0
ASVVNIQKEIDRLNEV,78,135,23,27,0
TGNLQSNHDLYCQVH,72,109,23,25,1
DDFSKQLQQSMSSADS,71,112,20,31,1
CFVKRVDWTIEYPII,90,136,20,22,1
MELTPVVQTIEVNSFS,79,128,18,27,1
FSLELQDHNETCHA,69,102,20,25,1
EWKFYDAQPCSDKAYK,91,127,21,27,1
LIIRENNRVVISSDV,74,131,23,24,0
GCCSCGSCCKFDEDDS,60,91,17,28,5
DMVDTSLSGFKLKDCV,75,124,18,26,2
LPTQTVDSSQGSEYDY,76,112,18,32,0
ACEIVGGQIVTCAKE,63,109,17,22,2
TEIDPKLDNYYKKDN,82,126,20,29,0
FCAFAVDAAKAYKDY,79,111,17,22,1
ATVRLQAGNATEVPA,63,108,20,22,0
KGFFKEGSSVELKHFF,91,131,21,23,0
SSNVANYQKVGMQKYS,77,122,22,26,1
NATRFASVYAWNRKR,82,126,28,21,0
ADAGFIKQYGDCLGD,68,101,17,24,1
SSRSRNSSRNSTPGSS,61,107,27,28,0
QTNSPRRARSVASQSI,70,124,28,25,0
AEASKKPRQKRTATK,71,130,26,22,0
HVQIHTIDGSSGVVN,66,107,21,23,0
FLKRGDKSVYYTSNPT,85,130,22,26,0
PDPSKPSKRSFIEDLLFNKVTLADAG,128,205,33,40,0
NSSLTIKKPNELSRV,72,128,22,24,0
LQQLRVESSSKLWAQ,78,129,23,24,0
LLNVPLHGTILTRPL,77,133,21,19,0
LTYNKVENMTPRDLGA,78,128,22,26,1
RSMWSFNPETNILLN,81,124,22,24,1
GGDGKMKDLSPRWYF,80,117,21,22,1
PGTILRTTNGDFLHF,77,117,21,22,0
WFVTQRNFYEPQIIT,93,132,22,24,0
DWTIEYPIIGDELKIN,89,135,19,28,0
RSLPGVFCGVDAVNLL,74,122,20,21,1
GPDGYPLECIKDLLA,72,114,16,23,1
PTKVTFGDDTVIEVQG,75,120,18,27,0
DALFAYTKRNVIPTIT,84,135,21,24,0
LLEIKDTEKYCALAP,77,127,17,24,1
WLTYTGAIKLDDKDPN,84,128,20,27,0
CKTCGQQQTTLKGVE,65,114,20,24,2
CRCHIDHPNPKGFCDL,78,119,25,22,3
GWDYPKCDRAMPNML,78,117,21,22,3
QDAYYRARAGEAANFC,77,112,24,25,1
DNVYIKNADIVEEAK,75,121,19,27,0
KDQVILLNKHIDAYKT,86,143,23,25,0
LAKRFKESPFELED,78,121,19,24,0
YDPLQPELDSFKEELDKYFKNHTS,134,195,31,44,0
AFLPFAMGIIAMSAF,77,115,15,17,2
