Peptide,Svm,Toxicity,hzdrophobicity,steric_hinderance,sidebulk,amphipathicity,hydrophilicity,net hydrogen
VYDSSEVKAQSSGVIP,-0.62,Non-Toxin,-0.09,0.62,0.62,0.39,0.08,0.69
GYIDCEQDSCDFKGWIPGNMID,-0.33,Non-Toxin,-0.1,0.67,0.67,0.28,0.08,0.64
YAIQEGFDATNSALVKI,-1.14,Non-Toxin,-0.01,0.64,0.64,0.36,-0.23,0.65
TGFHTINHTFGNPV,-0.28,Non-Toxin,0.01,0.55,0.55,0.21,-0.72,0.64
INLCDDPEKAQ,-0.35,Non-Toxin,-0.27,0.64,0.64,0.56,0.66,0.82
MWLSYFIASFRL,-1.06,Non-Toxin,0.14,0.62,0.62,0.2,-1.19,0.67
DIGNPKGIPIVDDPVV,-0.77,Non-Toxin,0,0.65,0.65,0.23,0.14,0.44
ESKVSGKGQQQQGQTVTKK,-1.59,Non-Toxin,-0.41,0.65,0.65,1.17,0.67,1.21
LIKSPLHSL,-0.94,Non-Toxin,0.03,0.49,0.49,0.57,-0.46,0.56
GDNSAKF,-0.31,Non-Toxin,-0.24,0.66,0.66,0.52,0.5,0.86
ITSTPIVVDCATYV,-0.71,Non-Toxin,0.13,0.61,0.61,0,-0.7,0.43
GCQLVLTVSLQ,-0.66,Non-Toxin,0.1,0.61,0.61,0.23,-0.83,0.55
LYNSTFFSTFKCY,-0.49,Non-Toxin,-0.01,0.63,0.63,0.28,-0.92,0.77
QPLPNASFDNFKLTCSNTKF,-1.02,Non-Toxin,-0.17,0.61,0.61,0.43,-0.15,0.85
WYIWLGFIAGLIAIV,-0.68,Non-Toxin,0.45,0.62,0.62,0,-1.66,0.2
LLAKKEL,-0.7,Non-Toxin,-0.14,0.59,0.59,1.23,0.44,0.71
DMYDPRTKHVTKENDSK,-1.4,Non-Toxin,-0.51,0.62,0.62,0.95,1.06,1.24
STKPVETSNSF,-1.25,Non-Toxin,-0.22,0.59,0.59,0.45,0.21,0.91
YAKDHNDMLYSPPTISYNSTLQSGLK,-0.8,Non-Toxin,-0.17,0.59,0.59,0.39,-0.13,0.85
GFRDYIINRTFMIRSCY,-0.12,Non-Toxin,-0.19,0.68,0.68,0.43,-0.31,1.12
VSLLRSTSQKSIVAYTMSLGADSSIAY,-1.03,Non-Toxin,-0.04,0.61,0.61,0.27,-0.33,0.74
RDSTYGPLQTPV,-0.8,Non-Toxin,-0.22,0.59,0.59,0.31,0.01,0.92
QPRNVSYDSVS,-1.32,Non-Toxin,-0.32,0.63,0.63,0.34,0.18,1.18
RVVPSGDVVR,-1.26,Non-Toxin,-0.23,0.65,0.65,0.49,0.33,1
LEAQVQID,-0.92,Non-Toxin,-0.08,0.66,0.66,0.47,0.1,0.75
STFVGILPPTVR,-1.26,Non-Toxin,0.05,0.58,0.58,0.2,-0.55,0.58
PIAYLVFVTT,-1.21,Non-Toxin,0.28,0.6,0.6,0,-1.27,0.3
IYDGGCLN,-0.39,Non-Toxin,0.04,0.68,0.68,0,-0.46,0.5
YKTPPIKDFGGFNF,-1.11,Non-Toxin,-0.07,0.64,0.64,0.52,-0.2,0.64
GPTTEVK,-0.97,Non-Toxin,-0.21,0.59,0.59,0.71,0.53,0.71
ELANYKQ,-0.75,Non-Toxin,-0.32,0.65,0.65,0.88,0.26,1.14
ARKSCSIDSDVDT,-0.56,Non-Toxin,-0.34,0.64,0.64,0.47,0.82,1
PDEIFRSDTLYLTQ,-1.31,Non-Toxin,-0.2,0.62,0.62,0.36,0.11,0.93
WILISTFLFSCIISAF,-0.64,Non-Toxin,0.34,0.61,0.61,0,-1.42,0.31
GSSAARLEPCNGTD,-0.42,Non-Toxin,-0.22,0.6,0.6,0.27,0.4,0.79
PSQVQKAKQ,-0.53,Non-Toxin,-0.42,0.61,0.61,1.23,0.54,1.22
VLFSTVVIKN,-1.18,Non-Toxin,0.13,0.65,0.65,0.37,-0.75,0.6
AKIQSVVNSNAQALNS,-0.49,Non-Toxin,-0.13,0.63,0.63,0.39,-0.2,0.94
GAGSDKEVAPGSA,-0.79,Non-Toxin,-0.1,0.6,0.6,0.38,0.51,0.46
DSFSCNNFDESKIY,-1.37,Non-Toxin,-0.23,0.67,0.67,0.35,0.23,0.93
VTTAETTD,-0.86,Non-Toxin,-0.16,0.6,0.6,0.16,0.3,0.75
GLTNCLA,-0.62,Non-Toxin,0.1,0.6,0.6,0,-0.76,0.43
ISSNTDNET,-0.77,Non-Toxin,-0.31,0.64,0.64,0.14,0.49,1.11
SFAAIPFAQSIFYRLNGV,-1.59,Non-Toxin,0.09,0.62,0.62,0.21,-0.79,0.61
YYSLPAINVTIN,-1.06,Non-Toxin,0.09,0.62,0.62,0,-0.98,0.67
QITTDTGIE,-0.8,Non-Toxin,-0.11,0.64,0.64,0.28,0.16,0.78
VNSGSDMNCNIPTQCYYNNGSSGR,-0.1,Non-Toxin,-0.23,0.66,0.66,0.15,-0.13,1
KTICFSTVEVP,-0.91,Non-Toxin,0,0.61,0.61,0.45,-0.25,0.55
IHSLRVCVDT,-0.75,Non-Toxin,-0.09,0.57,0.57,0.39,-0.22,0.8
SMDNSPNLA,-0.72,Non-Toxin,-0.17,0.61,0.61,0,0.04,0.78
ELSTGCHTGTDFTG,-0.87,Non-Toxin,-0.08,0.57,0.57,0.19,-0.08,0.57
KRISNCVAD,-0.79,Non-Toxin,-0.32,0.66,0.66,0.68,0.52,1.11
DDLNQLTGYKKPASR,-0.95,Non-Toxin,-0.38,0.63,0.63,0.74,0.59,1.13
ELRYNGAIRFDS,-0.95,Non-Toxin,-0.29,0.66,0.66,0.51,0.3,1.17
FKNIDGYFKIYSKHTPI,-1.06,Non-Toxin,-0.12,0.62,0.62,0.73,-0.2,0.82
FYSANFLDDNVLPE,-1.66,Non-Toxin,-0.04,0.64,0.64,0.09,-0.23,0.64
QFVKETTNMVK,-0.46,Non-Toxin,-0.23,0.67,0.67,0.9,0.16,1
IFSRVKNTKLYVN,-1.34,Non-Toxin,-0.21,0.67,0.67,0.75,-0.16,1.15
KHANLYQ,-0.16,Non-Toxin,-0.29,0.55,0.55,0.91,-0.24,1.14
YPFVSDSVAT,-0.92,Non-Toxin,0.05,0.6,0.6,0,-0.51,0.5
LPRWYFYYLGTGPHAKD,-1.23,Non-Toxin,-0.1,0.57,0.57,0.45,-0.52,0.76
RGPPRAEL,-0.68,Non-Toxin,-0.42,0.56,0.56,0.77,0.84,1.12
DYSVLYNSTFFSTFKCYG,-0.35,Non-Toxin,-0.02,0.64,0.64,0.2,-0.69,0.72
LELTDESCNNLV,-0.55,Non-Toxin,-0.13,0.63,0.63,0.21,0.12,0.75
IQTTPGSGVPVVDSYYSL,-1.43,Non-Toxin,0.03,0.61,0.61,0.07,-0.52,0.56
IFRSDTLYLTQDLF,-1.61,Non-Toxin,-0.07,0.63,0.63,0.26,-0.41,0.86
TSYSVVVQP,-1.32,Non-Toxin,0.02,0.6,0.6,0.14,-0.71,0.67
KTVGELGDVRET,-0.85,Non-Toxin,-0.27,0.65,0.65,0.72,0.78,0.92
TLFLNGYYPTSGSTYR,-0.4,Non-Toxin,-0.09,0.6,0.6,0.15,-0.65,0.88
AGQEQTNCNTSS,-0.4,Non-Toxin,-0.31,0.63,0.63,0.31,0.18,1.08
QNLVGYYSDDGNYYC,-0.45,Non-Toxin,-0.14,0.68,0.68,0.08,-0.44,0.87
EGVFVSNGTHWFVTQR,-1.37,Non-Toxin,-0.07,0.61,0.61,0.4,-0.47,0.88
YHPNTVDCQDDRC,-0.03,Non-Toxin,-0.4,0.61,0.61,0.4,0.44,1.08
KAPLVYLNHSVPKL,-1.15,Non-Toxin,-0.05,0.54,0.54,0.63,-0.37,0.64
VNQQGNSLNHLT,-1.1,Non-Toxin,-0.2,0.6,0.6,0.33,-0.39,1.08
VPAQEKNFT,-1.22,Non-Toxin,-0.21,0.62,0.62,0.69,0.17,0.89
SLILDYFSYPLSMKSD,-1,Non-Toxin,-0.03,0.62,0.62,0.23,-0.34,0.62
KVGGNYNYLYRLFRKSN,-1.34,Non-Toxin,-0.31,0.67,0.67,0.72,-0.09,1.29
TIYNREMKCYERVK,-0.72,Non-Toxin,-0.44,0.68,0.68,1.06,0.54,1.36
QNDVCSTEDF,-0.48,Non-Toxin,-0.26,0.67,0.67,0.25,0.43,0.9
APDGLLFLHTVLLPTDY,-0.94,Non-Toxin,0.11,0.54,0.54,0.09,-0.65,0.35
EVSTDEVGD,-0.92,Non-Toxin,-0.21,0.67,0.67,0.28,0.99,0.67
NYKIDTTSSSCQLYYS,-0.18,Non-Toxin,-0.2,0.63,0.63,0.31,-0.29,1
PDDQIGYYRRATRRVRG,-0.72,Non-Toxin,-0.55,0.66,0.66,0.79,0.73,1.59
AGGITYVSNSGNLLGFK,-1.41,Non-Toxin,0.05,0.64,0.64,0.22,-0.51,0.59
NSTVLSFCAFAVDAA,-0.84,Non-Toxin,0.12,0.61,0.61,0,-0.63,0.4
YNLNFEENLR,-1.06,Non-Toxin,-0.32,0.68,0.68,0.5,0.12,1.3
DAEEKLDNPSSSE,-0.63,Non-Toxin,-0.39,0.62,0.62,0.58,1.29,0.92
NLPGCDGGSL,-0.6,Non-Toxin,-0.01,0.61,0.61,0,-0.11,0.4
YPQGRTYSN,-0.79,Non-Toxin,-0.38,0.62,0.62,0.41,-0.14,1.33
IRKAKDYG,-0.25,Non-Toxin,-0.44,0.68,0.68,1.22,0.92,1.25
LDIIVKPVFFNAFVKCN,-0.14,Non-Toxin,0.09,0.66,0.66,0.43,-0.56,0.53
YATHSDKFTDGVCL,-0.45,Non-Toxin,-0.1,0.59,0.59,0.37,-0.11,0.64
IGSNNVCT,-0.82,Non-Toxin,-0.03,0.66,0.66,0,-0.5,0.75
TAVKSGT,-1.04,Non-Toxin,-0.11,0.6,0.6,0.52,0.07,0.71
CSHAAVDSLC,-0.83,Non-Toxin,0,0.53,0.53,0.14,-0.32,0.4
FWRDGSCSCVGS,-0.98,Non-Toxin,-0.11,0.63,0.63,0.2,-0.21,0.75
SLWVYKQ,-0.66,Non-Toxin,-0.08,0.62,0.62,0.7,-0.79,1
TGPHKDAK,-1,Non-Toxin,-0.4,0.53,0.53,1.1,0.95,0.88
PTVSYGSTLQ,-1.06,Non-Toxin,-0.04,0.58,0.58,0.12,-0.56,0.7
GNYYRITSRIMF,-1.28,Non-Toxin,-0.17,0.68,0.68,0.41,-0.49,1.17
TFYPKLQ,-0.71,Non-Toxin,-0.13,0.6,0.6,0.7,-0.54,0.86
ENQKLIANQFNSAIG,-0.82,Non-Toxin,-0.13,0.66,0.66,0.5,-0.11,0.93
NSNNLDSKVGGN,-1.19,Non-Toxin,-0.29,0.68,0.68,0.31,0.34,1.08
RKIKKYPCMVGPDYAYF,-0.39,Non-Toxin,-0.19,0.65,0.65,0.79,-0.03,0.82
TFYPKLQSSQAW,-0.59,Non-Toxin,-0.12,0.58,0.58,0.51,-0.57,0.92
FPGQKYSSDC,-0.23,Non-Toxin,-0.23,0.62,0.62,0.49,0.1,0.8
DAITQTSQA,-1.58,Non-Toxin,-0.17,0.61,0.61,0.28,0.01,0.89
IFAKVKNTKVIK,-1.13,Non-Toxin,-0.15,0.67,0.67,1.22,0.18,0.92
GAISSSL,-0.77,Non-Toxin,0.13,0.57,0.57,0,-0.46,0.43
FLLTNTSSVVDGVV,-1.07,Non-Toxin,0.13,0.63,0.63,0,-0.65,0.5
EKHCYDLLRDCDAVAPHDF,-0.37,Non-Toxin,-0.23,0.57,0.57,0.54,0.37,0.74
PTTIAKN,-0.56,Non-Toxin,-0.17,0.58,0.58,0.52,0.01,0.86
GDPQQLPAP,-1.33,Non-Toxin,-0.15,0.55,0.55,0.28,0.12,0.56
KIQSVVNSNAQAL,-0.67,Non-Toxin,-0.11,0.64,0.64,0.47,-0.25,0.92
VYKSLTIVDIP,-0.81,Non-Toxin,0.07,0.63,0.63,0.33,-0.44,0.55
TNFTIVGQEEFIQTNS,-0.96,Non-Toxin,-0.08,0.66,0.66,0.32,-0.26,0.88
NWCCLKCG,1.48,Toxin,-0.07,0.63,0.63,0.46,-0.62,0.62
KSVCTVIDIL,-0.88,Non-Toxin,0.09,0.65,0.65,0.37,-0.35,0.5
SSFELPQ,-1.05,Non-Toxin,-0.11,0.57,0.57,0.36,-0.07,0.71
ATLYYQN,-0.57,Non-Toxin,-0.1,0.63,0.63,0.18,-0.99,1
GCCDDYTGYQE,1.36,Toxin,-0.23,0.67,0.67,0.23,0.2,0.73
SDGVDSFEG,-1.01,Non-Toxin,-0.12,0.67,0.67,0.14,0.62,0.56
IKPEATINQDSYGGAS,-1.3,Non-Toxin,-0.14,0.63,0.63,0.39,0.17,0.75
SDLVQNG,-0.69,Non-Toxin,-0.15,0.66,0.66,0.18,0.06,0.86
DQLSDPNY,-0.63,Non-Toxin,-0.32,0.64,0.64,0.16,0.33,1
AFGDYTS,-1.06,Non-Toxin,-0.02,0.63,0.63,0,-0.34,0.57
VKCYFNYSCVFSVVNA,-0.1,Non-Toxin,0.05,0.66,0.66,0.23,-0.88,0.62
AYANRNRFLYIIKLIF,-0.71,Non-Toxin,-0.06,0.66,0.66,0.54,-0.64,1
VVSDGVDS,-1.08,Non-Toxin,-0.02,0.67,0.67,0,0.26,0.5
LWNYGKPINLPTGCM,-0.41,Non-Toxin,0.01,0.61,0.61,0.24,-0.69,0.6
IGKYYKTNT,-0.53,Non-Toxin,-0.25,0.66,0.66,0.82,-0.11,1.11
YFTSDYYQLYSTQLSTDTG,-1.12,Non-Toxin,-0.13,0.62,0.62,0.13,-0.51,0.89
ISEYVVDVSYGLGTY,-0.87,Non-Toxin,0.08,0.65,0.65,0.08,-0.59,0.53
EVTGDSCNNYMLT,-1.04,Non-Toxin,-0.13,0.66,0.66,0.1,-0.15,0.77
SRLWFKPPFLSDFINGI,-0.82,Non-Toxin,0,0.61,0.61,0.36,-0.49,0.71
SSLILDYFSYPLSMK,-0.85,Non-Toxin,0.02,0.61,0.61,0.24,-0.56,0.6
NSSSGVLDTTIPF,-0.8,Non-Toxin,0,0.6,0.6,0,-0.33,0.62
HRNSLDP,-0.41,Non-Toxin,-0.47,0.52,0.52,0.56,0.6,1.29
SYVAYTMSLGADSSIAYSNNTIAIPTNFSIS,-1.32,Non-Toxin,0.03,0.62,0.62,0,-0.6,0.65
NDLNEFVS,-0.99,Non-Toxin,-0.15,0.68,0.68,0.16,0.11,0.88
TFMYTYNITEDEIL,-1.13,Non-Toxin,-0.02,0.66,0.66,0.18,-0.41,0.71
GVHAGTDLEGN,-1.11,Non-Toxin,-0.07,0.59,0.59,0.25,0.14,0.55
WVNPGFL,-0.86,Non-Toxin,0.21,0.6,0.6,0,-1.29,0.43
AELVPSTAAMLFDSH,-1.67,Non-Toxin,0.05,0.55,0.55,0.18,-0.31,0.4
RIEPCSSGLST,-0.58,Non-Toxin,-0.18,0.58,0.58,0.34,0.17,0.82
HNTCCNLSH,0.9,Toxin,-0.21,0.48,0.48,0.32,-0.5,0.89
LHTINATFLDLYYEMNLI,-0.34,Non-Toxin,0.08,0.61,0.61,0.15,-0.81,0.61
LPNGVTVVEEPDSR,-1.05,Non-Toxin,-0.19,0.62,0.62,0.36,0.41,0.79
GNCDVVIGIINNTVY,-0.42,Non-Toxin,0.09,0.7,0.7,0,-0.67,0.6
TKENDSKEG,-0.94,Non-Toxin,-0.56,0.66,0.66,1.1,1.68,1.22
LALCVFFILCCT,0.83,Toxin,0.36,0.61,0.61,0,-1.47,0.08
SHSVVYSRYCFSV,-0.91,Non-Toxin,-0.07,0.59,0.59,0.3,-0.68,0.85
GFTPLNKQSC,-0.65,Non-Toxin,-0.16,0.61,0.61,0.49,-0.2,0.8
AITTGYRFTNFEPFTV,-1.32,Non-Toxin,-0.02,0.62,0.62,0.23,-0.56,0.75
DSYKPGN,-0.7,Non-Toxin,-0.37,0.64,0.64,0.52,0.6,1
DKWLNNFNVPSPL,-1.04,Non-Toxin,-0.12,0.61,0.61,0.28,-0.32,0.85
HNFGSAGVVANGVKA,-1.29,Non-Toxin,0.03,0.61,0.61,0.34,-0.35,0.53
YYSGNANEAD,-0.71,Non-Toxin,-0.22,0.66,0.66,0.13,0.11,0.9
RSVCNTGRCTVNKHV,0.24,Toxin,-0.34,0.61,0.61,0.67,0.13,1.2
YLTQDLFLPFYSNV,-1.83,Non-Toxin,0.06,0.62,0.62,0.09,-0.94,0.64
LNGNTSVCVRTSHFS,-0.99,Non-Toxin,-0.14,0.59,0.59,0.26,-0.35,0.93
ESYVDVGPDSVK,-0.81,Non-Toxin,-0.16,0.65,0.65,0.41,0.48,0.67
ITTIQGPPGSGKSH,-0.77,Non-Toxin,-0.09,0.55,0.55,0.46,-0.08,0.64
KKVNNEFIDPTE,-1.07,Non-Toxin,-0.32,0.67,0.67,0.82,0.77,1
GSRGGSQASSRSSSRSRNSSRNSTPGSSRGTSP,-0.29,Non-Toxin,-0.47,0.59,0.59,0.48,0.65,1.39
LKGSGSDF,-0.74,Non-Toxin,-0.11,0.64,0.64,0.46,0.29,0.62
PFLSDFNNGIFSRV,-1.42,Non-Toxin,-0.04,0.65,0.65,0.18,-0.4,0.79
HSKVKVVP,-1.04,Non-Toxin,-0.16,0.54,0.54,1.1,0.16,0.75
SAIVTQF,-1.15,Non-Toxin,0.14,0.62,0.62,0.18,-0.89,0.57
SIPFSLAIQARLNYV,-1.83,Non-Toxin,0.03,0.61,0.61,0.25,-0.7,0.73
RKAWAAFYVYKLQ,-1.14,Non-Toxin,-0.14,0.62,0.62,0.85,-0.47,1
KEIKESVQT,-0.83,Non-Toxin,-0.37,0.65,0.65,1.24,0.98,1.11
SNSNFRHSDSIVKP,-0.75,Non-Toxin,-0.32,0.59,0.59,0.54,0.31,1.14
SYKGIKVLPPLLSENQISG,-1.03,Non-Toxin,-0.06,0.61,0.61,0.52,-0.13,0.68
CVADYSVLYNSTFFSTFK,-0.71,Non-Toxin,0.01,0.63,0.63,0.2,-0.67,0.67
LYLTQDLFLPFYSNV,-1.73,Non-Toxin,0.09,0.62,0.62,0.08,-1,0.6
ANKIVGGAPT,-0.88,Non-Toxin,0.01,0.61,0.61,0.37,-0.15,0.5
LKESQINE,-0.91,Non-Toxin,-0.33,0.65,0.65,0.93,0.76,1.12
ADYNYKLPDD,-0.3,Non-Toxin,-0.31,0.65,0.65,0.37,0.53,0.9
GFKPNNTSA,-0.83,Non-Toxin,-0.21,0.61,0.61,0.41,0.03,0.89
NNAATVLQLPQG,-1.09,Non-Toxin,-0.05,0.6,0.6,0.21,-0.47,0.75
WSYDTCVSNNRCNIF,-0.39,Non-Toxin,-0.18,0.66,0.66,0.16,-0.45,1.07
NFQKFKTICFSTVEVPGS,-1.04,Non-Toxin,-0.07,0.64,0.64,0.55,-0.23,0.72
VQQDGRIPNGF,-1.2,Non-Toxin,-0.22,0.67,0.67,0.45,0.07,1
RFVALVLAK,-0.99,Non-Toxin,0.04,0.62,0.62,0.68,-0.46,0.67
ISNEKQEI,-0.96,Non-Toxin,-0.31,0.68,0.68,0.93,0.76,1.12
NSWQNLLYDSNGNII,-0.78,Non-Toxin,-0.09,0.66,0.66,0.08,-0.55,1
RYNLNFSANSLDNL,-0.95,Non-Toxin,-0.22,0.65,0.65,0.18,-0.24,1.14
AIQEGFDATNSALV,-1.01,Non-Toxin,0.02,0.63,0.63,0.18,-0.2,0.57
VYFLRYSGAIKLDPKNPN,-0.78,Non-Toxin,-0.17,0.63,0.63,0.54,-0.1,0.89
STFVGILPPT,-1.2,Non-Toxin,0.18,0.56,0.56,0,-0.81,0.3
AYQNLVGYYSDDGNYYCL,-0.18,Non-Toxin,-0.08,0.67,0.67,0.07,-0.62,0.78
VDSSQGSEYDY,-0.53,Non-Toxin,-0.25,0.66,0.66,0.23,0.36,0.91
FYSANFLDDNVLPETY,-1.62,Non-Toxin,-0.05,0.64,0.64,0.08,-0.37,0.69
VVSKSKELL,-0.98,Non-Toxin,-0.13,0.62,0.62,0.96,0.33,0.78
DTAKKSMYDGDRF,-0.47,Non-Toxin,-0.4,0.67,0.67,0.75,0.87,1.08
AVYRINWITGGIAI,-1.5,Non-Toxin,0.15,0.65,0.65,0.18,-0.9,0.64
TYHTPATDCSDGNYNRNA,0.14,Toxin,-0.31,0.59,0.59,0.22,0.09,1.06
RIKAKHY,-0.39,Non-Toxin,-0.48,0.57,0.57,1.61,0.56,1.43
NSLMNGVTLSTKLKDGVNFNVDDINFSPVLGCLGSECSKASSR,-1.11,Non-Toxin,-0.12,0.64,0.64,0.34,0.02,0.77
SRFNPSTWNKR,-0.49,Non-Toxin,-0.52,0.61,0.61,0.78,0.34,1.64
NENQAVT,-1.29,Non-Toxin,-0.28,0.66,0.66,0.36,0.17,1.14
LDNQDLYG,-1.14,Non-Toxin,-0.19,0.68,0.68,0.16,0.06,0.88
YFTQSRDLEDFKPRSQM,-1.35,Non-Toxin,-0.4,0.64,0.64,0.73,0.48,1.24
VSMPGSHSL,-1.5,Non-Toxin,0.03,0.52,0.52,0.16,-0.47,0.44
GVYYPDEIFRSDTLYLTQ,-1.24,Non-Toxin,-0.11,0.64,0.64,0.28,-0.26,0.83
KDFVTNKTYNIF,-1.26,Non-Toxin,-0.17,0.68,0.68,0.61,-0.17,1
QNSRTPKY,-0.46,Non-Toxin,-0.59,0.61,0.61,0.92,0.5,1.62
SAETVRVEEEEEEDWLDDTTEQSEIEPEPEPTPEEPVNQFTGYLKLTD,-1.04,Non-Toxin,-0.27,0.62,0.62,0.55,0.8,0.83
NIDATSTGNYN,-1.09,Non-Toxin,-0.19,0.66,0.66,0,-0.14,1
VYHENEEYQK,-0.36,Non-Toxin,-0.41,0.63,0.63,1.02,0.58,1.2
VRTSHFSIRYIYNRVK,-1.29,Non-Toxin,-0.31,0.62,0.62,0.78,-0.11,1.38
RINWITGGIAIAM,-0.98,Non-Toxin,0.14,0.65,0.65,0.19,-0.78,0.62
IFLWLLWPVTLA,-1.14,Non-Toxin,0.4,0.55,0.55,0,-1.72,0.25
QYDSSIH,-0.73,Non-Toxin,-0.23,0.56,0.56,0.39,-0.11,1
SGSIRFDSTLPGFE,-1.27,Non-Toxin,-0.1,0.61,0.61,0.27,0.06,0.71
VPRISEYVVDVSYGL,-1.47,Non-Toxin,0,0.64,0.64,0.25,-0.31,0.67
GSLSQNHHT,-0.8,Non-Toxin,-0.24,0.47,0.47,0.46,-0.24,1
RPRNSSDNGI,-0.46,Non-Toxin,-0.52,0.64,0.64,0.49,0.82,1.5
LQNLLQLPNFYYV,-1.23,Non-Toxin,0.04,0.63,0.63,0.19,-1.15,0.77
ASATDFWTVAFATFVD,-1.41,Non-Toxin,0.13,0.61,0.61,0,-0.68,0.44
NCNFNLSTLLRLVHTDSF,-0.9,Non-Toxin,-0.1,0.59,0.59,0.22,-0.49,0.89
FVSADGELPVAISGDKVFVRDGNTDNLVFVNKTSLPTN,-1.22,Non-Toxin,-0.08,0.64,0.64,0.29,-0.01,0.71
RNFDEQNCDVL,-0.65,Non-Toxin,-0.37,0.69,0.69,0.45,0.53,1.18
VDNVYVTYA,-1.12,Non-Toxin,0.04,0.67,0.67,0,-0.76,0.67
LVSGTATA,-1.05,Non-Toxin,0.14,0.57,0.57,0,-0.6,0.38
TSKDTLDDILQQANKS,-1.17,Non-Toxin,-0.33,0.63,0.63,0.61,0.59,1.06
SGSLGDSGKLLSELLKEKY,-1.38,Non-Toxin,-0.17,0.61,0.61,0.71,0.42,0.74
LHPDSATL,-0.59,Non-Toxin,-0.04,0.47,0.47,0.18,-0.21,0.5
NFEDWHYA,-1.25,Non-Toxin,-0.14,0.58,0.58,0.34,-0.37,0.88
DIMKAVAAALKSLGFD,-1.48,Non-Toxin,0.03,0.63,0.63,0.46,-0.03,0.44
FLDGLDLTPVIDDV,-1.03,Non-Toxin,0.07,0.64,0.64,0,-0.08,0.36
SGFLQSSNYKIDTTSSSC,-0.12,Non-Toxin,-0.17,0.61,0.61,0.27,-0.11,0.89
KPLADDDSA,-0.78,Non-Toxin,-0.28,0.6,0.6,0.41,1.06,0.67
VLYSDNGV,-1.06,Non-Toxin,0.02,0.67,0.67,0,-0.45,0.62
DYCIPYN,-0.38,Non-Toxin,-0.09,0.66,0.66,0,-0.6,0.71
DQLTPTWRVY,-1.39,Non-Toxin,-0.21,0.6,0.6,0.37,-0.36,1.1
GTTPQKLFVANYSQDVKQ,-0.94,Non-Toxin,-0.2,0.63,0.63,0.62,-0.04,0.94
CRFVSLDLQDCIVGI,-0.78,Non-Toxin,0.02,0.66,0.66,0.25,-0.35,0.6
ANSLDNLKSG,-0.62,Non-Toxin,-0.21,0.63,0.63,0.37,0.29,0.9
ISEYVVDVSYGL,-0.98,Non-Toxin,0.1,0.66,0.66,0.11,-0.51,0.5
DLPSGFNTLKPIFKL,-1.7,Non-Toxin,-0.03,0.6,0.6,0.49,-0.21,0.6
SSKVVLSD,-1.06,Non-Toxin,-0.12,0.62,0.62,0.46,0.26,0.75
ALNVFVSHT,-1.01,Non-Toxin,0.11,0.55,0.55,0.16,-0.91,0.56
DYIINRTFMIRS,-0.13,Non-Toxin,-0.19,0.69,0.69,0.41,-0.2,1.17
KVKNTKVIKDRVMYSE,-1.26,Non-Toxin,-0.37,0.68,0.68,1.15,0.7,1.19
EFTDENYNN,-0.85,Non-Toxin,-0.38,0.7,0.7,0.28,0.49,1.22
KLTVGDIFVLTSHSVATL,-1.47,Non-Toxin,0.09,0.58,0.58,0.28,-0.54,0.5
SQLPLDV,-1.25,Non-Toxin,-0.02,0.58,0.58,0.18,-0.23,0.57
KCKSKNPL,-0.19,Non-Toxin,-0.46,0.61,0.61,1.38,0.84,1.12
ISRVELHTVIPDYVDVN,-0.97,Non-Toxin,-0.07,0.62,0.62,0.3,-0.12,0.76
VYNNSGSNITQ,-1.44,Non-Toxin,-0.17,0.67,0.67,0.11,-0.42,1.09
LGTYYILDRVYLN,-1.5,Non-Toxin,-0.02,0.65,0.65,0.19,-0.75,0.85
KPSFASSCKSHKPPSASCPIGTNYRSC,-0.76,Non-Toxin,-0.23,0.55,0.55,0.55,0.1,0.81
RNFTYDVNADYL,-0.67,Non-Toxin,-0.22,0.67,0.67,0.2,-0.16,1.08
DVYTKGKLQRLSKEH,-0.98,Non-Toxin,-0.41,0.6,0.6,1.16,0.68,1.2
FHANSSE,-0.25,Non-Toxin,-0.19,0.53,0.53,0.39,0.04,0.86
FVLALLSDL,-1.44,Non-Toxin,0.28,0.59,0.59,0,-0.93,0.22
IVDEPEEHVQ,-0.55,Non-Toxin,-0.19,0.59,0.59,0.65,0.69,0.7
LNSSYFKLSIPTNF,-1.11,Non-Toxin,-0.03,0.61,0.61,0.26,-0.63,0.79
NGNLYGFRDYIIN,-0.61,Non-Toxin,-0.11,0.7,0.7,0.19,-0.45,1
FVAQQLVRSESAALSAQL,-1.12,Non-Toxin,-0.05,0.6,0.6,0.42,-0.3,0.78
RVKNTKLYVNKTLYSE,-0.93,Non-Toxin,-0.34,0.65,0.65,0.92,0.23,1.25
AEELASPMKSDEGGLCPSTGQAM,-0.82,Non-Toxin,-0.11,0.6,0.6,0.38,0.3,0.52
PSFYMPLLVSSDKAP,-1.47,Non-Toxin,0,0.57,0.57,0.24,-0.32,0.47
MYKEARAVNRKSK,-0.89,Non-Toxin,-0.54,0.66,0.66,1.32,0.95,1.46
NYVFNNSLTRQLQPIN,-1.02,Non-Toxin,-0.2,0.65,0.65,0.31,-0.47,1.19
AGSTPCNGVEGFNCYFPLQSYGFQPTNGVGYQP,-0.56,Non-Toxin,-0.03,0.62,0.62,0.15,-0.54,0.61
SNGTYNCTDAVL,-0.74,Non-Toxin,-0.09,0.64,0.64,0,-0.35,0.75
VITSGDGTTSPISEHDYQIGGYTEKWESGVKD,-0.88,Non-Toxin,-0.15,0.62,0.62,0.43,0.22,0.75
AWAAFYVYKLQPLT,-1.41,Non-Toxin,0.1,0.58,0.58,0.35,-1.02,0.57
NATFLDLYYEMNLIQE,-0.7,Non-Toxin,-0.04,0.66,0.66,0.24,-0.43,0.75
ASFNKAINNIVA,-0.83,Non-Toxin,0.01,0.65,0.65,0.31,-0.43,0.75
HFSIRYIYNRVKSGSPGD,-1.07,Non-Toxin,-0.24,0.61,0.61,0.56,0.02,1.06
DEIFRSDTLYLT,-1.09,Non-Toxin,-0.17,0.64,0.64,0.31,0.11,0.92
ATSDWTDVRD,-0.69,Non-Toxin,-0.34,0.63,0.63,0.25,0.61,1.1
AELVPSTAAMLFDSHI,-1.73,Non-Toxin,0.09,0.56,0.56,0.17,-0.41,0.38
PDGLLFLHTVLLPTDY,-0.94,Non-Toxin,0.1,0.55,0.55,0.09,-0.66,0.38
FASTNIIRGWI,-0.37,Non-Toxin,0.07,0.64,0.64,0.22,-0.79,0.82
PSSIKEMQSQSSHVAQ,-0.95,Non-Toxin,-0.24,0.57,0.57,0.63,0.16,0.94
DEPYTEDTSEI,-0.95,Non-Toxin,-0.29,0.63,0.63,0.35,0.95,0.82
FNAEGDASWS,-0.7,Non-Toxin,-0.09,0.62,0.62,0.13,-0.01,0.7
CNIFSNFILNGINSGTTC,-0.91,Non-Toxin,0.05,0.65,0.65,0,-0.76,0.67
DHNFGSAGVVANG,-1.22,Non-Toxin,0,0.61,0.61,0.11,-0.25,0.54
MSCDCGKKFDDQVG,-0.3,Non-Toxin,-0.25,0.69,0.69,0.61,0.59,0.71
KTVYSDVENP,-0.71,Non-Toxin,-0.25,0.64,0.64,0.49,0.38,0.9
YYCLRACVSVPVSVIY,-0.63,Non-Toxin,0.09,0.62,0.62,0.15,-0.96,0.56
SRRKRRSISASYRFV,-1.27,Non-Toxin,-0.59,0.63,0.63,1.06,0.71,1.8
IQNGFSATNSALAKIQSV,-0.99,Non-Toxin,-0.04,0.62,0.62,0.34,-0.37,0.78
DSKTQSLLIVNNATNV,-1.14,Non-Toxin,-0.14,0.64,0.64,0.31,-0.14,0.94
GMPTTFLFSLYLGTL,-1.31,Non-Toxin,0.2,0.59,0.59,0,-1.11,0.33
LQNSRTPKY,-0.37,Non-Toxin,-0.46,0.61,0.61,0.82,0.24,1.44
ETNILLNVPLHGT,-1.54,Non-Toxin,0.02,0.56,0.56,0.21,-0.51,0.62
EHPDVDGL,-0.17,Non-Toxin,-0.16,0.56,0.56,0.34,0.65,0.5
WNCNVDKYPSNSI,-0.05,Non-Toxin,-0.2,0.64,0.64,0.28,-0.22,1
QPTDNST,-0.91,Non-Toxin,-0.39,0.59,0.59,0.18,0.41,1.14
RNPNNNAATVLQLPQGT,-0.81,Non-Toxin,-0.23,0.61,0.61,0.29,-0.16,1.06
TYVSNSGNLLGFK,-1.11,Non-Toxin,-0.04,0.64,0.64,0.28,-0.48,0.77
NVLYENQKQI,-0.69,Non-Toxin,-0.26,0.69,0.69,0.74,-0.06,1.2
KVDTSNPKTPK,-0.55,Non-Toxin,-0.44,0.6,0.6,1,0.93,1.09
IKNVNSV,-0.58,Non-Toxin,-0.12,0.69,0.69,0.52,-0.16,1
NESYNNYVPSYVKPDSVSTSDLGSLID,-1.38,Non-Toxin,-0.15,0.63,0.63,0.18,0.01,0.81
DNSIQGSYER,-1.55,Non-Toxin,-0.4,0.67,0.67,0.5,0.59,1.3
GERVRQSLLKT,-1.44,Non-Toxin,-0.42,0.63,0.63,1.01,0.64,1.36
WAAFYVYKLQPLTFLLDF,-1.92,Non-Toxin,0.15,0.6,0.6,0.27,-1.08,0.5
YLSSCCGTPAK,0.84,Toxin,-0.08,0.57,0.57,0.33,-0.31,0.55
ASPNECNQMC,0.14,Toxin,-0.23,0.63,0.63,0.25,0.01,0.8
VFAQVKQI,-0.7,Non-Toxin,0.02,0.67,0.67,0.77,-0.55,0.75
STIVIGSV,-0.61,Non-Toxin,0.25,0.63,0.63,0,-0.8,0.38
HVSTFVGILPPTVREI,-1.18,Non-Toxin,0.05,0.57,0.57,0.32,-0.46,0.56
GTRPEKF,-0.57,Non-Toxin,-0.42,0.62,0.62,1.06,0.87,1.14
EGNYYRITSRIMFEPR,-1.58,Non-Toxin,-0.32,0.66,0.66,0.62,0.19,1.25
VSSIKGDKGV,-0.9,Non-Toxin,-0.13,0.66,0.66,0.73,0.48,0.7
DLGDELGTDPIEDYEQNWNTKHGSGAL,-1.13,Non-Toxin,-0.2,0.62,0.62,0.38,0.38,0.78
GVRRKNSEPE,-0.9,Non-Toxin,-0.61,0.64,0.64,1.11,1.4,1.5
DHNFGSAGVVANGVKA,-1.28,Non-Toxin,-0.02,0.62,0.62,0.32,-0.14,0.56
VMRYNLNFSANS,-1.06,Non-Toxin,-0.17,0.66,0.66,0.2,-0.48,1.08
AIDVLKKLLSSLTLTVKFVVES,-1.27,Non-Toxin,0.03,0.61,0.61,0.56,-0.21,0.59
NAAIVLQLPQGTTLP,-1.11,Non-Toxin,0.07,0.57,0.57,0.17,-0.66,0.53
VINGCKDT,-0.12,Non-Toxin,-0.15,0.68,0.68,0.46,0.19,0.75
PFGEVFNATKFPSVYAW,-1.15,Non-Toxin,0.06,0.61,0.61,0.29,-0.65,0.53
RGRKTQPK,-1.04,Non-Toxin,-0.81,0.62,0.62,1.69,1.47,1.88
DTIQADQQVDRL,-1.11,Non-Toxin,-0.34,0.66,0.66,0.52,0.55,1.17
KDVVVESS,-0.86,Non-Toxin,-0.17,0.66,0.66,0.62,0.64,0.75
VFDNFNQ,-1.22,Non-Toxin,-0.13,0.72,0.72,0.18,-0.41,1
RSESAALSAQLAKDK,-1,Non-Toxin,-0.31,0.59,0.59,0.82,0.7,1
RVKCSTI,-0.1,Non-Toxin,-0.28,0.63,0.63,0.87,0.23,1.14
ENYIKWPWWVWLII,-0.71,Non-Toxin,0.17,0.61,0.61,0.35,-1.31,0.71
LTNAKPPKYS,-0.39,Non-Toxin,-0.26,0.57,0.57,0.73,0.15,0.9
TNVNASSSEGF,-0.52,Non-Toxin,-0.12,0.63,0.63,0.12,-0.05,0.82
FVDVLVNVSATNIQ,-1.54,Non-Toxin,0.08,0.66,0.66,0.09,-0.65,0.64
RLDTIQADQQVDRL,-1.23,Non-Toxin,-0.38,0.66,0.66,0.62,0.56,1.29
TNYKLQSQIVTGLFKDCSRETSGLSP,-0.14,Non-Toxin,-0.2,0.62,0.62,0.52,0.04,0.92
APPAQYEL,-0.92,Non-Toxin,-0.05,0.54,0.54,0.32,-0.24,0.5
SIPFSLAIQARLN,-1.85,Non-Toxin,0,0.6,0.6,0.28,-0.52,0.77
LSFNNFF,-1.03,Non-Toxin,0.12,0.67,0.67,0,-1.23,0.71
YKQSCTGSPYIDDFNK,-0.12,Non-Toxin,-0.26,0.65,0.65,0.54,0.17,0.94
DDVRQIAPGQTGVI,-0.81,Non-Toxin,-0.12,0.65,0.65,0.35,0.14,0.79
RLDSIQADQQVDRLIT,-1.7,Non-Toxin,-0.3,0.65,0.65,0.54,0.39,1.19
NLFASVKSSQSS,-0.52,Non-Toxin,-0.15,0.6,0.6,0.41,-0.12,0.92
SFEAKPSGSVVEQAEG,-1.14,Non-Toxin,-0.12,0.62,0.62,0.55,0.41,0.62
PQFAELVPSTAAMLFDSH,-1.61,Non-Toxin,0.03,0.55,0.55,0.22,-0.39,0.44
AISSNTDNE,-0.77,Non-Toxin,-0.26,0.64,0.64,0.14,0.48,1
EVTPSGTWLTYHGAIKL,-1.34,Non-Toxin,0.02,0.55,0.55,0.38,-0.5,0.59
TAASHAAV,-1.11,Non-Toxin,0.09,0.48,0.48,0.18,-0.51,0.38
VKIQAVVNANAEALN,-1.07,Non-Toxin,-0.03,0.65,0.65,0.41,-0.22,0.73
NSNQNTD,-0.76,Non-Toxin,-0.54,0.68,0.68,0.18,0.53,1.57
VTRDKLEKLISTARDGVRRGDN,-1.38,Non-Toxin,-0.45,0.66,0.66,0.84,0.95,1.32
NIFANFILHDVNSGLT,-1.27,Non-Toxin,0.08,0.62,0.62,0.09,-0.7,0.62
LTFLLDFSVDGYIR,-0.97,Non-Toxin,0.04,0.64,0.64,0.18,-0.51,0.64
NGNPRCKNLLKQYTSACKTIED,-0.75,Non-Toxin,-0.34,0.63,0.63,0.73,0.37,1.09
GTFCDNINS,-0.31,Non-Toxin,-0.1,0.67,0.67,0,-0.22,0.78
GSEKGVAPGSA,-0.76,Non-Toxin,-0.07,0.6,0.6,0.45,0.37,0.45
QKDGVENTPPH,-0.82,Non-Toxin,-0.34,0.56,0.56,0.69,0.64,0.91
VGILCIM,-0.59,Non-Toxin,0.43,0.67,0.67,0,-1.31,0
GFRDYIINRTFMIRSCYS,-0.21,Non-Toxin,-0.19,0.67,0.67,0.41,-0.27,1.11
FHQNASSLALLYRNL,-0.08,Non-Toxin,-0.09,0.57,0.57,0.34,-0.62,0.93
HKRTSTKSFNMVQAFGL,-1.71,Non-Toxin,-0.21,0.6,0.6,0.73,-0.08,1
SEDGNIKN,-0.98,Non-Toxin,-0.39,0.69,0.69,0.62,0.99,1.12
DSIESVGG,-1.18,Non-Toxin,-0.03,0.66,0.66,0.16,0.41,0.5
QLVRSESAALSAQLA,-1.22,Non-Toxin,-0.09,0.58,0.58,0.41,-0.11,0.8
PKPQRQRGHKNGQGEND,-1.43,Non-Toxin,-0.62,0.62,0.62,1.1,1.09,1.47
AINDKNTTVPRISEYVVDVSYGL,-1.19,Non-Toxin,-0.11,0.65,0.65,0.32,-0.06,0.83
FFNHTLVLLPDGCG,-0.54,Non-Toxin,0.12,0.58,0.58,0.1,-0.76,0.36
IKWPWWVWLIISVV,-0.79,Non-Toxin,0.31,0.59,0.59,0.26,-1.57,0.5
VYYRATTTYKLSV,-0.47,Non-Toxin,-0.13,0.62,0.62,0.47,-0.55,1
KVEFENG,-0.9,Non-Toxin,-0.24,0.7,0.7,0.89,0.74,0.86
AYSSPLQSYACWTHSCGYDYVYN,-0.4,Non-Toxin,-0.06,0.58,0.58,0.12,-0.76,0.74
LSQNQKL,-1.04,Non-Toxin,-0.33,0.63,0.63,0.88,0.04,1.29
QQRFVYDAYQNLVGYY,-0.88,Non-Toxin,-0.15,0.68,0.68,0.39,-0.64,1.06
GQGVPLN,-1.19,Non-Toxin,0,0.63,0.63,0.18,-0.41,0.57
GHFDGQQGEV,-1.48,Non-Toxin,-0.15,0.62,0.62,0.52,0.19,0.7
PFLSDFINGIFAKVKNT,-1.05,Non-Toxin,0,0.65,0.65,0.43,-0.33,0.65
GNCDVVIGIVNNTVY,-0.62,Non-Toxin,0.08,0.7,0.7,0,-0.65,0.6
CYVNLPTYYIYDEEGGNDLS,-0.66,Non-Toxin,-0.08,0.65,0.65,0.13,-0.24,0.7
VRLQAGTATEYASNSS,-0.63,Non-Toxin,-0.18,0.6,0.6,0.31,-0.04,0.94
IQQTFFDKTWPRPIDVSKADG,-1.08,Non-Toxin,-0.2,0.63,0.63,0.59,0.19,0.9
YLVQQES,-1.04,Non-Toxin,-0.17,0.64,0.64,0.54,-0.27,1
KIMKDDGNC,-0.8,Non-Toxin,-0.34,0.71,0.71,0.82,0.9,0.89
DDKYKVNEN,-0.63,Non-Toxin,-0.55,0.72,0.72,0.96,1.29,1.33
GMPTTFLFSLYLGTLL,-1.37,Non-Toxin,0.23,0.59,0.59,0,-1.16,0.31
KGEGDGGITSEGNALYNNEGG,-0.7,Non-Toxin,-0.16,0.67,0.67,0.36,0.43,0.71
YKQSFSNPT,-0.5,Non-Toxin,-0.29,0.61,0.61,0.55,-0.13,1.11
IPFAQSIFYRLNG,-1.4,Non-Toxin,0.02,0.63,0.63,0.28,-0.73,0.77
TFMYTYNITEDEILE,-1.16,Non-Toxin,-0.06,0.66,0.66,0.25,-0.19,0.73
YDFTEHK,-1.19,Non-Toxin,-0.34,0.58,0.58,0.91,0.47,1
WVWLIISVVFVVLLSL,-1.49,Non-Toxin,0.44,0.61,0.61,0,-1.69,0.25
HNFGSAGVVANGVKAK,-1.17,Non-Toxin,-0.04,0.61,0.61,0.55,-0.14,0.62
SFRLFARTRSMWSF,-0.95,Non-Toxin,-0.21,0.61,0.61,0.53,-0.36,1.21
TYVSNSGNLLGF,-1.17,Non-Toxin,0.05,0.64,0.64,0,-0.77,0.67
IFAKVKNTKVIKDRVM,-1.28,Non-Toxin,-0.22,0.68,0.68,1.07,0.34,1
LTFLLDFSVDGY,-1.13,Non-Toxin,0.14,0.64,0.64,0,-0.69,0.42
FNYRIDTTATSC,-0.94,Non-Toxin,-0.19,0.63,0.63,0.2,-0.23,1
LPDTPSTLTPRSVRSVPGEMRLASIAFNHPIQVDQLNSSY,-1.29,Non-Toxin,-0.15,0.58,0.58,0.31,-0.09,0.85
CPIVVAV,-0.86,Non-Toxin,0.37,0.61,0.61,0,-1.11,0
ESDDYIATNGPLKVGGSCVLSGHNLA,-0.98,Non-Toxin,-0.05,0.6,0.6,0.25,-0.08,0.58
NGAIRFDSTLSGFETIM,-1.13,Non-Toxin,-0.03,0.65,0.65,0.22,-0.19,0.71
IIRSSNQSLAG,-0.31,Non-Toxin,-0.13,0.62,0.62,0.34,-0.15,1
DQLNSSY,-0.78,Non-Toxin,-0.29,0.64,0.64,0.18,-0.01,1.14
SSMRGVYYPDEIFRSDT,-0.97,Non-Toxin,-0.25,0.65,0.65,0.36,0.22,1
VVCHSQTSLRC,-0.64,Non-Toxin,-0.17,0.56,0.56,0.47,-0.35,0.91
YSSNEEQA,-0.82,Non-Toxin,-0.35,0.64,0.64,0.47,0.53,1.12
KDTEKYC,-0.84,Non-Toxin,-0.52,0.66,0.66,1.23,1.19,1.14
KHLNNYDCCL,1.53,Toxin,-0.23,0.6,0.6,0.51,-0.2,0.9
KRGPSQNF,-1.07,Non-Toxin,-0.47,0.63,0.63,0.92,0.53,1.38
MHVGYYPSNHIEVVS,-0.85,Non-Toxin,0.01,0.57,0.57,0.28,-0.63,0.6
WGQDYHPD,-0.71,Non-Toxin,-0.26,0.56,0.56,0.34,0,0.88
QKVEQPKIEPKP,-1.16,Non-Toxin,-0.41,0.6,0.6,1.34,1.01,1
QTVDSSQGSE,-0.83,Non-Toxin,-0.3,0.63,0.63,0.38,0.54,1
VDRDPSSDEAI,-0.88,Non-Toxin,-0.33,0.63,0.63,0.34,1.07,0.91
QKPFLSDFNNGIFSRV,-1.38,Non-Toxin,-0.15,0.65,0.65,0.46,-0.15,0.94
FNKYKYFS,-0.81,Non-Toxin,-0.23,0.68,0.68,0.92,-0.39,1.12
YYVKWPWYVWLLIC,-0.76,Non-Toxin,0.21,0.6,0.6,0.26,-1.68,0.57
VDGVNFTNR,-1.23,Non-Toxin,-0.23,0.7,0.7,0.27,0.06,1.11
FGSPFITNGM,-0.95,Non-Toxin,0.14,0.64,0.64,0,-0.8,0.4
PVYFLRYSGAIKLDPK,-1.17,Non-Toxin,-0.11,0.61,0.61,0.61,-0.14,0.75
IPFGPSSQPYYCFI,-0.88,Non-Toxin,0.11,0.59,0.59,0.09,-0.96,0.43
VDSSQGSEYD,-0.57,Non-Toxin,-0.28,0.66,0.66,0.25,0.63,0.9
VYLNTTLFLNGY,-0.96,Non-Toxin,0.11,0.64,0.64,0,-1.2,0.67
FLGWSYDTCVSNNR,-0.64,Non-Toxin,-0.16,0.64,0.64,0.18,-0.42,1
LVKIQAVVNANAEAL,-0.97,Non-Toxin,0.05,0.63,0.63,0.41,-0.35,0.6
SLNGNTSVCVRTSH,-0.88,Non-Toxin,-0.2,0.58,0.58,0.28,-0.2,1
PSDSCNNVNVRDLQ,-0.49,Non-Toxin,-0.34,0.65,0.65,0.26,0.33,1.14
QRITTIQGPPGSGKSHC,-0.76,Non-Toxin,-0.22,0.57,0.57,0.59,0.06,0.88
PFMDNAINVGGTGL,-0.87,Non-Toxin,0.08,0.65,0.65,0,-0.46,0.43
VEYLQITSTPIVVDCSTY,-0.46,Non-Toxin,0.03,0.62,0.62,0.14,-0.55,0.61
HMNT,-0.78,Non-Toxin,-0.24,0.52,0.52,0.36,-0.5,1
VSNSGNL,-0.82,Non-Toxin,-0.08,0.64,0.64,0,-0.33,0.86
FWTVAFATFVDVLVNV,-1.48,Non-Toxin,0.26,0.64,0.64,0,-1.18,0.38
TVESGDIN,-0.84,Non-Toxin,-0.12,0.67,0.67,0.16,0.35,0.75
FSKQLQQSM,-0.97,Non-Toxin,-0.25,0.64,0.64,0.82,-0.16,1.11
AERPFTS,-1.3,Non-Toxin,-0.29,0.57,0.57,0.53,0.41,1
YSVDKCT,-0.34,Non-Toxin,-0.24,0.65,0.65,0.52,0.16,0.86
FDSSKPVTKKY,-1.4,Non-Toxin,-0.33,0.62,0.62,1,0.54,1
ISRVELHTVIPDYVD,-0.93,Non-Toxin,-0.07,0.6,0.6,0.34,-0.05,0.73
KKACCKTG,0.77,Toxin,-0.37,0.63,0.63,1.38,0.76,0.88
NNGIFSRVKNTKL,-1.4,Non-Toxin,-0.29,0.67,0.67,0.75,0.15,1.23
TPCGTGTSTD,-0.8,Non-Toxin,-0.14,0.57,0.57,0,0.07,0.6
WPWYVWLLISFSFIIFLV,-1.14,Non-Toxin,0.4,0.6,0.6,0,-1.84,0.33
SFELLNAPATVC,-1.15,Non-Toxin,0.08,0.58,0.58,0.11,-0.54,0.42
KAAGGKVSFSDDVEVKDIEP,-1.3,Non-Toxin,-0.18,0.65,0.65,0.68,0.74,0.65
AYDLACCMR,0.71,Toxin,-0.12,0.64,0.64,0.27,-0.27,0.67
NLRQDDSVR,-1.01,Non-Toxin,-0.61,0.68,0.68,0.68,1.04,1.67
NNCTFEYVSQPFLMDLE,-1.15,Non-Toxin,-0.08,0.65,0.65,0.22,-0.31,0.71
MKCNHCDEVSWQT,0.04,Toxin,-0.26,0.6,0.6,0.59,0.05,0.92
GPNVNKGEDI,-0.57,Non-Toxin,-0.22,0.68,0.68,0.49,0.61,0.8
RKAWAAFYVYKLQPL,-1.32,Non-Toxin,-0.09,0.6,0.6,0.74,-0.53,0.87
NNCTFEYVSQPFLMDLEG,-1.08,Non-Toxin,-0.06,0.65,0.65,0.21,-0.29,0.67
FSLYLGTLLSHYY,-1.21,Non-Toxin,0.14,0.55,0.55,0.11,-1.3,0.54
YEGGCNTIELDSPC,-0.64,Non-Toxin,-0.1,0.63,0.63,0.18,0.09,0.57
GWLVASGSTVAMT,-1.13,Non-Toxin,0.17,0.59,0.59,0,-0.82,0.38
TNFTIVGQEEFIQTN,-1.1,Non-Toxin,-0.07,0.67,0.67,0.34,-0.3,0.87
LKDVTKENQE,-1.48,Non-Toxin,-0.46,0.67,0.67,1.11,1.17,1.2
LAQVLTEVVYS,-1.51,Non-Toxin,0.11,0.62,0.62,0.23,-0.71,0.55
LAKIQSVVNSNAQALN,-0.74,Non-Toxin,-0.08,0.63,0.63,0.39,-0.33,0.88
TPNGPQVK,-0.68,Non-Toxin,-0.26,0.59,0.59,0.61,0.19,0.88
SGKERARTVGG,-1.23,Non-Toxin,-0.4,0.64,0.64,0.89,0.9,1.18
SPFNSLLC,-0.91,Non-Toxin,0.06,0.57,0.57,0,-0.79,0.5
LNAFVSQVLN,-1.37,Non-Toxin,0.08,0.64,0.64,0.12,-0.87,0.7
DMYDPTTKNVTGSNES,-0.97,Non-Toxin,-0.29,0.64,0.64,0.31,0.42,0.94
LKQADLS,-1.03,Non-Toxin,-0.21,0.6,0.6,0.7,0.34,0.86
PPPSFYMPLLVSSDK,-1.03,Non-Toxin,-0.03,0.56,0.56,0.24,-0.29,0.47
DLPSGFNTLKPIFK,-1.69,Non-Toxin,-0.07,0.61,0.61,0.52,-0.09,0.64
GFKDFVTNKTYNIF,-1.3,Non-Toxin,-0.09,0.68,0.68,0.52,-0.32,0.86
IADPGYMQGYDDCMQQGPA,-0.9,Non-Toxin,-0.11,0.65,0.65,0.2,-0.07,0.58
SFELLNAPATVCG,-1.06,Non-Toxin,0.09,0.59,0.59,0.1,-0.5,0.38
LSTDTGV,-1.04,Non-Toxin,-0.02,0.61,0.61,0,-0.11,0.57
VGSCIKSVVRHL,-0.53,Non-Toxin,-0.06,0.59,0.59,0.63,-0.25,0.75
PFDVIVAWHVVRDP,-1.19,Non-Toxin,0.03,0.58,0.58,0.28,-0.41,0.57
VIMHLQWLV,-0.17,Non-Toxin,0.27,0.57,0.57,0.3,-1.49,0.44
NGIFAKVKNTKVIKDR,-1.34,Non-Toxin,-0.3,0.68,0.68,1.07,0.53,1.12
TAFAVIGDLKCTS,-0.89,Non-Toxin,0.05,0.62,0.62,0.28,-0.32,0.46
MRGVYYPDEIFRSDT,-1.27,Non-Toxin,-0.25,0.66,0.66,0.41,0.21,1
DGAKTEPTGYGVRRKNSEPEIPHF,-0.79,Non-Toxin,-0.31,0.6,0.6,0.73,0.61,0.96
PITAYDPRSCSQKK,-1.14,Non-Toxin,-0.37,0.59,0.59,0.79,0.49,1.07
SEISTLENKSAEL,-1.1,Non-Toxin,-0.19,0.61,0.61,0.58,0.52,0.85
IDAPCYCFNAEGDASWSS,-0.09,Non-Toxin,-0.05,0.61,0.61,0.07,-0.19,0.56
SYFIASFRLFAR,-1.17,Non-Toxin,-0.04,0.62,0.62,0.41,-0.65,0.92
NDLYPFVS,-0.69,Non-Toxin,0,0.63,0.63,0,-0.57,0.62
PTEPKKDKKKKTDE,-1.12,Non-Toxin,-0.7,0.62,0.62,1.75,2.09,1.29
PDYNTYKNTCDGTT,-0.18,Non-Toxin,-0.31,0.64,0.64,0.26,0.16,1
SNNQEDFD,-1.15,Non-Toxin,-0.46,0.7,0.7,0.32,0.93,1.25
VVFVVLLSLLVF,-1.34,Non-Toxin,0.48,0.63,0.63,0,-1.62,0.08
SFELLHAPATVCGPKK,-1.12,Non-Toxin,-0.06,0.54,0.54,0.63,-0.08,0.5
WRHSYTCDYV,-0.51,Non-Toxin,-0.23,0.57,0.57,0.39,-0.51,1.1
TPGTNASSE,-0.67,Non-Toxin,-0.2,0.57,0.57,0.14,0.28,0.78
PSGGNVVPYYSWFS,-1.54,Non-Toxin,0.06,0.6,0.6,0,-0.89,0.57
IQSDRKA,-0.96,Non-Toxin,-0.51,0.65,0.65,1.05,1.03,1.43
SVKRDGVQV,-1.05,Non-Toxin,-0.31,0.68,0.68,0.82,0.56,1.11
PKGPEIR,-0.46,Non-Toxin,-0.39,0.59,0.59,1.06,1.03,1
NQKILAASFNKAIN,-1.13,Non-Toxin,-0.12,0.65,0.65,0.61,-0.16,0.93
RIPDVPT,-0.99,Non-Toxin,-0.22,0.58,0.58,0.35,0.33,0.86
ANNYSKLFDEGY,-0.49,Non-Toxin,-0.2,0.67,0.67,0.41,0.02,0.92
SDWTDVRDYKLANDVKDT,-0.42,Non-Toxin,-0.36,0.66,0.66,0.54,0.71,1.11
QQLLAYYNFLTVCKWSVVVNG,-1.31,Non-Toxin,0.05,0.64,0.64,0.29,-0.94,0.71
LGTYYVLDRVYLNTTL,-1.73,Non-Toxin,-0.01,0.63,0.63,0.15,-0.76,0.81
KLMCCLGPD,1.23,Toxin,-0.04,0.62,0.62,0.41,-0.1,0.33
ITHALYLDYVQCKCG,-0.99,Non-Toxin,-0.02,0.6,0.6,0.42,-0.58,0.6
AALALLLLDRLNQ,-1.44,Non-Toxin,0.01,0.59,0.59,0.28,-0.45,0.69
RNPNNNAATVLQLPQG,-0.82,Non-Toxin,-0.23,0.61,0.61,0.31,-0.14,1.06
IFRSDTLYLTQDL,-1.67,Non-Toxin,-0.12,0.63,0.63,0.28,-0.25,0.92
NQKILAASFNKAI,-1.12,Non-Toxin,-0.08,0.64,0.64,0.66,-0.19,0.85
YKLQPLTFLLDFSV,-1.31,Non-Toxin,0.06,0.6,0.6,0.35,-0.71,0.57
EGDGISTPKLKE,-1.11,Non-Toxin,-0.26,0.62,0.62,0.82,0.94,0.75
RAVRSHPDFK,-0.58,Non-Toxin,-0.47,0.56,0.56,1,0.73,1.3
LSYYKLGASQRV,-0.93,Non-Toxin,-0.17,0.62,0.62,0.61,-0.28,1
YISSNGPLK,-0.9,Non-Toxin,-0.1,0.61,0.61,0.41,-0.23,0.78
GGDLLYLDLLNRLQ,-1.04,Non-Toxin,-0.07,0.63,0.63,0.26,-0.26,0.79
DDKDPQF,-0.7,Non-Toxin,-0.49,0.67,0.67,0.7,1.39,1
ATGSDVNCNGYQHNSVV,0.16,Toxin,-0.13,0.62,0.62,0.16,-0.28,0.82
LCVDTSHFT,-0.87,Non-Toxin,0,0.54,0.54,0.16,-0.53,0.56
CPFGEVFNATKFPSVY,-1.06,Non-Toxin,0.03,0.62,0.62,0.31,-0.51,0.5
GLQNLLQLPNFYYV,-1.15,Non-Toxin,0.05,0.63,0.63,0.18,-1.07,0.71
YMNSQGLLPPKNSID,-0.79,Non-Toxin,-0.15,0.62,0.62,0.33,-0.12,0.8
IPTNFTIVGQEEFIQT,-1.16,Non-Toxin,0.01,0.64,0.64,0.32,-0.41,0.69
ARGSSAARLEPCNGTDI,-0.56,Non-Toxin,-0.23,0.6,0.6,0.36,0.37,0.88
LDSIQADQQVDRL,-1.49,Non-Toxin,-0.28,0.65,0.65,0.48,0.42,1.08
RSDTLYLTQDLFLPFYSN,-1.57,Non-Toxin,-0.12,0.61,0.61,0.21,-0.42,0.89
SFVVNAPNGLYFMHVG,-0.59,Non-Toxin,0.14,0.61,0.61,0.09,-0.95,0.44
NRFLYIIKLIFLWLLWP,-0.51,Non-Toxin,0.19,0.61,0.61,0.36,-1.31,0.65
STLWYQKPFLSDFNNGI,-0.84,Non-Toxin,-0.06,0.63,0.63,0.29,-0.55,0.82
LVPQENYA,-1.04,Non-Toxin,-0.08,0.62,0.62,0.32,-0.34,0.75
NQKLPNGVTVVEEPDSR,-1.01,Non-Toxin,-0.3,0.63,0.63,0.58,0.54,1
KLSDFESEL,-1.12,Non-Toxin,-0.21,0.62,0.62,0.69,0.72,0.78
NFTISVTTEILPVSMT,-1.56,Non-Toxin,0.09,0.61,0.61,0.08,-0.63,0.56
AAVDSKCL,-0.36,Non-Toxin,-0.06,0.61,0.61,0.46,0.12,0.5
LDYINVTFLDLQVEMNR,-0.92,Non-Toxin,-0.1,0.68,0.68,0.29,-0.24,0.88
QFAYANRNRFLYI,-0.25,Non-Toxin,-0.19,0.66,0.66,0.47,-0.58,1.23
KQECCVQSS,1.51,Toxin,-0.33,0.64,0.64,0.83,0.39,1
SVVQKDGVENTPP,-0.76,Non-Toxin,-0.2,0.62,0.62,0.48,0.37,0.77
TGTTPQKLFVANYSQDV,-1.1,Non-Toxin,-0.12,0.62,0.62,0.36,-0.26,0.82
LVTTKLKGVRERGLNKVK,-1.51,Non-Toxin,-0.33,0.65,0.65,1.16,0.58,1.17
SGNCDVVIG,-0.46,Non-Toxin,0.06,0.68,0.68,0,-0.26,0.44
AVETCTIA,-1.24,Non-Toxin,0.1,0.6,0.6,0.16,-0.39,0.38
SVRVLQKA,-0.75,Non-Toxin,-0.24,0.63,0.63,0.92,0.15,1.12
NVVIKVCEFQ,-0.8,Non-Toxin,-0.01,0.69,0.69,0.62,-0.34,0.7
RCNIFSNFILNGINSG,-1.03,Non-Toxin,-0.03,0.67,0.67,0.15,-0.55,0.88
VLSFELLNAPATVCGPKL,-1.17,Non-Toxin,0.09,0.58,0.58,0.27,-0.48,0.39
NDLVYSL,-0.96,Non-Toxin,0,0.64,0.64,0,-0.56,0.71
GLKKMAQ,-0.76,Non-Toxin,-0.24,0.65,0.65,1.23,0.37,0.86
LLFLHTVLLPTDYK,-0.81,Non-Toxin,0.08,0.54,0.54,0.37,-0.76,0.5
YKVNCCR,0.63,Toxin,-0.41,0.68,0.68,0.87,0.06,1.29
PGGTTSGDATTAYA,-0.78,Non-Toxin,-0.04,0.58,0.58,0,-0.15,0.5
KNVDKDD,-0.6,Non-Toxin,-0.64,0.73,0.73,1.05,1.96,1.29
LKPTFKSKGL,-1.22,Non-Toxin,-0.2,0.59,0.59,1.1,0.28,0.8
RWPQIAELAPTASAFM,-1.19,Non-Toxin,-0.01,0.57,0.57,0.31,-0.42,0.62
ISVAVPKSRVQQN,-1.34,Non-Toxin,-0.22,0.63,0.63,0.66,0.03,1.08
TRSTNSRIKASMPTTIAKNTVKSVGK,-0.67,Non-Toxin,-0.3,0.62,0.62,0.75,0.33,1.12
EDLTKGPHEFCSQHT,-0.54,Non-Toxin,-0.26,0.53,0.53,0.69,0.36,0.8
TNEIGLNASVTLKIC,-1.24,Non-Toxin,-0.01,0.63,0.63,0.33,-0.29,0.67
SVKTQFNYFKK,-0.79,Non-Toxin,-0.3,0.67,0.67,1.11,0.05,1.18
NIEAWLNDKSVPSPLN,-1.07,Non-Toxin,-0.13,0.6,0.6,0.31,-0.04,0.81
SSNYKIDTTSSSCQLYY,-0.16,Non-Toxin,-0.2,0.62,0.62,0.29,-0.26,1
SQNQKLIANAFNNAL,-0.89,Non-Toxin,-0.14,0.64,0.64,0.41,-0.33,1
LLPTHWFCANQSTSVYS,-0.82,Non-Toxin,0,0.54,0.54,0.16,-0.87,0.71
IGAVGGDLLYLDLLNRLQALESGKVKQSQPKVITK,-1.53,Non-Toxin,-0.11,0.63,0.63,0.63,0.03,0.77
GIAVLDMCASLKEL,-1,Non-Toxin,0.08,0.63,0.63,0.35,-0.19,0.36
FNVSFVNDSIESVGG,-1.29,Non-Toxin,0.03,0.67,0.67,0.08,-0.27,0.6
HWFCANQSTSVYSANGF,-0.46,Non-Toxin,-0.03,0.59,0.59,0.16,-0.8,0.76
WLFVLLFG,-0.96,Non-Toxin,0.49,0.61,0.61,0,-1.91,0.12
YYIYDEEGG,-0.73,Non-Toxin,-0.09,0.7,0.7,0.28,0.03,0.67
DTLYLTQDLFLPFY,-1.71,Non-Toxin,0.06,0.61,0.61,0.09,-0.81,0.57
YLGGMSYYCENHKPHYS,-0.96,Non-Toxin,-0.15,0.57,0.57,0.46,-0.44,0.76
HIEVVSAYGLC,-0.91,Non-Toxin,0.14,0.58,0.58,0.25,-0.69,0.36
FEYVSQP,-1.14,Non-Toxin,-0.07,0.62,0.62,0.36,-0.4,0.71
EGELLVQDL,-1.45,Non-Toxin,-0.04,0.64,0.64,0.42,0.26,0.56
GNKFYNVSTGLI,-1.05,Non-Toxin,-0.01,0.66,0.66,0.31,-0.55,0.75
RYNEVANAVMQNNELM,-0.97,Non-Toxin,-0.23,0.69,0.69,0.39,-0.04,1.06
SCGVVAEH,-0.83,Non-Toxin,0.03,0.55,0.55,0.34,-0.21,0.38
GWLVASGSTVAMTEQL,-1.51,Non-Toxin,0.09,0.6,0.6,0.16,-0.58,0.5
LPQSKDSNFLKRVRGS,-1.38,Non-Toxin,-0.39,0.63,0.63,0.84,0.54,1.25
DEDIGST,-0.88,Non-Toxin,-0.23,0.66,0.66,0.18,1.01,0.71
LDYDYAT,-0.89,Non-Toxin,-0.11,0.64,0.64,0,-0.19,0.71
EDRSNNSSRASSRSSTRNNSRDSSRSTSRQQSRTRSDSNQSSSD,-0.28,Non-Toxin,-0.67,0.62,0.62,0.62,1.08,1.77
ICSNTPA,-0.57,Non-Toxin,-0.02,0.57,0.57,0,-0.46,0.57
LGIDLDE,-1.04,Non-Toxin,-0.02,0.66,0.66,0.18,0.51,0.43
IQEGFDATNSALV,-0.93,Non-Toxin,0,0.64,0.64,0.19,-0.18,0.62
TLKSGEG,-1.17,Non-Toxin,-0.19,0.62,0.62,0.71,0.59,0.71
QKFKTICFSTVEVPGS,-0.69,Non-Toxin,-0.08,0.62,0.62,0.62,-0.11,0.69
RFASVYAWNRKRISN,-1.33,Non-Toxin,-0.36,0.64,0.64,0.73,0.03,1.47
CSKASSRS,-0.42,Non-Toxin,-0.45,0.58,0.58,0.77,0.71,1.25
NFCPCKLNGSCVGS,-0.68,Non-Toxin,-0.06,0.63,0.63,0.26,-0.34,0.57
SEGNSITGVPYPVS,-1.04,Non-Toxin,-0.01,0.6,0.6,0.09,-0.24,0.57
GVFVQDP,-1.24,Non-Toxin,0.05,0.65,0.65,0.18,-0.33,0.43
CSYVLNNISLAT,-1.34,Non-Toxin,0.06,0.62,0.62,0,-0.84,0.67
RGVYYPDEIFRSDT,-0.92,Non-Toxin,-0.29,0.65,0.65,0.44,0.32,1.07
YFYYLGTGPHAKD,-0.97,Non-Toxin,-0.05,0.58,0.58,0.39,-0.51,0.62
IFSNFILNGINSGTT,-1.12,Non-Toxin,0.1,0.65,0.65,0,-0.79,0.67
FQNCTAVGVR,-1.1,Non-Toxin,-0.11,0.66,0.66,0.37,-0.4,0.9
QLGCVFF,-0.61,Non-Toxin,0.26,0.66,0.66,0.18,-1.3,0.29
GFKPNNTSA,-0.83,Non-Toxin,-0.21,0.61,0.61,0.41,0.03,0.89
KDGKPVDHYDGFYT,-0.92,Non-Toxin,-0.25,0.62,0.62,0.63,0.39,0.79
LTGCFSFVKML,-0.84,Non-Toxin,0.16,0.63,0.63,0.33,-0.86,0.36
TNFTIVGQEEFIQT,-1.12,Non-Toxin,-0.03,0.66,0.66,0.36,-0.34,0.79
VLLVAYALLHIAGCQ,-0.99,Non-Toxin,0.25,0.56,0.56,0.18,-1.14,0.27
TLKQGEIKDATPSDFVRATA,-1.3,Non-Toxin,-0.21,0.61,0.61,0.62,0.41,0.85
LYYSLPAINVTINNYNP,-0.87,Non-Toxin,0.01,0.62,0.62,0,-0.91,0.76
VPTQPLPNASFDNFK,-1.6,Non-Toxin,-0.13,0.6,0.6,0.33,-0.15,0.73
LLPTHWFCANQSTSV,-0.62,Non-Toxin,0.01,0.53,0.53,0.18,-0.85,0.67
DSNGNLYGFRDYII,-0.69,Non-Toxin,-0.13,0.69,0.69,0.18,-0.2,0.93
APLVYLNHSVPKL,-1.13,Non-Toxin,0.03,0.53,0.53,0.39,-0.63,0.54
ESIVRFPNITNL,-0.94,Non-Toxin,-0.09,0.64,0.64,0.31,-0.26,0.92
VVLSFELLHAPATVC,-1.39,Non-Toxin,0.19,0.54,0.54,0.18,-0.8,0.27
MAQPSGF,-1.26,Non-Toxin,0.04,0.61,0.61,0.18,-0.54,0.43
VKTTEVV,-0.94,Non-Toxin,-0.07,0.65,0.65,0.71,0.1,0.71
IKIPTNFTIVGQEE,-1.13,Non-Toxin,-0.04,0.65,0.65,0.53,-0.06,0.71
LSFELLNAPATVCGP,-1,Non-Toxin,0.11,0.57,0.57,0.08,-0.55,0.33
KSDIFGQDFKT,-1.39,Non-Toxin,-0.24,0.67,0.67,0.78,0.48,0.91
GTCERSEA,-0.9,Non-Toxin,-0.37,0.61,0.61,0.62,0.92,1
IKEMQSQSSHVAQNTV,-0.9,Non-Toxin,-0.22,0.6,0.6,0.63,0.01,1
APTMANQEKYST,-0.85,Non-Toxin,-0.25,0.61,0.61,0.52,0.11,0.92
LPPHFDKSKKYP,-0.81,Non-Toxin,-0.31,0.53,0.53,1.04,0.43,0.83
FVIRGDEVRQIA,-0.47,Non-Toxin,-0.17,0.68,0.68,0.62,0.22,1
AAPEGLVFLHTVLLPTQ,-1.43,Non-Toxin,0.13,0.53,0.53,0.23,-0.69,0.35
YDGCAQG,-0.29,Non-Toxin,-0.11,0.66,0.66,0.18,-0.09,0.57
NKFGAISSSLQEIL,-0.18,Non-Toxin,-0.02,0.62,0.62,0.44,-0.21,0.71
DFAFNNWFLLTNTSS,-1.28,Non-Toxin,0,0.62,0.62,0,-0.77,0.8
QEGFDATNSALVKI,-0.88,Non-Toxin,-0.08,0.64,0.64,0.44,0.05,0.71
QSLQTYVTQQLI,-1.48,Non-Toxin,-0.09,0.62,0.62,0.42,-0.74,1
ASIDEVSDDYVQDSTV,-1.3,Non-Toxin,-0.16,0.66,0.66,0.16,0.41,0.75
PGTVLPQGYYIE,-0.95,Non-Toxin,0.04,0.61,0.61,0.21,-0.58,0.5
VVNVVTTK,-1.2,Non-Toxin,0.01,0.66,0.66,0.46,-0.45,0.75
CSYVLNNISLATQ,-1.56,Non-Toxin,0,0.62,0.62,0.1,-0.76,0.77
TKFLFNVYLGMA,-1.36,Non-Toxin,0.13,0.65,0.65,0.31,-0.95,0.5
FNGIKVLPPILSE,-0.94,Non-Toxin,0.08,0.61,0.61,0.38,-0.36,0.46
KAWAAFYVYKLQPL,-1.35,Non-Toxin,0.03,0.59,0.59,0.61,-0.78,0.64
GDGISTPKLKEDYQIGGYSEDRHSGV,-1.01,Non-Toxin,-0.23,0.63,0.63,0.58,0.49,0.85
IAYENARQAYEDAIANGSSSQL,-0.82,Non-Toxin,-0.17,0.63,0.63,0.34,0.05,0.91
NLVGYYSDDGNYYC,-0.49,Non-Toxin,-0.1,0.68,0.68,0,-0.49,0.79
ALLNGCRWWLCSTRVNVDGFNEWAMAN,-0.55,Non-Toxin,-0.08,0.63,0.63,0.23,-0.49,0.85
TPHSQISY,-1.22,Non-Toxin,-0.14,0.5,0.5,0.34,-0.53,0.88
STKPVETSN,-1.38,Non-Toxin,-0.31,0.59,0.59,0.55,0.5,1
AFDKSAFT,-1.21,Non-Toxin,-0.07,0.62,0.62,0.46,-0.01,0.62
KIQSVVNSNAQALNS,-0.62,Non-Toxin,-0.16,0.64,0.64,0.41,-0.18,1
NCYVNVACLML,-0.36,Non-Toxin,0.13,0.66,0.66,0,-1.12,0.45
VVISSDVL,-0.83,Non-Toxin,0.21,0.64,0.64,0,-0.56,0.38
MKCNHCDEVS,0.24,Toxin,-0.29,0.61,0.61,0.64,0.42,0.8
VWLIISVVFVVLLSLLVFCCLSTGCCGCCNCL,2.11,Toxin,0.28,0.62,0.62,0,-1.25,0.22
GRVSAAFHQNASSLA,-0.72,Non-Toxin,-0.1,0.56,0.56,0.34,-0.27,0.8
PPPSFYMPLLVSSDKA,-1.02,Non-Toxin,-0.01,0.56,0.56,0.23,-0.3,0.44
VRPGNFNQDF,-1.68,Non-Toxin,-0.26,0.68,0.68,0.37,0.01,1.1
LLNCALGAFAIFCCFLVT,0.26,Toxin,0.3,0.61,0.61,0,-1.26,0.17
SSCQLYYSLPAINVT,-0.99,Non-Toxin,0.02,0.59,0.59,0.08,-0.81,0.67
TATAGWTFGAGAALQI,-0.65,Non-Toxin,0.17,0.58,0.58,0.08,-0.81,0.38
TRKVQQL,-0.98,Non-Toxin,-0.48,0.64,0.64,1.23,0.39,1.57
IGKEQKCCMCNRRAAAYSSPLQ,1.29,Toxin,-0.29,0.62,0.62,0.73,0.2,1
FMYTYNITEDEILEW,-1.19,Non-Toxin,-0.02,0.66,0.66,0.25,-0.39,0.73
GWLIVGVALLAVFQS,-1.32,Non-Toxin,0.32,0.61,0.61,0.08,-1.21,0.27
GIFAKVKNTKVIKDRV,-1.52,Non-Toxin,-0.23,0.68,0.68,1.07,0.42,1
YQKPFLSDFNNGI,-0.91,Non-Toxin,-0.11,0.66,0.66,0.38,-0.31,0.85
SIKSLNNSY,-1,Non-Toxin,-0.21,0.64,0.64,0.41,-0.18,1.11
VRTSHFSIRYIYNRVKS,-1.29,Non-Toxin,-0.31,0.62,0.62,0.73,-0.09,1.35
HKGGDSTD,-1.16,Non-Toxin,-0.38,0.58,0.58,0.64,1.05,0.88
FAELVPSTAAMLFDSHIV,-1.7,Non-Toxin,0.14,0.57,0.57,0.15,-0.58,0.33
QDDIMKAVAAALKSLG,-1.62,Non-Toxin,-0.05,0.63,0.63,0.54,0.14,0.56
NAGGAPL,-0.73,Non-Toxin,0.09,0.58,0.58,0,-0.37,0.29
APYVMLNTSIPNL,-1.06,Non-Toxin,0.08,0.6,0.6,0,-0.82,0.54
YKGIKVLPPLLSENQ,-0.96,Non-Toxin,-0.1,0.61,0.61,0.66,-0.09,0.73
KASYDTNLNKFN,-0.32,Non-Toxin,-0.32,0.66,0.66,0.61,0.2,1.17
PWYIWLGFIAGLIAIV,-0.57,Non-Toxin,0.41,0.61,0.61,0,-1.56,0.19
NTLNDLN,-0.97,Non-Toxin,-0.25,0.66,0.66,0,-0.06,1.14
HNFQAISNSIQAIYD,-1.76,Non-Toxin,-0.07,0.62,0.62,0.26,-0.49,0.87
YDNKLKAKNDNSSL,-0.19,Non-Toxin,-0.42,0.66,0.66,0.79,0.7,1.21
FDITESKYSC,-1.6,Non-Toxin,-0.17,0.64,0.64,0.49,0.16,0.8
DVEPTHK,-1.32,Non-Toxin,-0.36,0.53,0.53,0.91,0.94,0.86
KSRVQQNKSRE,-0.83,Non-Toxin,-0.76,0.66,0.66,1.46,1.34,1.91
INENQAVTQIPATS,-1.62,Non-Toxin,-0.1,0.62,0.62,0.27,-0.2,0.86
LNRALSGIAAEQDRN,-1.39,Non-Toxin,-0.29,0.64,0.64,0.49,0.4,1.13
VVKQPVKFYLYK,-0.85,Non-Toxin,-0.11,0.65,0.65,1.02,-0.35,0.83
MYKEARINDKKSKV,-0.97,Non-Toxin,-0.47,0.68,0.68,1.31,1.01,1.29
ADYSVLYNSASFSTFK,-0.85,Non-Toxin,-0.05,0.62,0.62,0.23,-0.43,0.75
ELDEFFKNVSTSIPN,-1.19,Non-Toxin,-0.14,0.64,0.64,0.41,0.17,0.8
NLVLYSDNGVFRVTSR,-1.38,Non-Toxin,-0.17,0.65,0.65,0.31,-0.21,1.06
TPNVCFVKG,-0.48,Non-Toxin,-0.01,0.64,0.64,0.41,-0.41,0.56
VDKYYAFL,-0.78,Non-Toxin,0.02,0.66,0.66,0.46,-0.61,0.62
RNFFSPQIITTD,-0.91,Non-Toxin,-0.15,0.64,0.64,0.31,-0.23,1
TRNPNNNAATVLQL,-0.4,Non-Toxin,-0.24,0.62,0.62,0.26,-0.21,1.14
MYICGDSTEC,-0.52,Non-Toxin,-0.05,0.66,0.66,0.13,-0.15,0.5
VVLSFELLHAPATVCGP,-1.22,Non-Toxin,0.17,0.54,0.54,0.16,-0.71,0.24
VDDINFSP,-1.06,Non-Toxin,-0.07,0.66,0.66,0,0.09,0.62
DSVRNLFASVKSSQSS,-0.49,Non-Toxin,-0.25,0.62,0.62,0.46,0.21,1.06
NLTADETKAL,-1.11,Non-Toxin,-0.19,0.6,0.6,0.49,0.38,0.8
QISKDSKFQ,-0.93,Non-Toxin,-0.39,0.66,0.66,1.09,0.63,1.22
RGDCKGFSSD,-0.13,Non-Toxin,-0.38,0.66,0.66,0.61,0.91,1
VKHDVSPFEM,-0.67,Non-Toxin,-0.12,0.59,0.59,0.64,0.2,0.6
IVNNATNVVIKVCEFQ,-0.54,Non-Toxin,0,0.68,0.68,0.39,-0.45,0.75
FVLLVAYALLHI,-1.52,Non-Toxin,0.39,0.56,0.56,0.12,-1.53,0.17
FGGFNFSQILPDPLK,-1.62,Non-Toxin,0.03,0.62,0.62,0.33,-0.41,0.53
ASEVVVNN,-0.98,Non-Toxin,-0.04,0.67,0.67,0.16,-0.16,0.75
APGCDVNDVTK,-1,Non-Toxin,-0.17,0.64,0.64,0.33,0.39,0.64
LLKDCPA,-0.84,Non-Toxin,-0.08,0.57,0.57,0.52,0.13,0.43
IWLGFIAGLVALALCV,-0.57,Non-Toxin,0.42,0.6,0.6,0,-1.39,0.06
GFVDSDVETKDVVE,-1.18,Non-Toxin,-0.14,0.68,0.68,0.44,0.67,0.64
MTTSTTNFGEDF,-1.29,Non-Toxin,-0.11,0.64,0.64,0.11,-0.12,0.75
MDVDTHRY,-0.58,Non-Toxin,-0.37,0.61,0.61,0.49,0.38,1.12
INNGPHEF,-0.86,Non-Toxin,-0.11,0.58,0.58,0.34,-0.18,0.75
RGPNQNFG,-1.17,Non-Toxin,-0.36,0.66,0.66,0.46,0.14,1.25
ISGKERARTVGG,-1.35,Non-Toxin,-0.31,0.65,0.65,0.82,0.67,1.08
LISGSLGDSGKL,-1.09,Non-Toxin,0.02,0.61,0.61,0.31,-0.03,0.5
TSSMRGVYYPDEIFRS,-1.17,Non-Toxin,-0.22,0.64,0.64,0.39,0.05,1
IFLVLLFFICCCTG,1.89,Toxin,0.39,0.63,0.63,0,-1.53,0.07
AMACLVGLMWLSYFIA,-0.71,Non-Toxin,0.32,0.61,0.61,0,-1.36,0.19
CYGSTVL,-0.54,Non-Toxin,0.12,0.61,0.61,0,-0.96,0.43
GDEVRQIAPGQTGKIADYNYKLP,-0.53,Non-Toxin,-0.21,0.64,0.64,0.59,0.25,0.87
AKVKNTKVIKDRVMYSE,-1.09,Non-Toxin,-0.34,0.67,0.67,1.08,0.63,1.12
CLVGLMWLSYFIAS,-0.83,Non-Toxin,0.29,0.61,0.61,0,-1.36,0.29
NQKLIANAFNNALYA,-0.75,Non-Toxin,-0.06,0.64,0.64,0.33,-0.55,0.87
DFNHNMGDSDLVQNGVDAKGFP,-0.62,Non-Toxin,-0.16,0.65,0.65,0.29,0.18,0.73
VDVMRYNLNFSANSLDNL,-0.95,Non-Toxin,-0.14,0.67,0.67,0.14,-0.26,0.94
KPPFLSDFINGIFA,-1.12,Non-Toxin,0.1,0.62,0.62,0.26,-0.49,0.43
QARSEDK,-0.82,Non-Toxin,-0.7,0.65,0.65,1.23,1.71,1.57
YHKNNKSW,-1.19,Non-Toxin,-0.47,0.58,0.58,1.1,0.06,1.5
YLYRLFRKSNLKPF,-1.32,Non-Toxin,-0.27,0.63,0.63,0.87,-0.18,1.21
SSRDPTT,-0.72,Non-Toxin,-0.49,0.56,0.56,0.35,0.83,1.29
YKSSALGS,-0.21,Non-Toxin,-0.12,0.59,0.59,0.46,-0.09,0.75
GETSWQTGDFVK,-1.32,Non-Toxin,-0.16,0.64,0.64,0.52,0.11,0.83
ISTGSRSA,-0.86,Non-Toxin,-0.2,0.59,0.59,0.31,0.15,1
KLIFLWLLWPVTLACFV,-1.16,Non-Toxin,0.32,0.58,0.58,0.22,-1.44,0.29
AQGVHLFSSRYVDLYG,-0.48,Non-Toxin,-0.05,0.6,0.6,0.32,-0.49,0.75
FQDELDEFFKNVSTSIP,-1.42,Non-Toxin,-0.13,0.65,0.65,0.44,0.18,0.76
RYNGAIRFDSTLSGFET,-1.05,Non-Toxin,-0.19,0.64,0.64,0.36,0.04,1
VLQDFDVVFG,-1.42,Non-Toxin,0.14,0.69,0.69,0.12,-0.51,0.4
KDLSYEQQ,-1.42,Non-Toxin,-0.44,0.66,0.66,0.93,0.7,1.25
VEPTHKVK,-1.41,Non-Toxin,-0.3,0.54,0.54,1.26,0.64,0.88
NSAKHVQGNVAK,-0.48,Non-Toxin,-0.26,0.6,0.6,0.84,0.2,1
GNVKPGDAVITTQQAGA,-1.36,Non-Toxin,-0.07,0.63,0.63,0.36,-0.03,0.65
DGLCLFWN,-0.52,Non-Toxin,0.11,0.64,0.64,0,-0.91,0.5
GKDSKPQQVTKQNAK,-0.98,Non-Toxin,-0.49,0.64,0.64,1.23,0.91,1.27
KLDDKDPQFKD,-0.94,Non-Toxin,-0.53,0.67,0.67,1.11,1.54,1.09
TKLLDDSI,-1.66,Non-Toxin,-0.15,0.63,0.63,0.46,0.44,0.75
KVGGNYNYLYRLFR,-1.23,Non-Toxin,-0.24,0.68,0.68,0.61,-0.36,1.21
NGIFSRVKNTKLYVN,-1.5,Non-Toxin,-0.21,0.67,0.67,0.65,-0.13,1.13
YFTQSRNLQE,-0.79,Non-Toxin,-0.37,0.65,0.65,0.62,-0.01,1.4
YGNFDDQPSLQV,-1.28,Non-Toxin,-0.16,0.65,0.65,0.21,-0.1,0.83
CMLVLTVT,-1.04,Non-Toxin,0.26,0.62,0.62,0,-1.21,0.25
HAEEYREYLESYNTATTA,-0.34,Non-Toxin,-0.26,0.58,0.58,0.5,0.2,1
SVGKFCLEA,-0.24,Non-Toxin,0.02,0.63,0.63,0.55,-0.11,0.44
YAGRVSAAFHQNASSLAL,-0.59,Non-Toxin,-0.03,0.56,0.56,0.29,-0.48,0.72
MNIAKSEFDHEISV,-1,Non-Toxin,-0.11,0.62,0.62,0.55,0.21,0.71
STMSQYSRST,-0.82,Non-Toxin,-0.36,0.6,0.6,0.37,0,1.3
TFEYVSQPFLMDL,-1.51,Non-Toxin,0.04,0.63,0.63,0.19,-0.58,0.54
PTESIVRFPNITNLCP,-1.09,Non-Toxin,-0.08,0.59,0.59,0.23,-0.28,0.75
GTHIFSIVNSAPD,-1.17,Non-Toxin,0.04,0.57,0.57,0.11,-0.4,0.54
NFVKDDY,-0.96,Non-Toxin,-0.29,0.72,0.72,0.52,0.41,1
KAPYVMLNTSIPNLPD,-1.07,Non-Toxin,-0.06,0.6,0.6,0.23,-0.29,0.62
NTTIGNETTS,-0.94,Non-Toxin,-0.2,0.62,0.62,0.13,0.03,1
IIRDSDVVKQ,-0.61,Non-Toxin,-0.27,0.69,0.69,0.74,0.59,1.1
DAEGAHATLDSIGT,-0.91,Non-Toxin,-0.05,0.57,0.57,0.19,0.21,0.5
YLDDVKKIEYKPDLSQYYCDGGKYYT,-0.53,Non-Toxin,-0.24,0.66,0.66,0.66,0.21,0.88
TSCQLYYNLPAANVSVSR,-0.76,Non-Toxin,-0.11,0.6,0.6,0.21,-0.51,0.89
AMPIVANWAYSKY,-1.45,Non-Toxin,0.05,0.61,0.61,0.28,-0.82,0.62
LDGNFRTEVDPDL,-1.51,Non-Toxin,-0.24,0.65,0.65,0.29,0.55,0.85
ANQSTSVYSANG,-0.81,Non-Toxin,-0.14,0.62,0.62,0.1,-0.31,0.92
NSQGLLPPKNSI,-0.7,Non-Toxin,-0.15,0.59,0.59,0.41,-0.1,0.83
EGLGGNNVYCYN,-0.47,Non-Toxin,-0.08,0.69,0.69,0.11,-0.44,0.75
QKLPNGVTVVEEPDSRA,-0.97,Non-Toxin,-0.25,0.62,0.62,0.58,0.5,0.88
SDFAFNNWFLLTNTSSV,-1.16,Non-Toxin,0.02,0.62,0.62,0,-0.75,0.76
SALLCRVT,-1.1,Non-Toxin,-0.04,0.58,0.58,0.31,-0.46,0.75
AIPTNFSISITTEV,-1.82,Non-Toxin,0.09,0.61,0.61,0.09,-0.52,0.57
DTNKEVFV,-0.69,Non-Toxin,-0.2,0.69,0.69,0.62,0.41,0.88
YIIIASFIKLFSLFKHVAYGC,-0.54,Non-Toxin,0.19,0.61,0.61,0.42,-0.97,0.43
TGFTTTNEA,-0.87,Non-Toxin,-0.11,0.61,0.61,0.14,-0.16,0.78
VPRAKSVVSR,-1.07,Non-Toxin,-0.33,0.61,0.61,0.86,0.46,1.2
SNGNLYGFRDYII,-0.64,Non-Toxin,-0.08,0.68,0.68,0.19,-0.45,0.92
FNNGIFSRVKNTKL,-1.44,Non-Toxin,-0.22,0.67,0.67,0.7,-0.04,1.14
TIPDEKQNGH,-0.65,Non-Toxin,-0.35,0.58,0.58,0.76,0.67,1
SFYMPLLVSSDKAPYR,-1.36,Non-Toxin,-0.11,0.6,0.6,0.38,-0.26,0.75
VGYLKPTTFMLKYDEN,-1.3,Non-Toxin,-0.12,0.64,0.64,0.54,-0.13,0.75
SLILDYFSYPLSMK,-0.99,Non-Toxin,0.04,0.61,0.61,0.26,-0.62,0.57
KDSLFCSSTYGVCKYT,-0.33,Non-Toxin,-0.13,0.63,0.63,0.46,-0.21,0.75
NAINKGGRT,-0.55,Non-Toxin,-0.34,0.67,0.67,0.68,0.41,1.22
SDTLYLTQDLFLPFYSNV,-1.66,Non-Toxin,0.01,0.61,0.61,0.07,-0.67,0.67
KPQSGGGK,-0.7,Non-Toxin,-0.34,0.62,0.62,1.07,0.81,0.88
SIRYIYNRVKSGS,-0.84,Non-Toxin,-0.3,0.66,0.66,0.66,0.03,1.31
TRCNLGGAVC,-0.3,Non-Toxin,-0.09,0.63,0.63,0.25,-0.3,0.7
SVNFLAWLYAA,-1.1,Non-Toxin,0.22,0.59,0.59,0,-1.3,0.45
FNNWFLLTNGSTLVDGV,-1.21,Non-Toxin,0.08,0.64,0.64,0,-0.81,0.65
FVKDNVSFVADDSGTPV,-0.95,Non-Toxin,-0.05,0.65,0.65,0.22,0.05,0.59
GTTTNVDK,-0.57,Non-Toxin,-0.29,0.65,0.65,0.46,0.44,1
LLFLHTVLLPTDYKNV,-0.83,Non-Toxin,0.07,0.57,0.57,0.32,-0.74,0.56
KYFGGFNF,-1.21,Non-Toxin,0.05,0.7,0.7,0.46,-0.82,0.62
KCYFNYSCVFSVVNAT,-0.14,Non-Toxin,0.01,0.65,0.65,0.23,-0.81,0.69
SLILDYFSYPLSM,-0.79,Non-Toxin,0.13,0.61,0.61,0,-0.9,0.46
KGLAQPV,-1.1,Non-Toxin,-0.05,0.59,0.59,0.7,-0.09,0.57
NEIGLNASVTLKIC,-1.23,Non-Toxin,0.01,0.64,0.64,0.35,-0.28,0.64
DALRNSARLE,-0.93,Non-Toxin,-0.42,0.62,0.62,0.62,0.79,1.3
HAFHTNPFT,-0.51,Non-Toxin,-0.04,0.46,0.46,0.32,-0.79,0.67
CDVVIGIVNNTVY,-0.88,Non-Toxin,0.13,0.69,0.69,0,-0.76,0.54
YVNDGRVDDGYIC,-0.59,Non-Toxin,-0.18,0.71,0.71,0.19,0.14,0.85
IVFKTLQYDVLFYCSNS,-0.19,Non-Toxin,0.02,0.65,0.65,0.29,-0.73,0.71
FHTINHTFGNPVIPF,-0.23,Non-Toxin,0.09,0.55,0.55,0.19,-0.93,0.53
KNTKVIKDRVMYSEFPA,-1.27,Non-Toxin,-0.27,0.66,0.66,0.87,0.39,1
AGSNTEFASNSSV,-0.55,Non-Toxin,-0.1,0.61,0.61,0.1,-0.06,0.77
MKSEKQVEQKI,-1.25,Non-Toxin,-0.42,0.68,0.68,1.46,1.01,1.18
LNVVKYTQLCQYL,-1.21,Non-Toxin,-0.04,0.64,0.64,0.47,-0.83,0.85
RPPPGEQFK,-0.42,Non-Toxin,-0.4,0.58,0.58,0.96,0.74,1
SAFVGALPKTVRE,-0.79,Non-Toxin,-0.09,0.6,0.6,0.57,0.05,0.69
SDLQDLK,-1.1,Non-Toxin,-0.35,0.64,0.64,0.7,0.84,1
IRKIYPAFMLGSS,-1.04,Non-Toxin,-0.01,0.62,0.62,0.47,-0.42,0.69
RDLSLKGTTYLS,-1.05,Non-Toxin,-0.22,0.6,0.6,0.51,0.09,1
DISDTIPDEKQNG,-0.53,Non-Toxin,-0.32,0.66,0.66,0.48,0.9,0.92
GTRNPAN,-0.25,Non-Toxin,-0.41,0.61,0.61,0.35,0.36,1.29
SNASSSF,-0.67,Non-Toxin,-0.12,0.59,0.59,0,-0.23,0.86
LKCSYVLNNISLATQPY,-1.46,Non-Toxin,-0.04,0.61,0.61,0.29,-0.65,0.76
EASLPYG,-1.03,Non-Toxin,0,0.57,0.57,0.18,-0.19,0.43
NVDNEIVKSSDVVDSNENL,-0.44,Non-Toxin,-0.23,0.68,0.68,0.33,0.53,0.95
NTKLYVNKTLYSEFST,-0.98,Non-Toxin,-0.18,0.63,0.63,0.54,-0.21,1
NVSVLQM,-0.72,Non-Toxin,0.04,0.67,0.67,0.18,-0.77,0.71
SELKQLEAKT,-0.79,Non-Toxin,-0.33,0.6,0.6,1.11,0.8,1
VKSACIEVD,-0.74,Non-Toxin,-0.07,0.65,0.65,0.55,0.33,0.56
TDSVLLIERFVSLAIDAYPLVY,-1.61,Non-Toxin,0.08,0.62,0.62,0.17,-0.51,0.55
LVKDPPNVQ,-0.54,Non-Toxin,-0.19,0.61,0.61,0.55,0.18,0.78
YTPSFKKGAKLLHK,-1.39,Non-Toxin,-0.23,0.56,0.56,1.15,0.18,0.86
VFVSNGTHWFVTQR,-1.29,Non-Toxin,-0.05,0.6,0.6,0.37,-0.75,0.93
KIDCRCILG,-0.17,Non-Toxin,-0.15,0.66,0.66,0.68,0.18,0.78
VRVDCYD,-0.21,Non-Toxin,-0.29,0.7,0.7,0.35,0.39,1
YKIDTTSSSCQLYYSL,-0.3,Non-Toxin,-0.13,0.61,0.61,0.31,-0.42,0.88
YKHYTPSFKK,-0.68,Non-Toxin,-0.36,0.56,0.56,1.25,0.13,1.1
QRVDENGDKLD,-0.8,Non-Toxin,-0.52,0.7,0.7,0.79,1.37,1.27
VLFLTWL,-0.73,Non-Toxin,0.42,0.57,0.57,0,-1.89,0.29
VFVSNGTHWFVTQRN,-1.25,Non-Toxin,-0.09,0.61,0.61,0.34,-0.69,1
SGGNVVPYYSWFSG,-1.42,Non-Toxin,0.08,0.63,0.63,0,-0.89,0.57
QLGNLGY,-1.11,Non-Toxin,0.01,0.65,0.65,0.18,-0.79,0.71
AELVPSTAAMLFDSHIV,-1.63,Non-Toxin,0.12,0.56,0.56,0.16,-0.47,0.35
KHTPINLVRDLPQGFS,-1.04,Non-Toxin,-0.17,0.57,0.57,0.55,-0.04,0.88
PERTCCLCD,0.79,Toxin,-0.3,0.6,0.6,0.41,0.42,0.78
PDYNTYKNTCDGTTF,-0.28,Non-Toxin,-0.25,0.64,0.64,0.24,-0.02,0.93
SCQLYYNL,-0.51,Non-Toxin,-0.06,0.63,0.63,0.16,-1.06,0.88
SKIVCDGSVHYAGVVWTL,-1.03,Non-Toxin,0.08,0.6,0.6,0.28,-0.62,0.5
HGTILTRPLLESEL,-1.16,Non-Toxin,-0.08,0.54,0.54,0.46,-0.07,0.71
VVTKFLFNVYLGMAL,-1.47,Non-Toxin,0.21,0.65,0.65,0.24,-1.08,0.4
DVLEQDAQID,-1.15,Non-Toxin,-0.21,0.68,0.68,0.38,0.68,0.8
TIEVLVTVD,-1.19,Non-Toxin,0.13,0.65,0.65,0.14,-0.32,0.44
MYMGKCGDKF,-0.35,Non-Toxin,-0.14,0.71,0.71,0.73,0.06,0.6
VDGDMVP,-0.72,Non-Toxin,0,0.68,0.68,0,0.24,0.29
RLDTIQADQQVDRLI,-1.29,Non-Toxin,-0.31,0.66,0.66,0.58,0.4,1.2
ACTDDNALAYYNNSKGG,-0.27,Non-Toxin,-0.19,0.65,0.65,0.22,0.04,0.82
NSNANLSMLQLGVP,-0.93,Non-Toxin,-0.03,0.62,0.62,0.09,-0.52,0.71
GVFVSNGTHWFVTQRN,-1.37,Non-Toxin,-0.08,0.61,0.61,0.32,-0.64,0.94
NFLVQAGN,-1.29,Non-Toxin,0.02,0.67,0.67,0.16,-0.71,0.75
INSGTTCSNDLLQPNTE,-0.6,Non-Toxin,-0.18,0.62,0.62,0.15,-0.01,0.88
VYSDVET,-1.06,Non-Toxin,-0.1,0.66,0.66,0.18,0.09,0.71
RNPIDLPPSHAT,-0.53,Non-Toxin,-0.22,0.51,0.51,0.33,0.13,0.83
PDDQIGYYRRATRRVR,-0.64,Non-Toxin,-0.59,0.66,0.66,0.84,0.78,1.69
YPDEIFRSDTLYLTQ,-1.03,Non-Toxin,-0.18,0.62,0.62,0.33,-0.05,0.93
TGTTPQKLFVANYSQDVK,-1.06,Non-Toxin,-0.18,0.62,0.62,0.55,-0.08,0.89
KLRSRVKFVNGR,-0.67,Non-Toxin,-0.5,0.67,0.67,1.22,0.68,1.58
GYMQGYDDCMQQGPASA,-1.09,Non-Toxin,-0.13,0.65,0.65,0.22,-0.14,0.65
KTADGQQKQ,-0.71,Non-Toxin,-0.53,0.65,0.65,1.23,0.97,1.33
DQLSDPNY,-0.63,Non-Toxin,-0.32,0.64,0.64,0.16,0.33,1
VMRYNLNFSANSL,-1.12,Non-Toxin,-0.11,0.65,0.65,0.19,-0.58,1
SCFFTCNSNANLSM,0.15,Toxin,-0.04,0.63,0.63,0,-0.68,0.71
VKPESTADQETYGG,-0.63,Non-Toxin,-0.24,0.62,0.62,0.53,0.53,0.79
KPFRVEGN,-1.29,Non-Toxin,-0.36,0.66,0.66,0.92,0.65,1.12
VSEKSGNFK,-1.39,Non-Toxin,-0.3,0.66,0.66,0.96,0.64,1
QKFKTICFSTVEVP,-0.65,Non-Toxin,-0.08,0.63,0.63,0.7,-0.15,0.71
GTTKFYG,-1,Non-Toxin,-0.07,0.64,0.64,0.52,-0.37,0.71
KREAPAH,-0.59,Non-Toxin,-0.49,0.49,0.49,1.26,1.07,1.14
VDTKFKTEG,-0.69,Non-Toxin,-0.29,0.66,0.66,0.96,0.8,0.89
DMYDPTTKNVTGSNES,-0.97,Non-Toxin,-0.29,0.64,0.64,0.31,0.42,0.94
KLTYNKQM,-0.62,Non-Toxin,-0.36,0.67,0.67,1.07,0.07,1.25
ELKCSVKSF,-0.42,Non-Toxin,-0.18,0.63,0.63,0.96,0.31,0.78
NNLTAPRNSW,-1.13,Non-Toxin,-0.3,0.59,0.59,0.25,-0.22,1.3
LFPYQGDHGDMYVY,-0.86,Non-Toxin,-0.02,0.62,0.62,0.19,-0.59,0.57
RDLPSGFNTLKPIFKLP,-1.7,Non-Toxin,-0.13,0.59,0.59,0.58,-0.01,0.76
LNRVCGVSAA,-1.26,Non-Toxin,-0.04,0.62,0.62,0.25,-0.33,0.7
GTGRGDCKGF,-0.02,Non-Toxin,-0.25,0.67,0.67,0.61,0.51,0.8
FLLTNGSTLVDG,-1.03,Non-Toxin,0.09,0.62,0.62,0,-0.56,0.5
VSAAFHANSSEPALLF,-0.58,Non-Toxin,0.08,0.54,0.54,0.17,-0.53,0.44
KVDDVDDSGDSSESGAKETKEI,-0.83,Non-Toxin,-0.35,0.66,0.66,0.67,1.3,0.86
RNRDVDTDF,-0.69,Non-Toxin,-0.59,0.7,0.7,0.54,1.2,1.56
ASLFPPWTAAAGVPF,-1.11,Non-Toxin,0.21,0.54,0.54,0,-0.92,0.2
DDQIGYYRRATRRVRG,-0.72,Non-Toxin,-0.58,0.68,0.68,0.84,0.78,1.69
VWLIISVVFVVLLS,-1.5,Non-Toxin,0.44,0.62,0.62,0,-1.56,0.21
DAVLTYSSFGVCAD,-0.87,Non-Toxin,0.06,0.63,0.63,0,-0.39,0.43
EENLRRGT,-0.75,Non-Toxin,-0.61,0.65,0.65,0.93,1.25,1.62
GMLNGNA,-0.91,Non-Toxin,0.01,0.67,0.67,0,-0.46,0.57
PKLDNYYKKDNSYFT,-0.68,Non-Toxin,-0.36,0.66,0.66,0.73,0.27,1.13
SKYGLGFKW,-0.8,Non-Toxin,-0.07,0.63,0.63,0.82,-0.41,0.78
KKINRMAEQAATQMYKEARSVNRKSKV,-1.15,Non-Toxin,-0.45,0.66,0.66,1.14,0.71,1.33
TIANQEKYSS,-0.81,Non-Toxin,-0.28,0.63,0.63,0.62,0.2,1.1
WPLVIIA,-0.57,Non-Toxin,0.44,0.57,0.57,0,-1.54,0.14
TPQKLFVANYSQDVKQ,-1.07,Non-Toxin,-0.23,0.64,0.64,0.69,-0.02,1
RGAITTGYRFTNFEPFTV,-1.29,Non-Toxin,-0.1,0.63,0.63,0.34,-0.33,0.89
NRYLSLYNKYRYYSGKMDTAAYR,-0.38,Non-Toxin,-0.35,0.65,0.65,0.64,-0.05,1.3
TIVNQERYVK,-1.04,Non-Toxin,-0.32,0.68,0.68,0.86,0.19,1.3
NGKVSTLVKQ,-0.85,Non-Toxin,-0.22,0.65,0.65,0.86,0.15,1
FSNCNFNLSTLLRLVHTD,-0.99,Non-Toxin,-0.1,0.59,0.59,0.22,-0.49,0.89
GSHVGSS,-0.66,Non-Toxin,-0.05,0.52,0.52,0.21,-0.16,0.57
YTYNITEDEILEWF,-1.45,Non-Toxin,-0.04,0.65,0.65,0.27,-0.32,0.79
IGTRNPANNAAIVLQLP,-0.44,Non-Toxin,-0.04,0.61,0.61,0.22,-0.4,0.76
LKPGDSF,-1.15,Non-Toxin,-0.12,0.61,0.61,0.52,0.29,0.57
LWYQKPFLSDFNNGIFS,-1,Non-Toxin,-0.01,0.64,0.64,0.29,-0.67,0.76
GIFSRVKNTKLY,-1.31,Non-Toxin,-0.2,0.66,0.66,0.82,-0.07,1.08
APYRVIPRNLVPI,-1.18,Non-Toxin,-0.08,0.6,0.6,0.38,-0.38,0.85
FFTCNSNANLSML,-0.02,Non-Toxin,0.02,0.63,0.63,0,-0.82,0.69
YNKDYAE,-0.69,Non-Toxin,-0.4,0.69,0.69,0.71,0.59,1.14
DSSKEFV,-0.83,Non-Toxin,-0.26,0.65,0.65,0.71,0.8,0.86
NNFQKFKTICFSTVEVP,-1.01,Non-Toxin,-0.11,0.65,0.65,0.58,-0.25,0.82
KNVSTGN,-0.99,Non-Toxin,-0.3,0.66,0.66,0.52,0.26,1.14
DQSDQVRNVQTRGRRAQPKQTATSQQPSGGNVV,-1.02,Non-Toxin,-0.42,0.64,0.64,0.67,0.47,1.33
FNNGIFSRVKNTKLYVNK,-1.28,Non-Toxin,-0.24,0.68,0.68,0.75,-0.07,1.17
CYVCKPHQV,-0.58,Non-Toxin,-0.12,0.56,0.56,0.71,-0.51,0.67
KNTKVIKDRVMYS,-1.34,Non-Toxin,-0.37,0.68,0.68,1.04,0.52,1.23
PNNNAATVLQLPQGT,-1.04,Non-Toxin,-0.1,0.59,0.59,0.17,-0.39,0.8
YCSNSSSGVL,-0.5,Non-Toxin,-0.04,0.61,0.61,0,-0.52,0.7
SCQLYYSLPAINVTINN,-0.96,Non-Toxin,0,0.62,0.62,0.07,-0.81,0.76
NSAPDGLLFLHTVLLPT,-0.97,Non-Toxin,0.1,0.53,0.53,0.09,-0.66,0.41
DAQVVQLPVKDYVQTVNVIAWLYAA,-1.14,Non-Toxin,0.04,0.63,0.63,0.3,-0.6,0.64
GQGIFKEVSAVYYN,-1.69,Non-Toxin,-0.02,0.67,0.67,0.44,-0.41,0.71
RFFNHTLVLLPDGCG,-0.56,Non-Toxin,0,0.58,0.58,0.26,-0.51,0.6
CSYVLNNISLATQPYF,-1.59,Non-Toxin,0.03,0.62,0.62,0.08,-0.92,0.69
SISASYRFVTFEPFNVSF,-1.66,Non-Toxin,0.01,0.62,0.62,0.21,-0.59,0.72
IFSNFILNGINSG,-1.35,Non-Toxin,0.14,0.67,0.67,0,-0.85,0.62
FDFLSNASSSFD,-0.66,Non-Toxin,-0.04,0.63,0.63,0,-0.2,0.67
FNTLKPIFKLPLGINI,-1.7,Non-Toxin,0.08,0.62,0.62,0.46,-0.61,0.56
QKLEDNPL,-0.35,Non-Toxin,-0.35,0.62,0.62,0.77,0.73,1
ADKICIVDNV,-0.21,Non-Toxin,-0.03,0.69,0.69,0.37,0.11,0.6
GSIRFDSTLPGFE,-1.27,Non-Toxin,-0.08,0.62,0.62,0.29,0.05,0.69
LDNDFNT,-1.14,Non-Toxin,-0.25,0.69,0.69,0,0.24,1
QAISNSI,-1.12,Non-Toxin,-0.02,0.63,0.63,0.18,-0.44,0.86
VADYSVLYNSTFFSTFKC,-0.68,Non-Toxin,0.01,0.63,0.63,0.2,-0.67,0.67
TFTKLQSLE,-1.12,Non-Toxin,-0.15,0.6,0.6,0.69,-0.04,0.89
RDNDTLSVST,-0.94,Non-Toxin,-0.36,0.63,0.63,0.25,0.57,1.2
FKTYAFDKP,-0.91,Non-Toxin,-0.19,0.63,0.63,0.82,0.09,0.78
LTFLLDFSVDGYIRR,-1.02,Non-Toxin,-0.08,0.65,0.65,0.33,-0.27,0.87
SAIITANLSIPSNWT,-1.16,Non-Toxin,0.07,0.58,0.58,0,-0.74,0.67
DVVIGIINNTVYDP,-0.65,Non-Toxin,0.07,0.68,0.68,0,-0.44,0.57
SGMPTTFLFSLYLGTL,-1.29,Non-Toxin,0.18,0.59,0.59,0,-1.02,0.38
GATDAPSTFGTRNPNND,-0.44,Non-Toxin,-0.27,0.61,0.61,0.14,0.31,0.94
KLGASQRVAGDSGFAAYSRYRIGNYKLNTDHSSSSDNI,-0.97,Non-Toxin,-0.24,0.62,0.62,0.46,0.16,1.03
PLGYVTH,-1.04,Non-Toxin,0.09,0.5,0.5,0.21,-0.93,0.43
VEKCVVRVCYGN,-0.05,Non-Toxin,-0.14,0.69,0.69,0.62,-0.09,0.83
RNIKCNYVFNNSLTRQ,-0.07,Non-Toxin,-0.36,0.67,0.67,0.61,-0.06,1.44
TIDCSLFVCSNYAACHDLL,-0.3,Non-Toxin,0.05,0.59,0.59,0.08,-0.61,0.47
GSECSKASSRSA,0.29,Toxin,-0.34,0.59,0.59,0.62,0.71,1
CVDCDTA,-0.15,Non-Toxin,-0.11,0.64,0.64,0,0.23,0.43
EFVFKNIDGYFKIYSK,-1.28,Non-Toxin,-0.09,0.69,0.69,0.77,-0.11,0.81
SFFEDLLFDKVKLSDV,-0.87,Non-Toxin,-0.06,0.65,0.65,0.54,0.17,0.62
LQDVLSLR,-1.27,Non-Toxin,-0.16,0.62,0.62,0.46,-0.05,1
KNTKVIKDRVMYSEF,-1.31,Non-Toxin,-0.32,0.68,0.68,0.98,0.48,1.13
FQQVLYYQ,-0.88,Non-Toxin,-0.04,0.67,0.67,0.47,-1.23,1
RWYFYYLGTGPEAG,-1.05,Non-Toxin,-0.02,0.62,0.62,0.27,-0.68,0.71
SSEVKAQSSGVIPE,-0.53,Non-Toxin,-0.14,0.61,0.61,0.53,0.36,0.71
DLQNYGDSATL,-0.81,Non-Toxin,-0.16,0.63,0.63,0.11,-0.01,0.82
KRNVDPL,-0.65,Non-Toxin,-0.46,0.64,0.64,0.87,0.84,1.29
FLQSSNYKIDTTSSSCQL,-0.12,Non-Toxin,-0.17,0.61,0.61,0.34,-0.22,0.94
YSSLILDYFSYPL,-0.82,Non-Toxin,0.11,0.6,0.6,0,-0.98,0.54
DQWFKNQTSVAPDLS,-1,Non-Toxin,-0.2,0.61,0.61,0.41,0.01,0.93
VSSNINR,-0.71,Non-Toxin,-0.33,0.67,0.67,0.35,0.1,1.43
LTPSDVY,-0.97,Non-Toxin,-0.02,0.59,0.59,0,-0.39,0.57
SDFGTSFVS,-1.18,Non-Toxin,0.03,0.63,0.63,0,-0.33,0.56
YYVKPGGTSSGDATTAY,-0.79,Non-Toxin,-0.08,0.61,0.61,0.22,-0.24,0.65
RDISNVPFSPDGKPCTPPALNCYWPLNDYGFYT,-0.59,Non-Toxin,-0.11,0.6,0.6,0.19,-0.28,0.7
DSNTTQDTY,-1.19,Non-Toxin,-0.39,0.64,0.64,0.14,0.36,1.22
KRPIQPTDVAY,-1.21,Non-Toxin,-0.28,0.61,0.61,0.67,0.25,1
MLEDEFTPEDVN,-1.12,Non-Toxin,-0.19,0.66,0.66,0.32,0.64,0.67
NLKSNCVR,-0.61,Non-Toxin,-0.41,0.66,0.66,0.77,0.3,1.38
DNQDLYGQWYDFGD,-0.86,Non-Toxin,-0.22,0.69,0.69,0.18,0.02,0.93
KQGAKPVG,-0.73,Non-Toxin,-0.23,0.62,0.62,1.07,0.53,0.75
VTTHESSSAV,-0.4,Non-Toxin,-0.08,0.53,0.53,0.27,-0.09,0.7
GTDTNSVCPK,-0.32,Non-Toxin,-0.24,0.61,0.61,0.37,0.32,0.8
VKSFEIDKGIYQTSN,-1.12,Non-Toxin,-0.19,0.67,0.67,0.66,0.18,0.93
HASRNACGTNV,-0.14,Non-Toxin,-0.24,0.57,0.57,0.35,-0.06,1
TFGGPTDSTDNNQNGGRNGARP,-0.92,Non-Toxin,-0.34,0.64,0.64,0.28,0.41,1.09
RKAWAAFYVYKLQPLTFL,-1.34,Non-Toxin,-0.02,0.6,0.6,0.61,-0.7,0.78
TTNSDKC,-0.21,Non-Toxin,-0.43,0.63,0.63,0.52,0.67,1.14
PEPISDKN,-0.9,Non-Toxin,-0.34,0.6,0.6,0.62,0.96,0.88
DDKYKATG,-0.46,Non-Toxin,-0.42,0.66,0.66,0.92,1.1,1
CYYNNGSSGR,0.12,Toxin,-0.32,0.66,0.66,0.25,-0.16,1.2
LKDCVMYASAVVLLILM,-1.07,Non-Toxin,0.2,0.64,0.64,0.22,-0.83,0.29
VRGSSAARLEPCNGTDIDY,-0.41,Non-Toxin,-0.23,0.63,0.63,0.32,0.32,0.89
CEQSYQLYDASN,-0.46,Non-Toxin,-0.25,0.64,0.64,0.31,-0.06,1
ELDEFFKNVSTSIPNFG,-1.4,Non-Toxin,-0.08,0.65,0.65,0.37,0,0.71
RAMLKCVALCDAM,-0.47,Non-Toxin,-0.05,0.63,0.63,0.47,-0.17,0.54
FNYRIDTTATSCQLYY,-0.63,Non-Toxin,-0.15,0.64,0.64,0.23,-0.56,1
LMWLSYFIASFRLFARTR,-0.98,Non-Toxin,-0.04,0.61,0.61,0.41,-0.75,0.94
QWLPSGSILVDNDLNPFVSDSL,-0.96,Non-Toxin,-0.01,0.61,0.61,0.06,-0.32,0.64
RNLFASVKSSQSS,-0.47,Non-Toxin,-0.27,0.61,0.61,0.57,0.12,1.15
FVKVLGLYVP,-1.2,Non-Toxin,0.23,0.63,0.63,0.37,-0.99,0.3
DCGSTKLPYYEFEK,-0.95,Non-Toxin,-0.24,0.63,0.63,0.71,0.36,0.79
CDVVIGIINNTVYD,-0.56,Non-Toxin,0.08,0.7,0.7,0,-0.51,0.57
SYFVVKR,-0.83,Non-Toxin,-0.2,0.67,0.67,0.87,-0.21,1.14
LRKNGNKGAGGH,-0.81,Non-Toxin,-0.35,0.61,0.61,0.94,0.55,1.08
VASQSII,-1.06,Non-Toxin,0.15,0.62,0.62,0.18,-0.69,0.57
SPYNSQNF,-0.91,Non-Toxin,-0.24,0.63,0.63,0.16,-0.45,1.12
RFKNADLKD,-0.85,Non-Toxin,-0.52,0.67,0.67,1.09,1.16,1.33
GFSATNSALAKIQSVV,-0.94,Non-Toxin,0.03,0.61,0.61,0.31,-0.42,0.62
SHPSGDV,-0.55,Non-Toxin,-0.14,0.51,0.51,0.21,0.23,0.57
NRVCGVSAA,-1.2,Non-Toxin,-0.1,0.63,0.63,0.27,-0.17,0.78
SDISLVKFGAALAM,-0.77,Non-Toxin,0.13,0.62,0.62,0.26,-0.4,0.36
PKPQRQRGHKNGQGENDNI,-1.44,Non-Toxin,-0.55,0.63,0.63,0.98,0.89,1.42
APEGLVFLHTVLLPTQY,-1.27,Non-Toxin,0.12,0.54,0.54,0.23,-0.8,0.41
LFKKNFTYNVSTDWLYF,-0.86,Non-Toxin,-0.06,0.65,0.65,0.43,-0.69,0.88
