peptide,(-)_charged_residues (asp+glu),(+)_charged_residues (arg+lys),"half_life_hours (mammalian reticulocytes, in vitro)",aliphatic_index
PSGLKTMIVSAG,0,1,20,97.5
PKIEDSNVKEEP,4,2,20,56.67
KNSLSDVAFNRH,1,2,1.3,65
RQVRSWIGFDVEGAHA,2,2,1,73.12
YPSNAIVCRFDT,1,1,2.8,65
GSCGSVGFNIDYDCV,2,0,30,64.67
KILKDDGNFVVLELDP,4,2,1.3,133.75
FCPCSSCFGKNN,0,1,1.1,0
VFWVANHQADTSTPSD,2,0,100,48.75
LREPMMQSSDAS,2,1,5.5,40.83
VSIINNTVYTKVDGVD,2,1,100,121.25
NMLRIMASL,0,1,1.4,141.11
FLLGINYLGTIKENID,2,1,1.1,146.25
TGIAVEQDKNTQEVFA,3,1,7.2,73.12
WTAAEGVPFYLN,1,0,2.8,73.33
ALASDIFDTPSVLQAT,2,0,4.4,110
CMFWNCNVDKYPPNAV,1,1,1.2,42.5
GSSKCVCSVIDLLLD,2,1,30,142.67
GQAGEMPCAIINDKVV,2,1,30,97.5
PGTSVLRQWLPT,0,1,20,89.17
DGSPQPYCYTDG,2,0,1.1,0
IYFAATEKSNVVRGWV,1,2,20,91.25
ARARVECFDKFKVNS,2,4,4.4,52
ADDLNQLTGYKKPAS,2,2,4.4,65.33
MYMGTLSYEQLK,1,1,30,65
SASFSTFKCYGV,0,1,1.9,32.5
RLHTVESGDVNV,2,1,1,105
AAASAVKLQNNE,1,1,4.4,90
THGLNLEEAARY,2,1,7.2,81.67
PQGFSALEPLVD,2,0,20,97.5
CGNDSWLTGNAIQGFA,1,0,1.2,61.25
NLNRGLPTGLSV,0,1,1.4,121.67
PIEDYEQNWNTKHGSG,3,1,20,24.38
ASAFFGMSR,0,1,4.4,22.22
FYPKLQSSQAWQPGVA,0,1,1.1,55
LREVRTIKVFTTVDN,2,3,5.5,110
SQQQSQTVTKKSAAEA,1,2,1.9,36.88
PSIISNEKQEILGTVS,2,1,20,115.62
GVIRSIFAR,0,2,30,130
LERMAEQAMTSM,2,1,5.5,49.17
ESLRPDTRYVLMDGS,3,2,1,71.33
VYYPDKVFRSSVLHSTQ,1,2,100,74.12
ATDAPSTFGTRN,1,1,4.4,16.67
SVNDSLEPVGGLYEIQ,3,0,1.9,109.38
EEKKIKASIEEV,4,3,1,97.5
CLSNNPCNVCQY,0,0,1.2,56.67
PYIDDFNRIASC,2,1,20,73.33
YAYLRKHF,0,2,2.8,61.25
LYHDSQNML,1,0,5.5,86.67
VKTTEVVGDIILKPA,2,2,100,142.67
RPGVYCGSDYFD,2,1,1,24.17
FVSDADITLLGD,3,0,1.1,130
SVINRLRCDQLSFDVP,2,2,1.9,109.38
GVTRDILSTDDC,3,1,30,89.17
YYYPEPIIENNV,2,0,2.8,89.17
NFTGYLKLTDNVSIKN,1,2,1.4,91.25
MFQFATFPVYDT,1,0,30,32.5
IPIGAGICASYQTQTN,0,0,20,85.62
AQFNYRRDGQPC,1,2,4.4,8.33
FFQPVTYFQLTT,0,0,1.1,56.67
YGDFSHQQLGGL,1,0,2.8,65
AYYNNWQNLLYD,1,0,4.4,73.33
TNLHFDVDNINFKSLV,2,1,7.2,109.38
TIDGSSGVVNPV,1,0,7.2,105
ISTPNLPDFKEE,3,1,20,65
FNFNGLTGTGVL,0,0,1.1,89.17
EDLKFPRGQGVP,2,2,1,56.67
KRTATKQYNVTQAFGRR,0,5,1.3,28.82
TKTHATLFGSVA,0,1,7.2,73.33
RIGNYKLNTDHSSSSD,2,2,1,48.75
VPQAVETKVQCSTNLF,1,1,100,85
ATEQLLYVIQQL,1,0,4.4,162.5
DDYNGTPLEFGA,3,0,1.1,40.83
TITIGSTFVNTS,0,0,7.2,89.17
LIDNINSTLVDLKWLN,2,1,5.5,164.37
SSTMIFSVHPVE,1,0,1.9,80.83
TSHTVMPLSAPTLVP,0,0,7.2,97.33
LQKRLYSHVYRSDKVD,2,4,5.5,85
QPRSDKPSQLKK,1,4,0.8,32.5
VEHVTFFIYNKIVDE,3,1,100,110
ISSNCYSSLILD,1,0,20,130
FGSTMDNTTQSA,1,0,1.1,8.33
HADQLTPAW,1,0,3.5,65.56
NSVFNICQAVTANVN,0,0,1.4,97.33
DLNKPLIEWPLT,2,1,1.1,130
PQLEQPYVFLKR,1,2,20,89.17
KITEELQHEDLL,4,1,1.3,130
NMFITREEAIRHVRA,2,3,1.4,84.67
RIKIVQMLSDTLKNL,1,3,1,149.33
RVYNHFNNYDCV,1,1,1,48.33
SGGYIPEAPRDG,2,1,1.9,40.83
IAWNSNNLDSKVGGNY,1,1,20,73.12
MPYHPNTVDCQDDRCI,3,1,30,42.5
CCDDYTGHQELV,3,0,1.2,56.67
LPCQFKDKNLQD,2,2,5.5,65
TVEKGIYQTSNFRVQ,1,2,7.2,64.67
VGTQSVDMLAVK,1,1,100,113.33
LCNPDPITFAGP,1,0,5.5,73.33
VVNAYNSTAIFV,0,0,100,121.67
QNHSYIYHSAFA,0,0,0.8,49.17
GAGGHSFGIDLKSYDL,2,1,30,79.38
EMLKLGTNDPQF,2,1,1,65
KVFGKDGVMYSE,2,2,1.3,48.33
SVNQISGYTLAA,0,0,1.9,105.83
PSECTLFRDAEG,3,1,20,40.83
AQTSTAIYTNLR,0,1,4.4,81.67
FKNHTSPDVDLGDISG,3,1,1.1,66.88
WLGFIAGLIAIVMVT,0,0,2.8,182
TMFRDAEGKMVP,2,2,7.2,32.5
NVWQIQTIQDSDGTNK,2,1,1.4,66.88
PTNFSISVTTEV,1,0,20,80.83
SIQSGRKAWAAF,0,2,1.9,57.5
LESFKQELDKYF,3,2,5.5,65
VMYTAAFNWVLL,0,0,100,130
APVEDIAQVVIA,2,0,4.4,162.5
RSDKSYEHQTPFEIKS,3,3,1,24.38
CVPLSVVPLCAS,0,0,1.2,145.83
SDEAISTRFPPG,2,1,1.9,40.83
PVLVNAANTHLK,0,1,20,130
SATVTANLSIPS,0,0,1.9,105.83
PRGYYIEGAGRS,1,2,20,40.83
ACTMFTMADGSP,1,0,4.4,16.67
DNAYFTEQPIDLVPTQ,3,0,1.1,73.12
PITDVFYKENSYTTT,2,1,20,45.33
HTDLMAAYVDNSSLT,2,0,3.5,84.67
RLNALESKMSGKGSQQ,1,3,1,55
AKDQYGSDINGV,2,1,4.4,65
KIRAVIYNSRDA,1,3,1.3,105.83
RRAITTENRFTN,1,3,1,40.83
KIQESLTSTASA,1,1,1.3,81.67
FIKQYGDCLGDIA,2,1,1.1,97.69
EQDRNTREVFAQVKQM,3,3,1,42.5
CTYTMCEYPHTI,1,0,1.2,32.5
YFPKSGANFTDL,1,1,2.8,40.83
IATKMFDSFVNSFVSL,1,1,20,91.25
AETHRDCDFNKP,3,2,4.4,8.33
AGAAAYYVGYLQ,0,0,4.4,90
LSSYSLFDMSKFPLK,1,2,5.5,78
SCVGSGPGKNNGIGTC,0,1,1.9,42.5
ETDGICPENHVMVDCR,4,1,1,60.62
SEYDYVIFTQTTETAH,3,0,1.9,48.75
DCNAASVNPASM,1,0,1.1,49.17
FLTYIIFSYAPH,0,0,1.1,105.83
AWNTRNIDATSTGNYN,1,1,4.4,36.88
NAPRITFGGPSDSTGSNQNG,1,1,1.4,24.5
QCVQLHNDILLAKDTT,2,1,0.8,121.88
NYEDLLIRKSNHNFL,2,2,1.4,104
DEDDNLIDSYFVVKR,5,2,1.1,90.67
CTLSEQLDFIDT,3,0,1.2,97.5
LCCMTNCCSCFK,0,1,5.5,32.5
KDSNFLNRVRGS,1,3,1.3,56.67
AGSVYTNSCLVA,0,0,4.4,97.5
SSNVANYQK,0,1,1.9,43.33
MVTIMLCCMTSC,0,0,30,89.17
EFLKRGEKIVYH,2,3,1,89.17
PLDEAENVTESV,4,0,20,89.17
HEPTTPISSALI,1,0,3.5,105.83
FYPPDEDEEEGDCEEE,0,0,1.1,0
GNYNYLYRLFRKSNL,0,3,30,78
VFISPYNSQNAVASK,0,1,100,78
PETTADIVVFDEISM,4,0,20,97.33
CDAMRDAGIVGVLTL,2,1,1.2,130
KEEDGFAFYPACTNGH,3,1,1.3,12.5
VITAGDGISRPK,1,2,100,97.5
DGRDNGAFEAFK,3,2,1.1,16.67
DSLNAKWVFDSS,2,1,1.1,65
YTPSFKKGAKLLHKPI,0,4,2.8,79.38
VLNNCTKYNIYD,1,1,100,89.17
AGARIPDVPTTL,1,1,4.4,105.83
RDGQPFYERFPL,2,2,1,32.5
TQRNFYEPQIITTDNTFVSG,2,1,7.2,53.5
WNTKHSSGVTRE,1,2,2.8,24.17
FHTPAYDVSAFR,1,1,1.1,40.83
IKDRVMYSEFPAITIG,2,2,20,97.5
VQGFACECGAVY,1,0,100,65
QGYDDCMKQGPA,2,1,0.8,8.33
AKVKNTKVVGKD,1,4,4.4,80.83
QYGDCLGDIAARDLICAQKF,3,2,0.8,93
SRSSTRNNSRDSSRST,1,4,1.9,0
VNRFNVAITRAKIGI,0,3,100,130
FGRDIADTTDAVRDP,4,2,1.1,58.67
PLDSRTGSFNNI,1,1,20,65
NTVKFCDHIVKA,1,2,1.4,89.17
ANGFVVRIGAAANSTG,0,1,4.4,85.62
PRITFGGPSDSTGSN,1,1,20,26
CFSNVYADSFVVKGDD,3,1,1.2,60.62
RDPSGLPPAYAP,1,1,1,49.17
TREVGFVVPGLPGTIL,1,1,7.2,127.5
NGYLTSSSKTPEEHFI,2,1,1.4,48.75
EGEETDLTVTSAGQPC,4,0,1,48.75
LNAFTREMQQHP,1,1,5.5,40.83
DLNGDVVAIDYKHYTP,3,1,1.1,91.25
PTPEEPVNQFTGYLKL,2,1,20,66.88
SALNGSCGSVGF,0,0,1.9,65
SYRFVTFEPFNV,1,1,1.9,48.33
FSMAPVEFYEDRILDF,4,1,1.1,73.12
RNFTYDVNATYL,1,1,1,65
KDGKVQTFYPRL,1,3,1.3,56.67
TARDGVRRGDNFHSVL,2,3,7.2,66.88
EYVSQPFLMDLEGKQGNFKNLR,3,3,1,66.36
SMYKQARSEDKR,2,4,1.9,8.33
HIADCQTTNGLN,1,0,3.5,73.33
TLVKQLSSNFGAISS,0,1,7.2,104
ALPDTPSTLTLR,1,1,4.4,105.83
ASSSLRTFVVDK,1,2,4.4,89.17
AWFTERSDKSYEHQTP,3,2,4.4,6.25
KVRSLKLSDNNCYLNA,1,3,1.3,97.5
FSLGDVEAVNFN,2,0,1.1,89.17
DSAKSVCIEVDI,3,1,1.1,121.67
VTLDKCTKYNIY,1,2,100,89.17
YLFDDAGEENLS,4,0,2.8,73.33
TYFNKPLLVDDN,2,1,7.2,89.17
LSERCNVIADSKSFTL,2,2,5.5,97.5
PIDAIIIDNDLN,3,0,20,170.83
AMLDDATGVMAL,2,0,4.4,114.17
RKCVRSREETGL,2,4,1,56.67
SDTVEVPPHEAD,4,0,1.9,56.67
GSFERVYDIGNP,2,1,30,56.67
GPEAGLPYGANKDGII,2,1,30,85.62
NLGFDNQSKLPS,1,1,1.4,65
SAILEDEFTPFDVVRQ,4,1,1.9,91.25
VDQLNSTYFKLS,1,1,100,89.17
PTAIRADQLTPA,1,1,20,90
QAFETPAVQFST,1,0,0.8,40.83
ELKERDQYCALT,3,2,1,73.33
SSGNRSGNGILKWADQ,1,2,1.9,55
GGMIRYYDVMANGGTG,1,1,30,48.75
GCQTTNGTNTSN,0,0,30,0
SDTLKNLSDRVV,2,2,1.9,113.33
FNSAIGKIQDSLSSTA,1,1,1.1,85.62
NGFFYIDVGKRR,1,3,1.4,56.67
SVMLTNDNTSRYWEPE,3,1,1.9,42.5
ADGIQEAKPSGS,2,1,4.4,49.17
KSAFVNLKQLPFFYYS,0,2,1.3,73.12
SVGSVPGEMRLA,1,1,1.9,89.17
LGIGGKPCIKVATVQS,0,2,5.5,115.62
GTYTWTTVLSMA,0,0,30,65
DQDALFAYTKRNVIPT,2,2,1.1,79.38
TLLTKGTLEPEYFNSV,2,1,7.2,91.25
QLYDASNVKNVT,1,1,0.8,89.17
NYLGKPREQIDG,2,2,1.4,65
AFATFVDVLVNVSATN,1,0,4.4,115.62
YICGDSTECANLLLQYG,2,0,2.8,97.65
TTFIDAARGPAG,1,1,7.2,57.5
SPVEFHLDGEVLSLDK,4,1,1.9,109.38
PRDLDHNFGSAV,2,1,20,65
DDEWVAAVDEAF,5,0,1.1,73.33
KVLDNGIIRDVNPDDK,4,3,1.3,109.38
PREQIDGYVMHA,2,1,20,65
ISTNLPPPLLSN,0,0,20,130
HIDAYKTFPPTEPKK,2,3,3.5,32.67
YSLKAAVHGWKM,0,2,2.8,73.33
DYLTRDDMHQLY,3,1,1.1,65
CKSHGGKDSLTM,1,2,1.2,32.5
AIVESCGNYRVT,1,1,4.4,89.17
FEKYFKYWDQTYHANC,2,2,1.1,6.25
DVSTAIHADQLTPAWR,2,1,1.1,85.62
PLNIIPLTTAAK,0,1,20,146.67
MLLEIKDTEKYCALAP,3,2,30,110
CYYVKPGGTGSG,0,1,1.2,24.17
LFQTIPTQLTPL,0,0,5.5,130
ALLLLDRLNQLESKMSG,2,2,4.4,143.53
SSTMILSLHPVE,1,0,1.9,121.67
SNGKPGNVGGND,1,1,1.9,24.17
CSQSDRFYRLANECAQ,2,2,1.2,36.88
AKVRVECYDKFKINDTTRKYV,3,6,4.4,64.76
KCWTETDLTKGPHEF,3,2,1.3,26
ADTSTPSDVSSRDPTT,3,1,4.4,24.38
KGVQIPCTCGKQATKY,0,3,1.3,48.75
FSFVDDVNGMKV,2,1,1.1,72.5
VTVDGVNFRTVV,1,1,100,120.83
NTNANLSMLQLS,0,0,1.4,105.83
TSYINDVDTGVP,2,0,7.2,80.83
FTREMQQHPLLNPSAL,1,1,1.1,79.38
PKNFHIEGTGGN,1,1,20,32.5
DAVNPTNCIAPV,1,0,1.1,97.5
GKLQDVVNQNAQALNTLVK,1,2,30,117.89
PNGVNVAEEPDS,3,0,20,56.67
KTSVDCTMY,1,1,1.3,32.22
VDIQQTFFDKTWPRPI,2,2,100,66.88
VGLCEEADEGIC,4,0,100,97.5
TSLLILVQSTQWSLF,0,0,7.2,149.33
PPDEDEEEGDCEEEE,1,0,20,0
QLESDAYLDAKG,3,1,0.8,81.67
KDGHVETFYPKLQSSQ,2,2,1.3,42.5
VADAVIKTLQPVSELL,2,1,100,164.37
DTSDFTDSVRDP,4,1,1.1,24.17
VRGGDGKMKDLSPRWY,2,4,100,42.5
TPLEFGASTQNE,2,0,7.2,40.83
YTDIDVNPALNI,2,0,2.8,130
ARDLSLQFKRPINPT,1,3,4.4,84.67
LIGEAVKTQFNYYKKV,1,3,5.5,91.25
SRNSTPGSSRGTSPAR,0,3,1.9,6.25
RLFARTRSMWSF,0,3,1,40.83
IGVTQNVLYENQKLIA,1,1,20,140
YCILEPRSGNYC,1,1,2.8,65
GVLPVNPVLHTKSAAG,0,1,30,115.62
FVNDDTGVQVVD,3,0,1.1,96.67
TYKNTCDGTTF,1,1,7.2,0
DTWFSQRGGSYTNDKA,2,2,1.1,6.25
ADSYYSYIMPML,1,0,4.4,73.33
YYRSLPGTFCGR,0,2,2.8,32.5
MTFGGVVYAYLG,0,0,30,89.17
MPASWVMRI,0,1,30,86.67
EHSWNADLYKLMGHFS,2,1,1,55
KQCTVQQCFGKRGPNQ,0,3,1.3,18.12
TSFATYHTPATN,0,0,7.2,16.67
YSYATHSDK,1,1,2.8,11.11
PNFKDQVILLNKHIDAYK,2,3,20,108.33
HTPATDCSDGNYNRNA,2,1,3.5,12.5
CIGRRNIGFTLE,1,2,1.2,97.5
AHANNINRFNVA,0,1,4.4,81.67
KRLYSHVYRSDKVDST,2,4,1.3,60.62
NLLEILQKEKVNINIV,2,2,1.4,182.5
AFGLRGPGDLQG,1,1,4.4,73.33
EEHFVETVSL,3,0,1,97
LYCGVHKGAHVA,0,1,5.5,97.5
VMPLTAPTLVPQ,0,0,100,121.67
VATLIATLNSLGETLV,1,0,100,170.62
HIGTRNPANNAAIVLQ,0,1,3.5,110
MNSQGLLPPKNSIDAF,1,1,30,79.38
IFNDYHANRPGV,1,1,20,65
ITLVYKVYY,0,1,20,151.11
GHSMQNCLLRLKVDTS,1,2,30,91.25
GPHAKDQYGSDI,2,1,30,40.83
PIIAYTMSL,0,0,20,141.11
DNQHIETPITIN,2,0,1.1,97.5
GLTCSTDLQKAN,1,1,30,73.33
PVEEFEDSTGDE,6,0,20,24.17
EKGVLPQLEQPYVFVK,2,2,1,103.12
GIGVTQNVLYENQKQIA,1,1,30,108.82
KTVLGEYVFDKSELTN,3,2,1.3,85
VDWDIEYPYISH,3,0,100,89.17
KKSFEQHSYIYH,1,2,1.3,32.5
SVANLFSDIKTH,1,1,1.9,97.5
PYNLRVIHFGAG,0,1,20,97.5
NNNGSDVLYQPP,1,0,1.4,56.67
QNCVLKLKVDTANPK,1,3,0.8,97.33
CPVVAAIITREIGFI,1,1,1.2,156
YIKDGDDGYFLPYPDP,4,1,2.8,48.75
LEQTNMHSHDVI,2,0,5.5,89.17
EGGASWSSTMIF,1,0,1,40.83
DWLDDDSQQTVGQQD,5,0,1.1,45.33
AKPFLNKVVSTTTNIV,0,2,4.4,109.38
LLQYGSFCTQLNRALTGIAV,0,1,5.5,122
GLKSSTGFVYFNATGS,0,1,30,48.75
CTYVDTLRDLPL,2,1,1.2,121.67
KNAYEKDKAVAR,2,4,1.3,49.17
GPPGTGKSHFAIGLA,0,1,30,65.33
SSIAYSNNTIAIPTNF,0,0,1.9,85.62
VLVYMILPTFNM,0,0,100,145.83
DAPYIVGDVVQEGVL,3,0,1.1,136
LGINITNFRAILTAFSP,0,1,5.5,126.47
TGTGVLTESNKK,1,2,7.2,56.67
ALANQFTEFVGT,1,0,4.4,73.33
CSVIDLLLDDFVEII,4,0,1.2,194.67
YLGTGPYANASY,0,0,2.8,49.17
FCDGVNVTKHKCDINY,2,2,1.1,60.62
DSYFVVKRHTMENYEL,3,2,1.1,60.62
PTVKEIISMPKIIKVF,1,3,20,133.75
AFHANSSEPALI,1,0,4.4,90
YVKDGKYFTSEP,2,2,2.8,24.17
RYFKYWDQTYHPNCVN,1,2,1,18.12
MSCNGNKIGDLS,1,1,30,65
MLNTSSPNLPDF,1,0,30,65
GFDMLDNYKAID,3,1,30,73.33
VTSAGQPYVASE,1,0,100,65
DYDVAVTAGPFMDNAI,3,0,1.1,79.38
YQPPQTSITSAVLQSG,0,0,2.8,73.12
RLIDAMMFT,1,1,1,97.78
ESTKLPYYDVEKIHIQ,3,2,1,91.25
LIGDCATVHTANKWDL,2,1,5.5,103.75
NIHAVLDTLLAS,1,0,1.4,170.83
NPITKNIGEYNV,1,1,1.4,89.17
YMDGMDAKQVDYVPLK,3,2,2.8,66.88
FSRGQGVPI,0,1,1.1,75.56
SQSSHVAQNTVLNASI,0,0,1.9,97.5
PLLGNSTGIDFQDELDEFFKNVSTSIP,5,1,20,82.96
TFDPITLKAPDT,2,1,7.2,73.33
LVQDHVDILGPL,2,0,5.5,178.33
PIQLSSYSLFDMSKF,1,1,20,78
TAVRSDGTFEEM,3,1,7.2,32.5
HVVAFNTLLFLMSFT,0,0,3.5,123.33
PQRQRGHKNGQE,1,3,20,0
VNNSYECDIPIGAGI,2,0,100,104
QSLCALPDTPSP,1,0,0.8,73.33
PPLLTDEMIAQY,2,0,20,105.83
LSKTSEYKGPVTDVFY,2,2,5.5,60.62
VDALCEKAYKFLNIND,3,2,100,103.75
VIPLAFMPVQSW,0,0,100,121.67
SYQTQTNSPRRA,0,2,1.9,8.33
VEVQPQLEM,2,0,100,107.78
CVDYSKNRRSRK,1,5,1.2,24.17
PLDPRLKGSFND,2,2,20,65
ISDEFSSNV,2,0,20,75.56
TLLQVPQVSTSQ,0,0,7.2,113.33
PEWMDEFEADPK,5,1,20,8.33
ADWKPGHAMPSL,1,1,4.4,49.17
EQDKNTQEVFAQVKQI,3,2,1,66.88
QCYYNNSNNGKI,0,1,0.8,32.5
LQQANKSVGIISMPLG,0,1,5.5,121.88
DQELIRQGTDYKHWP,3,2,1.1,52
LYENQKLIANQFNSA,1,1,5.5,91.33
IPNQAALFFDSE,2,0,20,81.67
VAFELWAKR,1,2,100,97.78
ADGDQRQLLPRW,2,2,4.4,73.33
YVPLKSAVCVTA,0,1,2.8,121.67
VDWHYFDAQPLT,2,0,100,65
IAFGIPPSEAKG,1,1,20,81.67
QSRNLQEFKPRSQME,2,3,0.8,26
NQNAQALNTLVKQLSSNFGA,0,1,1.4,88
PKSRVQQNKSRELTAE,2,4,20,48.75
ITAKETLYRIDGAHLT,2,2,20,110
NMCTGSPPIVEF,1,0,1.4,56.67
GLNLEEAARYMR,2,2,30,81.67
PAKSQTSDVYEA,2,1,20,40.83
VSVPLSVVYDKT,1,1,100,129.17
CGQKSTTLIGVE,1,1,1.2,89.17
LREPMLQSADAQSFLN,2,1,5.5,85.62
ALNLGETFV,1,0,4.4,130
AAPRAVSFADNN,1,1,4.4,57.5
FVSGNCDVVIGIVNNTVYDPLQ,2,0,1.1,119.09
YRVVVLSFELLHAPA,1,1,2.8,149.33
VLGLYVPIATRN,0,1,100,154.17
NNRDTGHPSISI,1,1,1.4,65
VGTCPAGTNSLT,0,0,100,65
DNPFFAVSKPMGTQTH,1,1,1.1,24.38
DDATRRVWTFMN,2,2,1.1,32.5
KPGNTFITIEAA,1,1,1.3,81.67
EAVNANAQALSK,1,1,1,90
VDSMNLIANIFT,1,0,100,130
ERVYKHLNNYDCVVTT,2,2,1,78.75
VCRFDTRVLNNLNLPG,1,2,100,109.38
NKGAGGHSYGIDLKSY,1,2,1.4,55
AVNSVPWDTIANYAKP,1,1,4.4,79.38
CEEEEFEPSTQYEYG,6,0,1.2,0
YNGAIRSDSTLS,1,1,2.8,73.33
GKMDTAAYREAACSQL,2,2,30,49.38
NIDGYFKIYSKHTPINL,1,2,1.4,91.76
TRDSIGTNFPLQ,1,1,7.2,65
AGALNKATNNAMQVES,1,1,4.4,67.5
PNDNAYVSHAIW,1,0,20,73.33
VYDGFDNLVGYY,2,0,100,80.83
TTDNTFVAGNCD,2,0,7.2,32.5
RGPGDLQGNFGDLQLN,2,1,1,73.12
QTAQAAGTDITI,1,0,0.8,90
EQCTGLDSVMHF,2,0,1,56.67
CIVNLSFTEQLG,1,0,1.2,121.67
CSNDLLQPNTEV,2,0,1.2,89.17
NQNAQALNTLVKQLSSNFGAIS,0,1,1.4,97.73
IGTCPVGTNYLT,0,0,20,89.17
PQQVTKQNAKEI,1,2,20,65
AATLPKGIMMNVAKYT,0,2,4.4,85.62
QLLFVVEVVDKYFDC,3,1,0.8,129.33
IWVATEGALNTPKDH,2,1,20,84.67
HLRIAGHHLGR,0,2,3.5,115.45
DGVVCYNSDYAAKGYI,2,1,1.1,73.12
PRAVTFGDNNDN,2,1,20,32.5
NKLLHWSDQTICYKDS,2,2,1.4,73.12
GHVETFYPKLQSSQAW,1,1,30,48.75
SCKHTTAQVVSH,0,1,1.9,56.67
QTNRDMQNKMAA,1,2,0.8,16.67
SALVKIQAVVNANAEA,1,1,1.9,134.38
FDTRVHSEFNLP,2,1,1.1,56.67
GKFVQIPAQCVRDPVG,1,2,30,85
CTFQEAAANIFV,1,0,1.2,81.67
VNPASMRNANGA,0,1,100,49.17
VLGRGVFQNCTA,0,1,100,89.17
DGINQMTGFKKP,1,2,1.1,32.5
DPSKPSKR,1,3,1.1,0
DQNKQESSDDVD,5,1,1.1,24.17
IPIQASLPF,0,0,20,141.11
ELKRELNGGAYT,2,2,1,73.33
KLPDDFTGCV,2,1,1.3,68
LQQIDIKFNAPA,1,1,5.5,114.17
TPFEIKLAKKFDTFNG,2,3,7.2,55
LEGNFYGPFVDR,2,1,5.5,56.67
LAATVRLQAGNATEV,1,1,5.5,117.33
SAAKKNNLPFKLTCA,0,3,1.9,72
LSHQSDIEVTGD,3,0,5.5,89.17
EVVENPTIQKDVLEC,4,1,1,110
TASTLRGVGQKS,0,2,7.2,65
DTLQETSVVSDT,3,0,1.1,80.83
PGDLQGNFGDLQLNKL,2,1,20,97.5
VPIIEVSQFQSKLTDV,2,1,100,127.5
ATRDAVGTNLPLQLGF,1,1,4.4,103.75
TSRTLSYYKLGASQRVA,0,3,7.2,74.71
CDGQKFTDESFYKNMY,3,2,1.2,0
VNATYCNGWQNL,0,0,100,65
PKEEVKPFITESKPSV,3,3,20,60.62
GITVQYGTDTNSVCPK,1,1,30,60.62
TGVEHVTFFIYNKIV,1,1,7.2,110
PNFDLTPFNLTY,1,0,20,65
DFQENWNTKHGS,2,1,1.1,0
QHKCGNLHQREL,1,2,0.8,65
GAVQIESDEYLT,3,0,30,97.5
AMLNGKPVLWVN,0,1,4.4,121.67
RNQSPVSSQSAA,0,1,1,40.83
GTDKSSTLWFKP,1,2,30,32.5
GFNFSQILPDPSKPS,1,1,30,52
RATRRVRGGDGKMKDL,2,6,1,48.75
NTFTRLQSL,0,1,1.4,86.67
TYHPNCINCLDDRCIL,2,1,7.2,97.5
SRVESKSQSRNP,1,3,1.9,24.17
AFVAQQLVRSET,1,1,4.4,97.5
VEQAEGFECDFS,4,0,100,32.5
IIWVATEGA,1,0,20,141.11
TLTDMEKDFLSL,3,1,7.2,97.5
SSKLWAQCVQLHNDI,1,1,1.9,104
YTKILKDDGNFV,2,2,2.8,89.17
AYSNNTIAIPTNFSIS,0,0,4.4,85.62
VKLNPSEEFIKH,2,2,100,89.17
DHFDVVETKVEITPEE,6,1,1.1,78.75
CSVKSFEIDKGIYQTS,2,2,1.2,66.88
GSLAATVRLQAGNAT,0,1,30,98
QPNLALYKEGNY,1,1,0.8,73.33
IKPEVKEVAPVY,2,2,20,113.33
FNDLSQLHCSYE,2,0,1.1,65
PADQLADPNYDA,3,0,20,57.5
GPKKSTNLVKNKCVN,0,4,30,64.67
YGGWDFMLKTLYKDVD,3,2,2.8,66.88
CSFYPPDEDEEEGDCE,8,0,1.2,0
KTLQPISDLLTP,1,1,1.3,130
GVTRELMRELNGGAY,2,2,30,78
RRTSPDPKFVDK,2,4,1,24.17
LKLSDNNCYLNAVIMT,1,1,5.5,121.88
KLFCAFITKRIV,0,3,1.3,130
NALFCATCPFAK,0,1,1.4,57.5
ETFYPKLQASQAWQP,1,1,1,39.33
SYINNKDTGPPF,1,1,1.9,32.5
CKDGHVETFYPKLQSS,2,2,1.2,42.5
VKEQVVDLLVKL,2,2,100,194.17
AVVGTPVCVNGL,0,0,4.4,137.5
CNTPTQCYYNNSNNGK,0,1,1.2,0
CKTCGQQQTTLKGVEA,1,2,1.2,48.75
LVDSEQPCLVIP,2,0,5.5,145.83
GTGPEASLPYGANKEG,2,1,30,36.88
PPAAPRAVSFAD,1,1,20,57.5
AQEKNFTTAPAI,1,1,4.4,57.5
YQPPTASVSTSFLQSG,0,0,2.8,48.75
EPPKEHRVQGTQ,2,2,1,24.17
QRLDVLEQDAQIDRLI,4,2,0.8,146.25
NSRNSTPGSSRGNSPA,0,2,1.4,6.25
AYQNLLGYYSDD,2,0,4.4,73.33
GNRRVELWHWDT,2,2,30,56.67
YDVSGVGVIRVS,1,1,2.8,129.17
EPPKEQRVQSSI,2,2,1,56.67
HGGGVAGALNKATNGA,0,1,3.5,67.5
YICGDSTECANLLLQY,2,0,2.8,103.75
VYELNGYTVQPIADVY,2,0,100,109.38
MQMAYRFNGIGVTQNV,0,1,30,66.88
PTMTHMNLKYAI,0,1,20,73.33
ENAYLKYAKVEG,2,2,1,73.33
LSDIEKDFLSFD,4,1,5.5,97.5
GCEQSYFTKKDW,2,2,30,0
NGTKRFDNPVLPFNDG,2,2,1.4,42.5
AGRPCVASEQEE,3,1,4.4,40.83
ISTEIYQAGSTPCNGVE,2,0,20,68.82
THGIAAVNSVPW,0,0,7.2,97.5
KPNKPLSQPRSD,1,3,1.3,32.5
TDIAKKPTETIC,2,2,7.2,73.33
YKYFSGAMDTAA,1,1,2.8,25
HYTPSFKKGAKLLHK,0,4,3.5,58.67
ASQRVAGDSGFAAYS,1,1,4.4,46
QNVLYENQKLIANQ,1,1,0.8,111.43
SSSCVGSGPGKN,0,1,1.9,24.17
LTTLNAFVAQQL,0,0,5.5,138.33
DSEQPWKVIPRNLVPI,2,2,1.1,109.38
FDGKSKCDESSARAAS,3,3,1.1,18.75
GAGAALQIPFAMQ,0,0,30,90.77
IANLVLAKLGKDSKPQ,1,3,20,128.12
VMFEDAQGLKKF,2,2,100,65
FWRNTNPIQL,0,1,1.1,78
PATDCSDGNYNR,2,1,20,8.33
LAVKSDYCGGNSCTCR,1,2,5.5,48.75
NTEIELGVCVNY,2,0,1.4,113.33
DEWSVATFY,2,0,1.1,43.33
EELKKLLEQWNLVIGFLF,3,2,1,146.11
SVSARMIWREWC,1,2,1.9,65
YPQTICHPNLGNHRKE,1,2,2.8,48.75
YDPYLSGYYHNN,1,0,2.8,32.5
AKAYKDYLASGGQPIT,1,2,4.4,67.5
GRDNGALEAFKRSNNG,2,3,30,36.88
VYTNSCLVSSNG,0,0,100,80.83
HDVNSGLTCSTDLQKA,2,1,3.5,73.12
FMSEAKCWVETD,3,1,1.1,32.5
AIKCVPQADVEWKFYD,3,2,4.4,73.12
VVNSQDVYKSLT,1,1,100,105
TKLPYYEFEKVHVQ,2,2,7.2,69.29
SNASISMLQLGV,0,0,1.9,130
VARDLSVQFKRP,1,3,100,89.17
AAESHMDADFAK,3,1,4.4,33.33
ADDSIILRQYNL,2,1,4.4,138.33
TRGTSPGPSGIG,0,1,7.2,32.5
IDRLITGRLQSLQT,1,2,20,139.29
CTDVPTAIRADQ,2,1,1.2,73.33
FDSYLGCVVNAYNSTA,1,0,1.1,73.12
LPSYAAYATAQEAYE,2,0,5.5,59.33
VSSQGPNFAEIS,1,0,100,65
LNNLNRGMVLGSLAA,0,1,5.5,136.67
DDFSKQLQQSMSSADS,3,1,1.1,30.63
KYNIYDYVGTGIIRSS,1,2,1.3,91.25
FGGPTDSTDNNQNGGR,2,1,1.1,0
NSPRRARSVASQSIIA,0,3,1.4,85.62
AQVVIADTLQETPVVP,2,0,4.4,133.75
ELEDFIPMDSTVKNYF,4,1,1,66.88
SWSDGDVITGVP,2,0,1.9,80.83
PQKAYMDFVNSG,1,1,20,32.5
ELHLSWEVGKPRPPL,2,2,1,97.33
YNMCDYPHTICH,1,0,2.8,32.5
LMAAYVDNSSLTIKKP,1,2,5.5,103.75
SSRNESWHFDKS,2,2,1.9,0
VTREKLEKLIST,2,3,100,121.67
LPQRQKKQQTVTLLPA,0,3,5.5,97.5
YKLGASQRVAGDSGF,1,2,2.8,58.67
TVYDPLQPELES,3,0,7.2,89.17
GLHLLIGLYRRQQTSN,0,2,30,121.88
ATCEFCGTENLT,2,0,4.4,40.83
QLEVKFNAPALQEAY,2,1,0.8,91.33
TCDGQKFTDESFYKNM,3,2,7.2,0
VMPLSAPTLVPQEHYV,1,0,100,109.38
QKKQQTVTLLPA,0,2,0.8,97.5
TRELMRELNGGA,2,2,7.2,73.33
PADQLNDPNYDG,3,0,20,40.83
IANRYNEVSATVLQNN,1,1,20,97.5
LLPLKAPKEIIF,1,2,5.5,170.83
SASINTGNCPFS,0,0,1.9,40.83
NTNSSPDDQIGY,2,0,1.4,32.5
KYKATGDLAVCLGIGD,2,2,1.3,103.75
VILSTCDGQKFTDESF,3,1,100,66.88
RVVTTFDAEYCRHGTC,2,2,1,42.5
SHTIGTLYVSWS,0,0,1.9,89.17
IYNRVKSGSPGDSSWH,1,2,20,42.5
TSLKLKDCV,1,2,7.2,118.89
IIPGFGGDFNLT,1,0,20,97.5
YYKLGASQR,0,2,2.8,54.44
ASSAVKLQNNEI,1,1,4.4,105.83
EYREYLESYNTATTAG,3,1,1,36.88
AAMFPPWSAAAG,0,0,4.4,41.67
GVVQQLPETYFTQSRN,1,1,30,60.62
QTADTAHANNINRFNV,1,1,0.8,61.25
SEDAQGMDNLACEDL,5,0,1.9,65.33
TNSRIKASMPTTIAK,0,3,7.2,65.33
SVDCNMYICGDSTECA,3,0,1.9,48.75
AQPCSDKAYKIEELFY,3,2,4.4,61.25
LHTKVSWAGSKI,0,2,5.5,97.5
IDVNKTLQELSYKLPN,2,2,20,115.62
SKVGGNYNYLYRLFRKS,0,4,1.9,62.94
KGKEFQFAEGQG,2,2,1.3,8.33
NGGDAALALLLLDRLN,2,1,1.4,165
SAIGKIQDSLSSTAS,1,1,1.9,91.33
QGQTVTKKSAAEASKK,1,4,0.8,36.88
TGHFYINGYRYF,0,1,7.2,32.5
PDTRYVLMDGSIIQF,2,1,20,97.33
VYKGYQPIDVVRDLPS,2,2,100,103.12
IEGTGGNSQSSSRASS,1,1,20,30.63
QELPFDVIVAWH,2,0,0.8,121.67
TVINNVDNEIVR,2,1,7.2,137.5
TELGIEFLKRGDKVVY,3,3,7.2,109.38
MSYTPGHYAGSR,0,1,30,8.33
ALQDDPKGKYSK,2,3,4.4,40.83
DPSGLSPAYAPT,1,0,1.1,49.17
QSDKCSVEDFNVWALS,3,1,0.8,66.88
PLVGTPVCINGL,0,0,20,145.83
MAMYTGSLIGGM,0,0,30,73.33
TFSSTFNVPMDKLKTL,1,2,7.2,66.88
FHTPAFDKSAFTNLKQ,1,2,1.1,36.88
VNNLDKSAGYPF,1,1,100,65
LILATVPHNLTTITKP,0,1,5.5,146.25
HTGFQGKQILGS,0,1,3.5,65
TDFNAIATCDWTNAG,2,0,7.2,46
TYKMLVAKDNKNLPKF,1,4,7.2,73.12
KPASRELSV,1,2,1.3,86.67
MMVTNNTFTLKGGAPT,0,1,30,48.75
VEKGVLPQLEQPYVFV,2,1,100,121.25
GKQGLEFAAITA,1,1,30,90
DHIGTRNPNNNAAIVL,1,1,1.1,103.75
ATELGIEFLKRGDKVV,3,3,4.4,115.62
KEELDQWFKNQTSVAP,3,2,1.3,48.75
IRFDSTLPGFET,2,1,20,65
FRDAEGKMVPYC,2,2,1.1,32.5
AKLGKDSKPQQVTKQN,1,4,4.4,48.75
DVPTVIRADQLT,2,1,1.1,121.67
GPRDLDHNFGSAGVVA,2,1,30,73.12
DTENNTEFTRVNAKPP,3,2,1.1,24.38
NEFRVYSSANNCTFEY,2,1,1.4,24.38
MLSENFTSYGFS,1,0,30,32.5
PCVSIVPSTVWEDGDY,3,0,20,78.75
GAVSKVVKVPID,1,2,30,137.5
YQKVGMQKY,0,2,2.8,32.22
ATAEPVRDEVSIETDI,5,1,4.4,97.5
AGTNYLNCDNLC,1,0,4.4,73.33
QEVFAQVKQIYKTPPIKDFGGFNFSQILPDPSKPSK,3,5,0.8,62.22
FKNHTSPDVDLGDISGI,3,1,1.1,85.88
VDTVSALVYENKLKAK,2,3,100,115.62
GSCVGSGPGKNNGIGT,0,1,30,42.5
VEGELPVAVVNDKIFT,3,1,100,127.5
FIEQPNSVECDF,3,0,1.1,56.67
ADTEQTQSAIAK,2,1,4.4,57.5
VPVSVIYDDNTN,2,0,100,105
HASRNACGTNVP,0,1,3.5,40.83
LEFRAGRPARFV,1,3,5.5,73.33
KTEVIDTPSSAN,2,1,1.3,65
PGYMQGYDDCMH,2,0,20,0
WLPTGTLLVDSDLND,3,0,2.8,123.33
YKPGNTFITVET,1,1,2.8,56.67
NTFAVFDTPHTD,2,0,1.4,32.5
LKMVQTHLSHYV,0,1,5.5,113.33
QLSSYSLFDMSKFPL,1,1,0.8,78
RFYRLANECAQI,1,2,1,81.67
AGFDMLDNYKAIDVVQ,3,1,4.4,97.5
PTITQMNLKY,0,1,20,78
ITLNVLAWLY,0,0,20,195
ATHGIAAVNSVP,0,0,4.4,105.83
GAEHVNNSYECDIPVG,3,0,30,66.88
PVSEEVVENPTIQKD,4,1,20,84
TLDKLRDYLADYDVAV,4,2,7.2,121.88
VEDLCARMTYVC,2,1,100,89.17
QGYYVEGSGRSA,1,1,0.8,32.5
LNFVGEFVINDV,2,0,5.5,137.5
SYECDIPIGAGICASYQ,2,0,1.9,80.59
SQGFVVVNGKVS,0,1,1.9,96.67
KMLTPKTGTGIA,0,2,1.3,73.33
LKSFDLGDELGT,3,1,5.5,97.5
KICDYVKPFLNH,1,2,1.3,89.17
KGAYNKDHGRGG,1,3,1.3,8.33
QLSSNFGAISSVLND,1,0,0.8,104
AVKLQNNELSPVALR,1,2,4.4,130
TLDESFLGRYMSALNH,2,1,7.2,79.38
TVMFLARGIVFMCVE,1,1,7.2,116.67
VDAKGFPLLAEL,2,1,100,138.33
NATGSDVNCNGYQHNS,1,0,1.4,24.38
QLVTYPSLNYAG,0,0,0.8,97.5
CNRCCDNYDDYD,4,1,1.2,0
PVKKVAFGGDQVHEVA,2,2,20,85
TGVLTESNKKFL,1,2,7.2,89.17
PRGQGVPINTNSGPDD,2,1,20,42.5
IAGIQNFKETLYYQNN,1,1,20,79.38
VSIPQGLTFSYD,1,0,100,89.17
WPQIAELAPSAS,1,0,2.8,90
GIEFLKRGDKVVYHTT,2,3,30,85
DLVYALRHFDEGNCD,4,1,1.1,78
PTVKEIISMPKI,1,2,20,121.67
GKCYNCRPAVVN,0,2,30,56.67
HRSYLTPGDSSSGWTA,1,1,3.5,30.63
VCNGNPRCKNLL,0,2,100,89.17
RANSGNRTPTSG,0,2,1,8.33
GIAVLDMCAALKELLQ,2,1,30,158.75
SELYGTPDPMFL,2,0,1.9,65
PDYGTYKNTCEG,2,1,20,0
VAQQLVRSETAA,1,1,100,105.83
DPYLSGYYHNNK,1,1,1.1,32.5
PLQSFKHKVCTD,1,2,20,56.67
VKEIAPVYEADT,3,1,100,97.5
KTIQPRVEKKKLEGFM,2,5,1.3,66.88
GGNYNYLYRLFRKSNLKPFE,1,4,30,58.5
KDTEKYCALAPN,2,2,1.3,49.17
NCCDDDYFNKKDWYDF,5,2,1.4,0
MQQGPASARDLI,1,1,30,81.67
VDGLKYTKILKD,2,3,100,121.67
NSTYVDLKLLNRFENY,2,2,1.4,91.25
FYIDVGNHRGAF,1,1,1.1,65
GLHPTQAPTHLSVDT,1,0,30,78
EYDFTDYKVQLFEKYF,4,2,1,42.5
SANNCTFEYISQPFLM,1,0,1.9,55
TVDVQIQNNTVD,2,0,7.2,105
KAIACVKDFDFKFYDA,3,3,1.3,61.25
YTGYQEFVIKTS,1,1,2.8,56.67
GVEGFNCYFPLQSYGF,1,0,30,42.5
VCKPHQVNISLN,0,1,100,113.33
YNLIKDCPAVAV,1,1,2.8,130
GVPIAPGVPATEAKGY,1,1,30,79.38
VEQYNQIILNLT,1,0,100,154.17
RRPQGLPNNTASWFTA,0,2,1,36.88
RSAPRITFG,0,2,1,54.44
FDAWFSQRGGSYKNDK,2,3,1.1,6.25
IGAGICASYQTQTNS,0,0,20,65.33
PLGQSLCAVPAT,0,0,20,105.83
KCKSAFYILPSIISN,0,2,1.3,110.67
PEPALLFRNIKC,1,2,20,105.83
LILMTARTVYDDGAR,2,2,5.5,110.67
KALYEQVVMDYLDNLK,3,2,1.3,115.62
LDRLNQLESKMSGKGQ,2,3,5.5,73.12
LQSNHDLYCQVHGNA,1,0,5.5,78
PTDYKNVKAWSG,1,2,20,32.5
CSEVEASGLEEG,4,0,1.2,65
QGKFKKIVKGTHHWML,0,4,0.8,66.88
WFALELLFAYVM,1,0,2.8,138.33
LFMHFSYKPISF,0,1,5.5,65
TNVVIKVCEFQFCTDP,2,1,7.2,78.75
GDIIQRLDVLEQ,3,1,30,154.17
KMDEPFTEHTSE,4,1,1.3,0
NLAATKMSECVLGQSKR,1,3,1.4,74.71
SNCNFNMSCLMS,0,0,1.9,32.5
ITESKPSVEQRKQDDK,4,4,20,42.5
SVASTYFIIRLL,0,1,1.9,162.5
AADLDDFSKQLQQSM,3,1,4.4,65.33
KVEAEVQIDRLI,3,2,1.3,154.17
AGYNTNATLNSF,0,0,4.4,49.17
PQVITTDNTFES,2,0,20,56.67
EYYEFLNKHFNM,2,1,1,32.5
QYSCDFKGWIPG,1,1,0.8,32.5
YLQLATINYTQP,0,0,2.8,105.83
SLRQIFDVAPIELENK,3,2,1.9,121.88
KCVNFNFN,0,1,1.3,36.25
LNKHIDAYKTFPPTEPK,2,3,5.5,51.76
TFYGKESFEQHS,2,1,7.2,0
AYGLCDASNPTN,1,0,4.4,49.17
QFKRPINPTDQSSYI,1,2,0.8,52
CRILASVPANVS,0,1,1.2,130
SKEPVASIITKLNSLN,1,2,1.9,121.88
LGVTMDVLNKNQKLIA,1,2,5.5,140
HEHEIAWYTERSEKS,4,2,3.5,32.67
EKGIYQTSNFRVQPTE,2,2,1,42.5
GTGGNSQSSSRA,0,1,30,8.33
CWYVERKDVPYT,2,2,1.2,48.33
PVYASYKVLDNGVIRD,2,2,20,109.38
PNNAVVKMACPA,0,1,20,73.33
CKCGVKQEQRIG,1,3,1.2,56.67
IETVSLAGSYRD,2,1,20,97.5
PEPITSLNTKYVAPQV,1,1,20,91.25
GFKLDANIPGYP,1,1,30,73.33
PSKLIEYSDFATSACV,2,1,20,79.38
CALMSCNGNKSD,1,1,1.2,40.83
SYLTPGDSSSGWTAG,1,0,1.9,32.67
SSHAVQNTVFNA,0,0,1.9,65
TDNSANTKVLRNKGVD,2,3,7.2,66.88
RIGMEVTPSGTWLTY,1,1,1,71.33
IYLLFTHIPLDG,1,0,20,162.5
QPELDSFKEELDKYFKNH,5,3,0.8,43.33
KSLNVAKSEFDRDAAM,3,3,1.3,61.25
NADLYKLMGHFA,1,1,1.4,81.67
HAAEYREYMEAY,3,1,3.5,25
EQSYFTKKDWYDFVEN,4,2,1,18.12
AYVANPTEDLCDGSVV,3,0,4.4,91.25
GPQNQRNAPRITF,0,2,30,37.69
QHRLYECLYRNRDVD,3,3,0.8,71.33
RPILMVDKNLIT,1,2,1,154.17
SRVLGLKTL,0,2,1.9,162.22
VRETMSYLFQHANLD,2,1,100,78
NKATNGAMQKESDDYI,3,2,1.4,36.88
TNMHSPDIVVGD,2,0,7.2,80.83
AAINNASNGAVQ,0,0,4.4,90
SEILDISPCAFGGVSV,2,0,1.9,115.62
PLLNPSALEFNPSQTS,1,0,20,79.38
LNRALTGIAVEQDKNT,2,2,5.5,103.75
LMSEDVKLNPSE,3,1,5.5,89.17
GLFRILLRNAYV,0,2,30,162.5
ISLAGSYKDW,1,1,20,88
NVTKENDSKEGFFTY,3,2,1.4,19.33
APEFPWMFEDAE,4,0,4.4,16.67
GTFCDNINSILDEVNG,3,0,30,91.25
SVAYESLRPDTRYVL,2,2,1.9,97.33
LEYWVTPLTPRQ,1,1,5.5,89.17
IPQQSQNGFSFF,0,0,20,32.5
AFGAILSNLGVP,0,0,4.4,138.33
NTFSSTFNVPMDKLKT,1,2,1.4,42.5
NAYFTEQPIDLVPTQP,2,0,1.4,73.12
SYKLPNYTVPDLVVEQ,2,1,1.9,103.12
TALTQHGKEDLKFPR,2,3,7.2,58.67
HSDVDNIDFKSL,3,1,3.5,89.17
VPTDNYITTYPGQGLN,1,0,100,66.88
WSYSGQSTQLGIEFL,1,0,2.8,78
TFTYASALW,0,0,7.2,65.56
TYVPSQEKNFTT,1,1,7.2,24.17
VFYKENSYTTTIKPVT,1,2,100,60.62
VNKTLYSEFSTIVIGS,1,1,100,109.38
SFYMPLLVSSDKAPYR,1,2,1.9,73.12
ILIQSTQWSLFF,0,0,20,130
RDNFLSSFFGLH,1,1,1,65
QGNFGDQDLIRQGTDY,3,1,0.8,48.75
EEGNLLDSYF,3,0,1,78
KLPSAPQTIQPEVKEV,2,2,1.3,91.25
YQKWMELLDSNI,2,1,2.8,97.5
TVSALVYDNKLRAHKD,2,3,7.2,97.5
VGGNYNYLYRLFRKSN,0,3,100,66.88
TESKPSVEQRKQDDKK,4,5,7.2,18.12
PAQYELKHGTFT,1,1,20,40.83
NATGCDVTDVTQLYLG,2,0,1.4,91.25
VPRNKWNGKSSL,0,3,100,56.67
GTLLVDSDLNDFVSD,4,0,30,116.67
LNVVCKTCGQQQTTL,0,1,5.5,90.67
LITGRLQSLQTYVTQ,0,1,5.5,123.33
EFSHLATFAELEAAQK,3,1,1,73.75
AVADAMSAKEQR,2,2,4.4,57.5
LGVGDSAVTYSR,1,1,5.5,89.17
DVSNSGPLQTAV,1,0,1.1,89.17
QELGKYEQY,2,1,0.8,43.33
VDKNLITTANTGTSVT,1,1,100,91.25
DGMMNMSPKPQR,1,2,1.1,0
FTSDYYQLY,1,0,1.1,43.33
NKGVDCTKKFLT,1,3,1.4,56.67
KARVECYDRFKVNETN,3,4,1.3,42.5
VEYEVAKKNLDEARFS,4,3,100,73.12
LPQGYYIEGSGK,1,1,5.5,65
PKQSIFTINSVVQKDG,1,2,20,85
SFIEDLLFNKVT,2,1,1.9,121.67
QVVELLSEPQTI,2,0,0.8,145.83
HRHRLSLKELMMYAAD,2,3,3.5,85.62
FQGGGGSGYIPE,1,0,1.1,32.5
PLTAPTLVPQEH,1,0,20,97.5
CPRHVICSASDM,1,1,1.2,65
WLTYHGAIKLDDKDPQF,3,2,2.8,74.71
VEVVMGQLEETN,3,0,100,105
NNAAIVLQLPQGTTLP,0,0,1.4,128.12
EIKPSGLKTMIV,1,2,1,121.67
PLSFPPGQGVPL,0,0,20,89.17
CNGCVGHSENVF,1,0,1.2,48.33
KNADIVEEAKKV,3,3,1.3,97.5
PLDEAEDVTEFV,5,0,20,89.17
GIKLQSKRTRFF,0,4,30,65
QWNCIDCDSYKP,2,1,0.8,32.5
VMRPNHTIKGSF,0,2,100,56.67
CCMTNCCSCFKG,0,1,1.2,0
IVWHVNNTINKATFKP,0,2,20,91.25
EFSTHDPIYKNG,2,1,1,32.5
PKQGDLGKQYVY,1,2,20,56.67
RKLDNQALNSILDNAV,2,2,1,128.12
LRATEEASKQSYAIAT,2,2,5.5,73.75
SCNNFDESKIYGSCFK,2,2,1.9,24.38
EAARYMRSLKVPATV,1,3,1,84.67
HVDILGPLSAQTGIAV,1,0,3.5,146.25
ETIMKVLEENLN,3,1,1,121.67
TDEMIAQYTSALLA,2,0,7.2,105
AYMLFTKFF,0,1,4.4,54.44
DSNGTITVEELKKLL,3,2,1.1,123.33
IGDFNCTNFAINDLNT,2,0,20,79.38
PKVPEEAPAPEL,3,1,20,73.33
FATLPVYDGIKY,1,1,1.1,97.5
QSKDSNFLNESG,2,1,0.8,32.5
DYTLANTTTAPL,1,0,1.1,81.67
LLPAAELDDFSK,3,1,5.5,114.17
NSGPDQTCNTPT,1,0,1.4,0
PCSDKAYKIAEL,2,2,20,81.67
PTAIASNCYSSL,0,0,20,81.67
QGTTLPKGFYAEGSRGGS,1,2,0.8,27.22
GDGISTPKLKEDYQIG,3,2,30,73.12
SQNMLRGDDMSF,2,1,1.9,32.5
TDYNYYKYNLPTMVDI,2,1,7.2,66.88
QEIISRLDALEA,3,1,0.8,146.67
NTSIPNLPGFKE,1,1,1.4,65
FRKSNLKPFERDISTEIYQA,3,4,1.1,63.5
SSTASALGKLQDVVNQNAQALNTLVKQLSS,1,2,1.9,107.33
QLDTTQLQVANS,1,0,0.8,97.5
VPEEFASHVANFQKSG,2,1,100,48.75
GNSTGIDFQDEL,3,0,30,65
YNMLVNCFKWQV,0,1,2.8,80.83
LVEYGQFCAKIN,1,1,5.5,97.5
AVQGFACDCGAC,1,0,4.4,49.17
CGPKLSTDLIKNQCVNFNFNGLTGTGVLTPSSKRFQPFQQFG,1,4,1.2,60.24
ADPKSFTLIFGG,1,1,4.4,73.33
CPDKNNGIGICP,1,1,1.2,65
YLGTGPHAKDQY,1,1,2.8,40.83
SPRWYFYYLGTGPEA,1,1,1.9,32.67
EFLKDAWEI,3,1,1,97.78
VATEGALNTPKDHIG,2,1,100,84.67
TLLCVLAAL,0,0,7.2,227.78
TLAATSASLFPPWTAA,0,0,7.2,80
SSGTSTPKKPNK,0,3,1.9,0
ATRRVRGGDGKMKDLS,2,5,4.4,48.75
GHYAGSRSSSGNRSGI,0,2,30,30.63
IPVAYRKVLLRKNGNK,0,5,20,115.62
GVYDYLVST,1,0,30,107.78
IAAHPPPGEQFK,1,1,20,49.17
PLTQDHVDILGPLSA,2,0,20,130
NNAVYTKVDGIDVEIF,3,1,1.4,109.38
HISRQRLTKY,0,3,3.5,78
SSKPVIKKYTYS,0,3,1.9,56.67
LTPAWRIYSTGNNVFQ,0,1,5.5,73.12
GQAFCDYADKLC,2,1,30,49.17
TNMSRGRGRNPK,0,4,7.2,0
RLQASADWKPGH,1,2,1,49.17
VANPAMDPIYDEPTTT,3,0,100,55
APKVVTKKDAAA,1,3,4.4,81.67
KGVTTHESSSAVNMQQ,1,1,1.3,42.5
LYYPSARIVY,0,1,5.5,117
GFITLKNNLYRL,0,2,30,130
EKLHCEHLQFGL,2,1,1,97.5
DNASPASTVHATATIP,1,0,1.1,67.5
TADEIKALKELY,3,2,7.2,114.17
VNIQKEIDRLNEVAKNL,3,3,100,131.76
AHASKNACGTNV,0,1,4.4,49.17
EKPTKEEPKKVKPCIE,4,5,1,42.5
SLAGSYKDWSYSGQST,1,1,1.9,30.63
IPSEFTIGNMEE,3,0,20,65
AEGSRGGSQA,1,1,4.4,20
GYYVKPGGTSSG,0,1,30,24.17
DDNVLPETYVALPIYY,3,0,1.1,115.62
KDDGNFVVLELDPPCK,4,2,1.3,85
SIRATATIPIQASLPF,0,1,1.9,116.25
VTFGDDTVIEVQGYKN,3,1,100,78.75
NSTQDGDNKLQG,2,1,1.4,32.5
VPLCGSGNLVEK,1,1,100,113.33
LANVISFGDYNL,1,0,5.5,130
VDVELFENKTILPVNV,3,1,100,145.62
STQISADTGINN,1,0,1.9,73.33
QRKYKGIKIQEGIVDY,2,4,0.8,91.25
RYSLDGNFRTEVDPDL,4,2,1,66.88
FFIFNKLVKDPPNVQI,1,2,1.1,109.38
TILPTFNTRTVS,0,1,7.2,89.17
