protein_id,conserved_sequence,predicted_epitope,start_position,end_position
P59594,YFVGYLKPTTFMLKYDENGTITDAVDC,YDENGTI,15,21
P59594,NPLAELKCSVKSFEIDKGIYQTSNFRVVPSGDV,GIYQTSN,18,24
P59594,IAIPTNFSISITTEVMPVSMAKTSVDCNMYICGDSTECANLLLQYGSFCTQLNRALSGIAAEQD,SVDCNMYICGDSTEC,24,38
P59594,IPFAMQMAYRFNGIGVTQNVLYENQKQIANQFNKAISQIQESLTTTS,RFNGIGV,10,16
P59594,ALGKLQDVVNQNAQALNTLVKQLSSNFGAISSVLNDILSRLDKVEAEVQIDRLITGRLQSLQTYVTQQLIRAAEIRASANLAATKMSECVLGQSKRVDFCGKGYHLMSFPQAAPHGVVFLHVTYVPSQERNFTTAPAICHEG,KLQDVVNQNAQA,4,15
P59594,ALGKLQDVVNQNAQALNTLVKQLSSNFGAISSVLNDILSRLDKVEAEVQIDRLITGRLQSLQTYVTQQLIRAAEIRASANLAATKMSECVLGQSKRVDFCGKGYHLMSFPQAAPHGVVFLHVTYVPSQERNFTTAPAICHEG,LSSNFGAISSVLNDILS,23,39
P59594,ALGKLQDVVNQNAQALNTLVKQLSSNFGAISSVLNDILSRLDKVEAEVQIDRLITGRLQSLQTYVTQQLIRAAEIRASANLAATKMSECVLGQSKRVDFCGKGYHLMSFPQAAPHGVVFLHVTYVPSQERNFTTAPAICHEG,CVLGQSKRVDFCGKGYHLMS,89,108
P59594,ALGKLQDVVNQNAQALNTLVKQLSSNFGAISSVLNDILSRLDKVEAEVQIDRLITGRLQSLQTYVTQQLIRAAEIRASANLAATKMSECVLGQSKRVDFCGKGYHLMSFPQAAPHGVVFLHVTYVPSQERNFTTAPAICHEG,YVPSQERN,124,131
P59594,LNEVAKNLNESLIDLQELGKYEQYIKWPWYVWLGFIAGLIAIVMVTILLCCMTSC,VAKNLNESLID,4,14
P59594,LNEVAKNLNESLIDLQELGKYEQYIKWPWYVWLGFIAGLIAIVMVTILLCCMTSC,QELGKYEQYIKWPWYVW,16,32
P0DTC2,YYVGYLQPRTFLLKYNENGTITDAVDC,YNENGTI,15,21
P0DTC2,DPLSETKCTLKSFTVEKGIYQTSNFRVQPTESI,YQTSNFRV,20,27
P0DTC2,TLEILDITPCSFGGVSV,TPCSFGG,8,14
P0DTC2,IAIPTNFTISVTTEILPVSMTKTSVDCTMYICGDSTECSNLLLQYGSFCTQLNRALTGIAVEQD,MTKTSVDC,20,27
P0DTC2,IAIPTNFTISVTTEILPVSMTKTSVDCTMYICGDSTECSNLLLQYGSFCTQLNRALTGIAVEQD,MYICGDSTECS,29,39
P0DTC2,IAIPTNFTISVTTEILPVSMTKTSVDCTMYICGDSTECSNLLLQYGSFCTQLNRALTGIAVEQD,LLLQYGSFCT,41,50
P0DTC2,GDIAARDLICAQKFNGLTVLPPLLTDEMIAQYTSALLAGTITSGWTFGAG,TITSGWTF,40,47
P0DTC2,IPFAMQMAYRFNGIGVTQNVLYENQKLIANQFNSAIGKIQDSLSSTA,RFNGIGV,10,16
P0DTC2,ALGKLQDVVNQNAQALNTLVKQLSSNFGAISSVLNDILSRLDKVEAEVQIDRLITGRLQSLQTYVTQQLIRAAEIRASANLAATKMSECVLGQSKRVDFCGKGYHLMSFPQSAPHGVVFLHVTYVPAQEKNFTTAPAICHDG,VNQNAQA,9,15
P0DTC2,ALGKLQDVVNQNAQALNTLVKQLSSNFGAISSVLNDILSRLDKVEAEVQIDRLITGRLQSLQTYVTQQLIRAAEIRASANLAATKMSECVLGQSKRVDFCGKGYHLMSFPQSAPHGVVFLHVTYVPAQEKNFTTAPAICHDG,LSSNFGAISSVLNDILS,23,39
P0DTC2,ALGKLQDVVNQNAQALNTLVKQLSSNFGAISSVLNDILSRLDKVEAEVQIDRLITGRLQSLQTYVTQQLIRAAEIRASANLAATKMSECVLGQSKRVDFCGKGYHLMSFPQSAPHGVVFLHVTYVPAQEKNFTTAPAICHDG,CVLGQSKRVDFCGKGYHLMSFPQSAPH,89,115
P0DTC2,LNEVAKNLNESLIDLQELGKYEQYIKWPWYIWLGFIAGLIAIVMVTIMLCCMTSC,VAKNLNESLID,4,14
P0DTC2,LNEVAKNLNESLIDLQELGKYEQYIKWPWYIWLGFIAGLIAIVMVTIMLCCMTSC,QELGKYEQYIKWPWYIW,16,32
P36334,CVNYDLYGILGQGIFVEVNA,YDLYGILG,4,11
P36334,IQIPSEFTIGNMVEFIQTSSPKVTIDCAAFVCGDYAACKSQLVEYGSFCDNINAILTEVNELLD,TSSPKVT,18,24
P36334,IQIPSEFTIGNMVEFIQTSSPKVTIDCAAFVCGDYAACKSQLVEYGSFCDNINAILTEVNELLD,CGDYAAC,32,38
P36334,IQIPSEFTIGNMVEFIQTSSPKVTIDCAAFVCGDYAACKSQLVEYGSFCDNINAILTEVNELLD,GSFCDNIN,46,53
P36334,SSRSAIEDLLFDKVKLSDVGFVEA,VKLSDVG,14,20
P36334,VPFYLNVQYRINGLGVTMDVLSQNQKLIANAFNNALYAIQEGFDATN,YRINGLGV,9,16
P36334,ALVKIQAVVNANAEALNNLLQQLSNRFGAISASLQEILSRLDALEAEAQIDRLINGRLTALNAYVSQQLSDSTLVKFSAAQAMEKVNECVKSQSSRINFCGNGNHIISLVQNAPYGLYFIHFSYVPTKYVTARVSPGLCIAG,LLQQLSNRFG,19,28
P36334,ALVKIQAVVNANAEALNNLLQQLSNRFGAISASLQEILSRLDALEAEAQIDRLINGRLTALNAYVSQQLSDSTLVKFSAAQAMEKVNECVKSQSSRINFCGNGNHIISLVQNAPYGLYFIHFSYVPTKYVTARVSPGLCIAG,LINGRLT,53,59
P36334,ALVKIQAVVNANAEALNNLLQQLSNRFGAISASLQEILSRLDALEAEAQIDRLINGRLTALNAYVSQQLSDSTLVKFSAAQAMEKVNECVKSQSSRINFCGNGNHIISLVQNAPYGLYFIHFSYVPTKYVTARVSPGLCIAG,QQLSDST,67,73
P36334,ALVKIQAVVNANAEALNNLLQQLSNRFGAISASLQEILSRLDALEAEAQIDRLINGRLTALNAYVSQQLSDSTLVKFSAAQAMEKVNECVKSQSSRINFCGNGNHIISLVQNAPYGLYFIHFSYVPTKYVTARVSPGLCIAG,CVKSQSSRINFCGNGNHI,89,106
P36334,ALVKIQAVVNANAEALNNLLQQLSNRFGAISASLQEILSRLDALEAEAQIDRLINGRLTALNAYVSQQLSDSTLVKFSAAQAMEKVNECVKSQSSRINFCGNGNHIISLVQNAPYGLYFIHFSYVPTKYVTARVSPGLCIAG,QNAPYGL,111,117
P36334,WMYTGSGYYYPEPITENNVV,TGSGYYY,4,10
P36334,LQEAIKVLNQSYINLKDIGTYEYYVKWPWYVWLLICLAGVAMLVLLFFICCCTGC,LNQSYINLKDIGTYEYYVKWPWYV,8,31
Q0ZME7,SFLSEIQCKTQSFAPNTGVYDLSGFTVKPVATV,SFAPNTGVYDLS,12,23
Q0ZME7,CVNYDLYGITGQGIFKEVSA,YDLYGITG,4,11
Q0ZME7,IQIPTNFTIAGHEEFIQTSSPKVTIDCSAFVCSNYAACHDLLSEYGTFCDNINSILNEVNDLLD,TSSPKVT,18,24
Q0ZME7,IQIPTNFTIAGHEEFIQTSSPKVTIDCSAFVCSNYAACHDLLSEYGTFCDNINSILNEVNDLLD,VCSNYAA,31,37
Q0ZME7,IQIPTNFTIAGHEEFIQTSSPKVTIDCSAFVCSNYAACHDLLSEYGTFCDNINSILNEVNDLLD,GTFCDNINS,46,54
Q0ZME7,SSRSLLEDLLFNKVKLSDVGFVEA,VKLSDVG,14,20
Q0ZME7,GGSEIRDLLCVQSFNGIKVLPPILSETQISGYTTAATVAAMFPPWSAAAG,QISGYTT,28,34
Q0ZME7,VPFSLNVQYRINGLGVTMDVLNKNQKLIANAFNKALLSIQNGFTATN,YRINGLGV,9,16
Q0ZME7,ALAKIQSVVNANAQALNSLLQQLFNKFGAISSSLQEILSRLDNLEAQVQIDRLINGRLTALNAYVSQQLSDITLIKAGASRAIEKVNECVKSQSPRINFCGNGNHILSLVQNAPYGLLFIHFSYKPTSFKTVLVSPGLCLSG,GAISSSL,28,34
Q0ZME7,ALAKIQSVVNANAQALNSLLQQLFNKFGAISSSLQEILSRLDNLEAQVQIDRLINGRLTALNAYVSQQLSDITLIKAGASRAIEKVNECVKSQSPRINFCGNGNHILSLVQNAPYGLLFIHFSYKPTSFKTVLVSPGLCLSG,CVKSQSPRINFCGNGNHI,89,106
Q0ZME7,ALAKIQSVVNANAQALNSLLQQLFNKFGAISSSLQEILSRLDNLEAQVQIDRLINGRLTALNAYVSQQLSDITLIKAGASRAIEKVNECVKSQSPRINFCGNGNHILSLVQNAPYGLLFIHFSYKPTSFKTVLVSPGLCLSG,SYKPTSF,123,129
Q0ZME7,IQESIKSLNSSFINLKEIGTYEMYVKWPWYIWLLIVILFIIFLMILFFICCCTGC,SIKSLNSSFIN,4,14
Q0ZME7,IQESIKSLNSSFINLKEIGTYEMYVKWPWYIWLLIVILFIIFLMILFFICCCTGC,KEIGTYEMYVKWPWYI,16,31
Q14EB0,SFLSEIQCKTQSFAPNTGVYDLSGFTVKPVATV,SFAPNTGVYDLS,12,23
Q14EB0,CVNYDLYGITGQGIFKEVSA,YDLYGITG,4,11
Q14EB0,IQIPTNFTIAGHEEFIQTSSPKVTIDCSAFVCSNYAACHDLLSEYGTFCDNINSILNEVNDLLD,TSSPKVT,18,24
Q14EB0,IQIPTNFTIAGHEEFIQTSSPKVTIDCSAFVCSNYAACHDLLSEYGTFCDNINSILNEVNDLLD,VCSNYAA,31,37
Q14EB0,IQIPTNFTIAGHEEFIQTSSPKVTIDCSAFVCSNYAACHDLLSEYGTFCDNINSILNEVNDLLD,GTFCDNINS,46,54
Q14EB0,SSRSLLEDLLFNKVKLSDVGFVEA,VKLSDVG,14,20
Q14EB0,GGSEIRDLLCVQSFNGIKVLPPILSETQISGYTTAATVAAMFPPWSAAAG,QISGYTT,28,34
Q14EB0,VPFSLNVQYRINGLGVTMDVLNKNQKLIANAFNKALLSIQNGFTATN,YRINGLGV,9,16
Q14EB0,ALAKIQSVVNANAQALNSLLQQLFNKFGAISSSLQEILSRLDNLEAQVQIDRLINGRLTALNAYVSQQLSDITLIKAGASRAIEKVNECVKSQSPRINFCGNGNHILSLVQNAPYGLLFIHFSYKPTSFKTVLVSPGLCLSG,GAISSSL,28,34
Q14EB0,ALAKIQSVVNANAQALNSLLQQLFNKFGAISSSLQEILSRLDNLEAQVQIDRLINGRLTALNAYVSQQLSDITLIKAGASRAIEKVNECVKSQSPRINFCGNGNHILSLVQNAPYGLLFIHFSYKPTSFKTVLVSPGLCLSG,CVKSQSPRINFCGNGNHI,89,106
Q14EB0,ALAKIQSVVNANAQALNSLLQQLFNKFGAISSSLQEILSRLDNLEAQVQIDRLINGRLTALNAYVSQQLSDITLIKAGASRAIEKVNECVKSQSPRINFCGNGNHILSLVQNAPYGLLFIHFSYKPTSFKTVLVSPGLCLSG,SYKPTSF,123,129
Q14EB0,IQESIKSLNSSFINLKEIGTYEMYVKWPWYIWLLIVILFIIFLMILFFICCCTGC,SIKSLNSSFIN,4,14
Q14EB0,IQESIKSLNSSFINLKEIGTYEMYVKWPWYIWLLIVILFIIFLMILFFICCCTGC,KEIGTYEMYVKWPWYI,16,31
Q5MQD0,SFFSEIQCKTKSLLPNTGVYDLSGFTVKPVATV,SLLPNTGVYDLSG,12,24
Q5MQD0,CVDYDLYGITGQGIFKEVSA,YDLYGITG,4,11
Q5MQD0,IKIPTNFTIVGQEEFIQTNSPKVTIDCSLFVCSNYAACHDLLSEYGTFCDNINSILDEVNGLLD,TNSPKVTI,18,25
Q5MQD0,IKIPTNFTIVGQEEFIQTNSPKVTIDCSLFVCSNYAACHDLLSEYGTFCDNINSILDEVNGLLD,YGTFCDNINS,45,54
Q5MQD0,SSRSFFEDLLFDKVKLSDVGFVEA,VKLSDVG,14,20
Q5MQD0,GGSEIRDLLCVQSFNGIKVLPPILSESQISGYTTAATVAAMFPPWSAAAG,SQISGYTT,27,34
Q5MQD0,IPFSLNVQYRINGLGVTMDVLNKNQKLIATAFNNALLSIQNGFSATN,YRINGLGV,9,16
Q5MQD0,ALAKIQSVVNSNAQALNSLLQQLFNKFGAISSSLQEILSRLDALEAQVQIDRLINGRLTALNAYVSQQLSDISLVKFGAALAMEKVNECVKSQSPRINFCGNGNHILSLVQNAPYGLLFMHFSYKPISFKTVLVSPGLCISG,VVNSNAQA,8,15
Q5MQD0,ALAKIQSVVNSNAQALNSLLQQLFNKFGAISSSLQEILSRLDALEAQVQIDRLINGRLTALNAYVSQQLSDISLVKFGAALAMEKVNECVKSQSPRINFCGNGNHILSLVQNAPYGLLFMHFSYKPISFKTVLVSPGLCISG,GAISSSL,28,34
Q5MQD0,ALAKIQSVVNSNAQALNSLLQQLFNKFGAISSSLQEILSRLDALEAQVQIDRLINGRLTALNAYVSQQLSDISLVKFGAALAMEKVNECVKSQSPRINFCGNGNHILSLVQNAPYGLLFMHFSYKPISFKTVLVSPGLCISG,CVKSQSPRINFCGNGNHI,89,106
Q5MQD0,IQESIKSLNNSYINLKDIGTYEMYVKWPWYVWLLISFSFIIFLVLLFFICCCTGC,SIKSLNNSYINLKDIGTYE,4,22
K9N5Q8,FYVYKLQPLTFLLDFSVDGYIRRAIDC,FSVDGYI,15,21
K9N5Q8,LSIPTNFSFGVTQEYIQTTIQKVTVDCKQYVCNGFQKCEQLLREYGQFCSKINQALHGANLRQD,QYVCNGFQK,29,37
K9N5Q8,LSIPTNFSFGVTQEYIQTTIQKVTVDCKQYVCNGFQKCEQLLREYGQFCSKINQALHGANLRQD,GQFCSKI,46,52
K9N5Q8,IPFAQSIFYRLNGVGITQQVLSENQKLIANKFNQALGAMQTGFTTTN,YRLNGVGI,9,16
K9N5Q8,AFHKVQDAVNNNAQALSKLASELSNTFGAISASIGDIIQRLDVLEQDAQIDRLINGRLTTLNAFVAQQLVRSESAALSAQLAKDKVNECVKAQSKRSGFCGQGTHIVSFVVNAPNGLYFMHVGYYPSNHIEVVSAYGLCDAA,AVNNNAQA,8,15
K9N5Q8,AFHKVQDAVNNNAQALSKLASELSNTFGAISASIGDIIQRLDVLEQDAQIDRLINGRLTTLNAFVAQQLVRSESAALSAQLAKDKVNECVKAQSKRSGFCGQGTHIVSFVVNAPNGLYFMHVGYYPSNHIEVVSAYGLCDAA,ELSNTFG,22,28
K9N5Q8,AFHKVQDAVNNNAQALSKLASELSNTFGAISASIGDIIQRLDVLEQDAQIDRLINGRLTTLNAFVAQQLVRSESAALSAQLAKDKVNECVKAQSKRSGFCGQGTHIVSFVVNAPNGLYFMHVGYYPSNHIEVVSAYGLCDAA,SKRSGFCGQGTH,94,105
K9N5Q8,AFHKVQDAVNNNAQALSKLASELSNTFGAISASIGDIIQRLDVLEQDAQIDRLINGRLTTLNAFVAQQLVRSESAALSAQLAKDKVNECVKAQSKRSGFCGQGTHIVSFVVNAPNGLYFMHVGYYPSNHIEVVSAYGLCDAA,VNAPNGLY,111,118
K9N5Q8,AFHKVQDAVNNNAQALSKLASELSNTFGAISASIGDIIQRLDVLEQDAQIDRLINGRLTTLNAFVAQQLVRSESAALSAQLAKDKVNECVKAQSKRSGFCGQGTHIVSFVVNAPNGLYFMHVGYYPSNHIEVVSAYGLCDAA,GYYPSNH,123,129
K9N5Q8,LQQVVKALNESYIDLKELGNYTYYNKWPWYIWLGFIAGLVALALCVFFILCCTGC,LNESYID,8,14
K9N5Q8,LQQVVKALNESYIDLKELGNYTYYNKWPWYIWLGFIAGLVALALCVFFILCCTGC,KELGNYTYYNKWPWYI,16,31
P15423,SVINRLRCDQLSFDVPDGFYSTSPIQSVELPVS,DVPDGFYSTSP,14,24
P15423,LSIPSNWTTSVQVEYLQITSTPIVVDCSTYVCNGNVRCVELLKQYTSACKTIEDALRNSARLES,CSTYVCNGNVR,27,37
P15423,AGRSAIEDILFSKLVTSGLGTVDA,VTSGLGT,15,21
P15423,KGLSIADLACAQYYNGIMVLPGVADAERMAMYTGSLIGGIALGGLTSAVS,YTGSLIG,32,38
P15423,IPFSLAIQARLNYVALQTDVLQENQKILAASFNKAMTNIVDAFTGVN,NIVDAFT,38,44
P15423,ALNKIQDVVNQQGNSLNHLTSQLRQNFQAISSSIQAIYDRLDTIQADQQVDRLITGRLAALNVFVSHTLTKYTEVRASRQLAQQKVNECVKSQSKRYGFCGNGTHIFSIVNAAPEGLVFLHTVLLPTQYKDVEAWSGLCVDG,VNQQGNSLNHLT,9,20
P15423,ALNKIQDVVNQQGNSLNHLTSQLRQNFQAISSSIQAIYDRLDTIQADQQVDRLITGRLAALNVFVSHTLTKYTEVRASRQLAQQKVNECVKSQSKRYGFCGNGTHIFSIVNAAPEGLVFLHTVLLPTQYKDVEAWSGLCVDG,CVKSQSKRYGFCGNGTH,89,105
P15423,YRITSRIMFEPRIPTMADFV,PRIPTMA,11,17
P15423,LQTLIDNINSTLVDLKWLNRVETYIKWPWWVWLCISVVLIFVVSMLLLCCCSTGC,LIDNINSTLV,4,13
P15423,LQTLIDNINSTLVDLKWLNRVETYIKWPWWVWLCISVVLIFVVSMLLLCCCSTGC,IKWPWWV,25,31
Q6Q1S2,FWTVAFATFVDVLVNVSATNIQNLLYC,VSATNIQNL,16,24
Q6Q1S2,SPFEKLQCEHLQFGLQDGFYSANFLDDNVLPET,LQDGFYS,15,21
Q6Q1S2,LSIPSNWTTSVQVEYLQITSTPIVVDCATYVCNGNPRCKNLLKQYTSACKTIEDALRLSAHLET,TYVCNGNPRCK,29,39
Q6Q1S2,ALNKIQDVVNQQGSALNHLTSQLRHNFQAISNSIQAIYDRLDSIQADQQVDRLITGRLAALNAFVSQVLNKYTEVRGSRRLAQQKINECVKSQSNRYGFCGNGTHIFSIVNSAPDGLLFLHTVLLPTDYKNVKAWSGICVDG,VNQQGSAL,9,16
Q6Q1S2,ALNKIQDVVNQQGSALNHLTSQLRHNFQAISNSIQAIYDRLDSIQADQQVDRLITGRLAALNAFVSQVLNKYTEVRGSRRLAQQKINECVKSQSNRYGFCGNGTHIFSIVNSAPDGLLFLHTVLLPTDYKNVKAWSGICVDG,VKSQSNRYGFCGNGTH,90,105
Q6Q1S2,FRVTSRVMFQPRLPVLSDFV,PRLPVLS,11,17
Q6Q1S2,LQGLIDQINSTYVDLKLLNRFENYIKWPWWVWLIISVVFVVLLSLLVFCCLSTGC,LIDQINSTYVD,4,14
Q6Q1S2,LQGLIDQINSTYVDLKLLNRFENYIKWPWWVWLIISVVFVVLLSLLVFCCLSTGC,RFENYIKWPWW,20,30
