protein_id,conserved_sequence,allele,#,start,end,peptide_length,peptide,proteasome_score,tap_score,mhci_score,processing_score,total_score,mhci_ic50
P59594,YFVGYLKPTTFMLKYDENGTITDAVDC,HLA-A*02:01,1,5,13,9,YLKPTTFML,1.4931,0.4025,-0.9685,1.8956,0.9271,9.3
P59594,GDINARDLICAQKFNGLTVLPPLLTDDMIAAYTAALVSGTATAGWTFGAG,HLA-A*02:01,1,28,36,9,MIAAYTAAL,1.3633,0.4396,-1.0294,1.8029,0.7735,10.7
P59594,GDINARDLICAQKFNGLTVLPPLLTDDMIAAYTAALVSGTATAGWTFGAG,HLA-A*01:01,1,25,32,8,TDDMIAAY,1.3794,1.0714,-2.1804,2.4508,0.2704,151.5
P59594,ALGKLQDVVNQNAQALNTLVKQLSSNFGAISSVLNDILSRLDKVEAEVQIDRLITGRLQSLQTYVTQQLIRAAEIRASANLAATKMSECVLGQSKRVDFCGKGYHLMSFPQAAPHGVVFLHVTYVPSQERNFTTAPAICHEG,HLA-A*02:01,1,33,41,9,VLNDILSRL,1.2901,0.4347,-1.2945,1.7249,0.4304,19.7
P59594,LNEVAKNLNESLIDLQELGKYEQYIKWPWYVWLGFIAGLIAIVMVTILLCCMTSC,HLA-A*02:01,1,35,43,9,FIAGLIAIV,1.0929,0.1442,-0.9345,1.2371,0.3026,8.6
P0DTC2,YYVGYLQPRTFLLKYNENGTITDAVDC,HLA-A*02:01,1,5,13,9,YLQPRTFLL,1.4479,0.3894,-0.6628,1.8373,1.1745,4.6
P0DTC2,ALGKLQDVVNQNAQALNTLVKQLSSNFGAISSVLNDILSRLDKVEAEVQIDRLITGRLQSLQTYVTQQLIRAAEIRASANLAATKMSECVLGQSKRVDFCGKGYHLMSFPQSAPHGVVFLHVTYVPAQEKNFTTAPAICHDG,HLA-A*02:01,1,33,41,9,VLNDILSRL,1.2901,0.4347,-1.2945,1.7249,0.4304,19.7
P0DTC2,LNEVAKNLNESLIDLQELGKYEQYIKWPWYIWLGFIAGLIAIVMVTIMLCCMTSC,HLA-A*02:01,1,35,43,9,FIAGLIAIV,1.0929,0.1442,-0.9345,1.2371,0.3026,8.6
P36334,IQIPSEFTIGNMVEFIQTSSPKVTIDCAAFVCGDYAACKSQLVEYGSFCDNINAILTEVNELLD,HLA-A*02:01,1,55,63,9,ILTEVNELL,1.3138,0.4864,-0.9685,1.8001,0.8316,9.3
P36334,ALVKIQAVVNANAEALNNLLQQLSNRFGAISASLQEILSRLDALEAEAQIDRLINGRLTALNAYVSQQLSDSTLVKFSAAQAMEKVNECVKSQSSRINFCGNGNHIISLVQNAPYGLYFIHFSYVPTKYVTARVSPGLCIAG,HLA-A*02:01,1,33,41,9,SLQEILSRL,1.3653,0.5009,-1.4814,1.8662,0.3848,30.3
P36334,ALVKIQAVVNANAEALNNLLQQLSNRFGAISASLQEILSRLDALEAEAQIDRLINGRLTALNAYVSQQLSDSTLVKFSAAQAMEKVNECVKSQSSRINFCGNGNHIISLVQNAPYGLYFIHFSYVPTKYVTARVSPGLCIAG,HLA-A*02:01,1,15,23,9,ALNNLLQQL,1.5724,0.3745,-1.8048,1.9469,0.1421,63.8
P36334,ALVKIQAVVNANAEALNNLLQQLSNRFGAISASLQEILSRLDALEAEAQIDRLINGRLTALNAYVSQQLSDSTLVKFSAAQAMEKVNECVKSQSSRINFCGNGNHIISLVQNAPYGLYFIHFSYVPTKYVTARVSPGLCIAG,HLA-A*02:01,1,57,65,9,RLTALNAYV,0.8948,0.2214,-1.0645,1.1162,0.0518,11.6
P36334,WMYTGSGYYYPEPITENNVV,HLA-A*03:01,1,1,10,10,WMYTGSGYYY,1.1608,1.3381,-2.0228,2.4988,0.476,105.4
Q0ZME7,IQIPTNFTIAGHEEFIQTSSPKVTIDCSAFVCSNYAACHDLLSEYGTFCDNINSILNEVNDLLD,HLA-A*02:01,1,55,63,9,ILNEVNDLL,1.2428,0.4176,-0.9395,1.6605,0.721,8.7
Q0ZME7,ALAKIQSVVNANAQALNSLLQQLFNKFGAISSSLQEILSRLDNLEAQVQIDRLINGRLTALNAYVSQQLSDITLIKAGASRAIEKVNECVKSQSPRINFCGNGNHILSLVQNAPYGLLFIHFSYKPTSFKTVLVSPGLCLSG,HLA-A*02:01,1,33,41,9,SLQEILSRL,1.3533,0.4572,-1.4814,1.8105,0.3291,30.3
Q0ZME7,ALAKIQSVVNANAQALNSLLQQLFNKFGAISSSLQEILSRLDNLEAQVQIDRLINGRLTALNAYVSQQLSDITLIKAGASRAIEKVNECVKSQSPRINFCGNGNHILSLVQNAPYGLLFIHFSYKPTSFKTVLVSPGLCLSG,HLA-A*02:01,1,15,23,9,ALNSLLQQL,1.4713,0.4259,-1.7466,1.8972,0.1506,55.8
Q0ZME7,ALAKIQSVVNANAQALNSLLQQLFNKFGAISSSLQEILSRLDNLEAQVQIDRLINGRLTALNAYVSQQLSDITLIKAGASRAIEKVNECVKSQSPRINFCGNGNHILSLVQNAPYGLLFIHFSYKPTSFKTVLVSPGLCLSG,HLA-A*02:01,1,57,65,9,RLTALNAYV,0.8948,0.2214,-1.0645,1.1162,0.0518,11.6
Q0ZME7,WMFTGSSYYYPEPISDKNVV,HLA-A*03:01,1,1,10,10,WMFTGSSYYY,1.1501,1.3055,-2.1123,2.4556,0.3434,129.5
Q0ZME7,IQESIKSLNSSFINLKEIGTYEMYVKWPWYIWLLIVILFIIFLMILFFICCCTGC,HLA-A*02:01,1,7,15,9,SLNSSFINL,1.5209,0.4510,-1.6928,1.9718,0.279,49.3
Q14EB0,IQIPTNFTIAGHEEFIQTSSPKVTIDCSAFVCSNYAACHDLLSEYGTFCDNINSILNEVNDLLD,HLA-A*02:01,1,55,63,9,ILNEVNDLL,1.2428,0.4176,-0.9395,1.6605,0.721,8.7
Q14EB0,ALAKIQSVVNANAQALNSLLQQLFNKFGAISSSLQEILSRLDNLEAQVQIDRLINGRLTALNAYVSQQLSDITLIKAGASRAIEKVNECVKSQSPRINFCGNGNHILSLVQNAPYGLLFIHFSYKPTSFKTVLVSPGLCLSG,HLA-A*02:01,1,33,41,9,SLQEILSRL,1.3533,0.4572,-1.4814,1.8105,0.3291,30.3
Q14EB0,ALAKIQSVVNANAQALNSLLQQLFNKFGAISSSLQEILSRLDNLEAQVQIDRLINGRLTALNAYVSQQLSDITLIKAGASRAIEKVNECVKSQSPRINFCGNGNHILSLVQNAPYGLLFIHFSYKPTSFKTVLVSPGLCLSG,HLA-A*02:01,1,15,23,9,ALNSLLQQL,1.4713,0.4259,-1.7466,1.8972,0.1506,55.8
Q14EB0,ALAKIQSVVNANAQALNSLLQQLFNKFGAISSSLQEILSRLDNLEAQVQIDRLINGRLTALNAYVSQQLSDITLIKAGASRAIEKVNECVKSQSPRINFCGNGNHILSLVQNAPYGLLFIHFSYKPTSFKTVLVSPGLCLSG,HLA-A*02:01,1,57,65,9,RLTALNAYV,0.8948,0.2214,-1.0645,1.1162,0.0518,11.6
Q14EB0,WMFTGSSYYYPEPISDKNVV,HLA-A*03:01,1,1,10,10,WMFTGSSYYY,1.1501,1.3055,-2.1123,2.4556,0.3434,129.5
Q14EB0,IQESIKSLNSSFINLKEIGTYEMYVKWPWYIWLLIVILFIIFLMILFFICCCTGC,HLA-A*02:01,1,7,15,9,SLNSSFINL,1.5209,0.4510,-1.6928,1.9718,0.279,49.3
Q5MQD0,SFFSEIQCKTKSLLPNTGVYDLSGFTVKPVATV,HLA-A*03:01,1,11,20,10,KSLLPNTGVY,1.3464,1.3455,-2.5561,2.6919,0.1359,359.8
Q5MQD0,TNKTYNIFPCYAGRVSA,HLA-A*03:01,1,2,11,10,NKTYNIFPCY,1.5520,1.2959,-2.8073,2.8479,0.0406,641.7
Q5MQD0,IKIPTNFTIVGQEEFIQTNSPKVTIDCSLFVCSNYAACHDLLSEYGTFCDNINSILDEVNGLLD,HLA-A*02:01,1,55,63,9,ILDEVNGLL,1.1961,0.3820,-1.2455,1.5781,0.3326,17.6
Q5MQD0,IKIPTNFTIVGQEEFIQTNSPKVTIDCSLFVCSNYAACHDLLSEYGTFCDNINSILDEVNGLLD,HLA-A*02:01,1,54,62,9,SILDEVNGL,1.5791,0.5643,-2.1082,2.1434,0.0352,128.3
Q5MQD0,ALAKIQSVVNSNAQALNSLLQQLFNKFGAISSSLQEILSRLDALEAQVQIDRLINGRLTALNAYVSQQLSDISLVKFGAALAMEKVNECVKSQSPRINFCGNGNHILSLVQNAPYGLLFMHFSYKPISFKTVLVSPGLCISG,HLA-A*02:01,1,33,41,9,SLQEILSRL,1.3653,0.4572,-1.4814,1.8225,0.3411,30.3
Q5MQD0,ALAKIQSVVNSNAQALNSLLQQLFNKFGAISSSLQEILSRLDALEAQVQIDRLINGRLTALNAYVSQQLSDISLVKFGAALAMEKVNECVKSQSPRINFCGNGNHILSLVQNAPYGLLFMHFSYKPISFKTVLVSPGLCISG,HLA-A*02:01,1,15,23,9,ALNSLLQQL,1.4713,0.4259,-1.7466,1.8972,0.1506,55.8
Q5MQD0,ALAKIQSVVNSNAQALNSLLQQLFNKFGAISSSLQEILSRLDALEAQVQIDRLINGRLTALNAYVSQQLSDISLVKFGAALAMEKVNECVKSQSPRINFCGNGNHILSLVQNAPYGLLFMHFSYKPISFKTVLVSPGLCISG,HLA-A*02:01,1,57,65,9,RLTALNAYV,0.8948,0.2214,-1.0645,1.1162,0.0518,11.6
Q5MQD0,ALAKIQSVVNSNAQALNSLLQQLFNKFGAISSSLQEILSRLDALEAQVQIDRLINGRLTALNAYVSQQLSDISLVKFGAALAMEKVNECVKSQSPRINFCGNGNHILSLVQNAPYGLLFMHFSYKPISFKTVLVSPGLCISG,HLA-A*03:01,1,121,130,10,HFSYKPISFK,0.8128,0.2497,-1.0414,1.0625,0.0211,11.0
Q5MQD0,WMFTGSSYYYPEPISDKNVV,HLA-A*03:01,1,1,10,10,WMFTGSSYYY,1.1501,1.3055,-2.1123,2.4556,0.3434,129.5
Q5MQD0,IQESIKSLNNSYINLKDIGTYEMYVKWPWYVWLLISFSFIIFLVLLFFICCCTGC,HLA-A*02:01,1,33,41,9,LLISFSFII,1.1203,0.2477,-1.0492,1.3679,0.3187,11.2
Q5MQD0,IQESIKSLNNSYINLKDIGTYEMYVKWPWYVWLLISFSFIIFLVLLFFICCCTGC,HLA-A*02:01,1,7,15,9,SLNNSYINL,1.7401,0.4510,-2.1300,2.1911,0.0611,134.9
K9N5Q8,FYVYKLQPLTFLLDFSVDGYIRRAIDC,HLA-A*02:01,1,5,13,9,KLQPLTFLL,1.2873,0.4350,-0.8325,1.7222,0.8897,6.8
K9N5Q8,GPASARDLICAQYVAGYKVLPPLMDVNMEAAYTSSLLGSIAGVGWTAGLS,HLA-A*02:01,1,35,43,9,SLLGSIAGV,0.9276,0.1981,-0.7076,1.1256,0.4181,5.1
K9N5Q8,AFHKVQDAVNNNAQALSKLASELSNTFGAISASIGDIIQRLDVLEQDAQIDRLINGRLTTLNAFVAQQLVRSESAALSAQLAKDKVNECVKAQSKRSGFCGQGTHIVSFVVNAPNGLYFMHVGYYPSNHIEVVSAYGLCDAA,HLA-A*03:01,1,116,125,10,GLYFMHVGYY,1.0534,1.3431,-2.0056,2.3966,0.391,101.3
K9N5Q8,AFHKVQDAVNNNAQALSKLASELSNTFGAISASIGDIIQRLDVLEQDAQIDRLINGRLTTLNAFVAQQLVRSESAALSAQLAKDKVNECVKAQSKRSGFCGQGTHIVSFVVNAPNGLYFMHVGYYPSNHIEVVSAYGLCDAA,HLA-A*02:01,1,57,65,9,RLTTLNAFV,1.1481,0.2214,-1.2148,1.3695,0.1546,16.4
P15423,IPFSLAIQARLNYVALQTDVLQENQKILAASFNKAMTNIVDAFTGVN,HLA-A*03:01,1,4,13,10,SLAIQARLNY,1.3908,1.2631,-2.5147,2.6539,0.1392,327.1
P15423,ALNKIQDVVNQQGNSLNHLTSQLRQNFQAISSSIQAIYDRLDTIQADQQVDRLITGRLAALNVFVSHTLTKYTEVRASRQLAQQKVNECVKSQSKRYGFCGNGTHIFSIVNAAPEGLVFLHTVLLPTQYKDVEAWSGLCVDG,HLA-A*02:01,1,57,65,9,RLAALNVFV,1.2838,0.2444,-0.7709,1.5282,0.7573,5.9
P15423,GYVLRQPNLALYK,HLA-A*03:01,1,3,12,10,VLRQPNLALY,1.2671,1.3040,-2.3416,2.5711,0.2294,219.6
P15423,DVNKTLQELSYKLPN,HLA-A*02:01,1,5,13,9,TLQELSYKL,1.3909,0.4455,-1.3365,1.8364,0.4999,21.7
Q6Q1S2,QQSIIGAMTAVNESR,HLA-A*02:01,1,3,11,9,SIIGAMTAV,1.0565,0.2226,-1.0294,1.2791,0.2497,10.7
Q6Q1S2,IPFSLALQARLNYVALQTDVLQENQKILAASFNKAINNIVASFSSVN,HLA-A*02:01,1,6,14,9,ALQARLNYV,1.0946,0.2136,-1.1399,1.3082,0.1683,13.8
Q6Q1S2,IPFSLALQARLNYVALQTDVLQENQKILAASFNKAINNIVASFSSVN,HLA-A*03:01,1,4,13,10,SLALQARLNY,1.3908,1.2631,-2.5793,2.6539,0.0746,379.6
Q6Q1S2,ALNKIQDVVNQQGSALNHLTSQLRHNFQAISNSIQAIYDRLDSIQADQQVDRLITGRLAALNAFVSQVLNKYTEVRGSRRLAQQKINECVKSQSNRYGFCGNGTHIFSIVNSAPDGLLFLHTVLLPTDYKNVKAWSGICVDG,HLA-A*02:01,1,117,125,9,LLFLHTVLL,1.5575,0.4627,-1.3345,2.0203,0.6858,21.6
Q6Q1S2,ALNKIQDVVNQQGSALNHLTSQLRHNFQAISNSIQAIYDRLDSIQADQQVDRLITGRLAALNAFVSQVLNKYTEVRGSRRLAQQKINECVKSQSNRYGFCGNGTHIFSIVNSAPDGLLFLHTVLLPTDYKNVKAWSGICVDG,HLA-A*02:01,1,57,65,9,RLAALNAFV,1.0415,0.2444,-0.8261,1.2858,0.4597,6.7
Q6Q1S2,ALNKIQDVVNQQGSALNHLTSQLRHNFQAISNSIQAIYDRLDSIQADQQVDRLITGRLAALNAFVSQVLNKYTEVRGSRRLAQQKINECVKSQSNRYGFCGNGTHIFSIVNSAPDGLLFLHTVLLPTDYKNVKAWSGICVDG,HLA-A*02:01,1,15,23,9,ALNHLTSQL,1.6654,0.4705,-2.0350,2.1359,0.1009,108.4
Q6Q1S2,GYVLRQPNLVLYS,HLA-A*03:01,1,3,12,10,VLRQPNLVLY,1.4911,1.3040,-2.3247,2.7951,0.4704,211.2
