predicted_epitope,protein_id,conserved_sequence,start_position,end_position,Mol_Weight,Isoelectric_Point,Aromaticity,Instability_Index,Helix_2_Struc,Turn_2_Struc,Sheet_2_Struc,Reduces_Cys,Disulfide_Bridge,Hydropathicity,Charge_at_pH7,Antigenicity_Score,Antigen_Prediction,Allergen_Prediction,SVM_Score,Toxicity_Prediction,Hydrophobicity,Steric_hinderance,Sidebulk,Amphipathicity,Hydrophilicity,Net_Hydrogen
YDENGTI,P59594,YFVGYLKPTTFMLKYDENGTITDAVDC,15,21,810.805,4.05,0.143,8.8,0.286,0.286,0.143,1490,1490,-1.2,-2.237,0.4532,Probable Non-Antigen,Allergen,-0.55,Non-Toxin,-0.18,0.69,0.69,0.18,0.24,0.86
GIYQTSN,P59594,NPLAELKCSVKSFEIDKGIYQTSNFRVVPSGDV,18,24,781.81,5.524,0.143,-3.557,0.286,0.429,0.0,1490,1490,-0.814,-0.241,0.4634,Probable Non-Antigen,Allergen,-1.18,Non-Toxin,-0.12,0.65,0.65,0.18,-0.54,1.00
SVDCNMYICGDSTEC,P59594,IAIPTNFSISITTEVMPVSMAKTSVDCNMYICGDSTECANLLLQYGSFCTQLNRALSGIAAEQD,24,38,1639.803,4.05,0.067,70.073,0.2,0.267,0.133,1490,1615,0.007,-3.566,-0.2184,Probable Non-Antigen,Allergen,0.16,Toxin,-0.10,0.66,0.66,0.08,-0.03,0.60
RFNGIGV,P59594,IPFAMQMAYRFNGIGVTQNVLYENQKQIANQFNKAISQIQESLTTTS,10,16,761.869,9.75,0.143,-25.029,0.429,0.429,0.0,0,0,0.386,0.76,1.9255,Probable Antigen,Allergen,-1.09,Non-Toxin,-0.03,0.70,0.70,0.35,-0.37,0.86
KLQDVVNQNAQA,P59594,ALGKLQDVVNQNAQALNTLVKQLSSNFGAISSVLNDILSRLDKVEAEVQIDRLITGRLQSLQTYVTQQLIRAAEIRASANLAATKMSECVLGQSKRVDFCGKGYHLMSFPQAAPHGVVFLHVTYVPSQERNFTTAPAICHEG,4,15,1327.443,5.836,0.0,39.025,0.25,0.167,0.25,0,0,-0.758,-0.24,0.5943,Probable Antigen,Allergen,-0.98,Non-Toxin,-0.26,0.66,0.66,0.62,0.10,1.08
LSSNFGAISSVLNDILS,P59594,ALGKLQDVVNQNAQALNTLVKQLSSNFGAISSVLNDILSRLDKVEAEVQIDRLITGRLQSLQTYVTQQLIRAAEIRASANLAATKMSECVLGQSKRVDFCGKGYHLMSFPQAAPHGVVFLHVTYVPSQERNFTTAPAICHEG,23,39,1736.916,4.05,0.059,29.565,0.412,0.471,0.235,0,0,0.841,-1.239,0.2976,Probable Non-Antigen,Allergen,-1.09,Non-Toxin,0.08,0.62,0.62,0.00,-0.51,0.59
CVLGQSKRVDFCGKGYHLMS,P59594,ALGKLQDVVNQNAQALNTLVKQLSSNFGAISSVLNDILSRLDKVEAEVQIDRLITGRLQSLQTYVTQQLIRAAEIRASANLAATKMSECVLGQSKRVDFCGKGYHLMSFPQAAPHGVVFLHVTYVPSQERNFTTAPAICHEG,89,108,2228.616,8.86,0.1,48.12,0.3,0.25,0.15,1490,1615,-0.045,1.826,0.9812,Probable Antigen,Allergen,-0.55,Non-Toxin,-0.13,0.62,0.62,0.62,-0.12,0.75
YVPSQERN,P59594,ALGKLQDVVNQNAQALNTLVKQLSSNFGAISSVLNDILSRLDKVEAEVQIDRLITGRLQSLQTYVTQQLIRAAEIRASANLAATKMSECVLGQSKRVDFCGKGYHLMSFPQAAPHGVVFLHVTYVPSQERNFTTAPAICHEG,124,131,992.043,6.001,0.125,120.475,0.25,0.375,0.125,1490,1490,-1.812,-0.238,0.6009,Probable Antigen,Allergen,-1.37,Non-Toxin,-0.43,0.64,0.64,0.62,0.36,1.38
VAKNLNESLID,P59594,LNEVAKNLNESLIDLQELGKYEQYIKWPWYVWLGFIAGLIAIVMVTILLCCMTSC,4,14,1215.353,4.669,0.0,26.6,0.364,0.273,0.364,0,0,-0.055,-1.26,0.224,Probable Non-Antigen,Allergen,-0.99,Non-Toxin,-0.13,0.65,0.65,0.45,0.21,0.82
QELGKYEQYIKWPWYVW,P59594,LNEVAKNLNESLIDLQELGKYEQYIKWPWYVWLGFIAGLIAIVMVTILLCCMTSC,16,32,2316.608,6.14,0.353,11.518,0.529,0.118,0.176,20970,20970,-1.053,-0.239,0.617,Probable Antigen,Allergen,-0.83,Non-Toxin,-0.10,0.63,0.63,0.73,-0.58,0.94
YNENGTI,P0DTC2,YYVGYLQPRTFLLKYNENGTITDAVDC,15,21,809.82,4.05,0.143,-25.029,0.286,0.429,0.143,1490,1490,-1.2,-1.238,0.508,Probable Antigen,Allergen,-0.75,Non-Toxin,-0.17,0.69,0.69,0.18,-0.16,1.00
YQTSNFRV,P0DTC2,DPLSETKCTLKSFTVEKGIYQTSNFRVQPTESI,20,27,1014.092,8.748,0.25,-10.037,0.375,0.25,0.0,1490,1490,-0.912,0.759,0.371,Probable Non-Antigen,Allergen,-1.33,Non-Toxin,-0.30,0.66,0.66,0.46,-0.38,1.38
TPCSFGG,P0DTC2,TLEILDITPCSFGGVSV,8,14,667.731,5.184,0.143,15.429,0.143,0.571,0.0,0,0,0.2,-0.612,1.6632,Probable Antigen,Allergen,-0.72,Non-Toxin,0.07,0.59,0.59,0.00,-0.51,0.29
MTKTSVDC,P0DTC2,IAIPTNFTISVTTEILPVSMTKTSVDCTMYICGDSTECSNLLLQYGSFCTQLNRALTGIAVEQD,20,27,884.03,5.585,0.0,-13.637,0.125,0.125,0.125,0,0,-0.125,-0.509,1.5932,Probable Antigen,Allergen,-0.87,Non-Toxin,-0.20,0.64,0.64,0.46,0.21,0.75
MYICGDSTECS,P0DTC2,IAIPTNFTISVTTEILPVSMTKTSVDCTMYICGDSTECSNLLLQYGSFCTQLNRALTGIAVEQD,29,39,1208.339,4.05,0.091,105.582,0.182,0.273,0.182,1490,1615,0.036,-2.517,-0.3346,Probable Non-Antigen,Allergen,-0.28,Non-Toxin,-0.07,0.65,0.65,0.12,-0.11,0.55
LLLQYGSFCT,P0DTC2,IAIPTNFTISVTTEILPVSMTKTSVDCTMYICGDSTECSNLLLQYGSFCTQLNRALTGIAVEQD,41,50,1144.34,5.517,0.2,58.17,0.5,0.2,0.3,1490,1490,1.0,-0.251,0.8922,Probable Antigen,Allergen,-0.61,Non-Toxin,0.13,0.60,0.60,0.12,-1.11,0.50
TITSGWTF,P0DTC2,GDIAARDLICAQKFNGLTVLPPLLTDEMIAQYTSALLAGTITSGWTFGAG,40,47,911.997,5.185,0.25,20.812,0.375,0.25,0.0,5500,5500,0.387,-0.602,0.4248,Probable Non-Antigen,Allergen,-1.18,Non-Toxin,0.13,0.59,0.59,0.00,-1.08,0.62
RFNGIGV,P0DTC2,IPFAMQMAYRFNGIGVTQNVLYENQKLIANQFNSAIGKIQDSLSSTA,10,16,761.869,9.75,0.143,-25.029,0.429,0.429,0.0,0,0,0.386,0.76,1.9255,Probable Antigen,Allergen,-1.09,Non-Toxin,-0.03,0.70,0.70,0.35,-0.37,0.86
VNQNAQA,P0DTC2,ALGKLQDVVNQNAQALNTLVKQLSSNFGAISSVLNDILSRLDKVEAEVQIDRLITGRLQSLQTYVTQQLIRAAEIRASANLAATKMSECVLGQSKRVDFCGKGYHLMSFPQSAPHGVVFLHVTYVPAQEKNFTTAPAICHDG,9,15,743.766,5.495,0.0,-2.2,0.143,0.286,0.286,0,0,-0.886,-0.266,0.3352,Probable Non-Antigen,Allergen,-0.91,Non-Toxin,-0.23,0.66,0.66,0.36,-0.24,1.14
LSSNFGAISSVLNDILS,P0DTC2,ALGKLQDVVNQNAQALNTLVKQLSSNFGAISSVLNDILSRLDKVEAEVQIDRLITGRLQSLQTYVTQQLIRAAEIRASANLAATKMSECVLGQSKRVDFCGKGYHLMSFPQSAPHGVVFLHVTYVPAQEKNFTTAPAICHDG,23,39,1736.916,4.05,0.059,29.565,0.412,0.471,0.235,0,0,0.841,-1.239,0.2976,Probable Non-Antigen,Allergen,-1.09,Non-Toxin,0.08,0.62,0.62,0.00,-0.51,0.59
CVLGQSKRVDFCGKGYHLMSFPQSAPH,P0DTC2,ALGKLQDVVNQNAQALNTLVKQLSSNFGAISSVLNDILSRLDKVEAEVQIDRLITGRLQSLQTYVTQQLIRAAEIRASANLAATKMSECVLGQSKRVDFCGKGYHLMSFPQSAPHGVVFLHVTYVPAQEKNFTTAPAICHDG,89,115,2993.444,8.861,0.111,75.911,0.259,0.296,0.148,1490,1615,-0.259,1.913,0.6982,Probable Antigen,Allergen,-0.59,Non-Toxin,-0.12,0.58,0.58,0.56,-0.20,0.70
VAKNLNESLID,P0DTC2,LNEVAKNLNESLIDLQELGKYEQYIKWPWYIWLGFIAGLIAIVMVTIMLCCMTSC,4,14,1215.353,4.669,0.0,26.6,0.364,0.273,0.364,0,0,-0.055,-1.26,0.224,Probable Non-Antigen,Allergen,-0.99,Non-Toxin,-0.13,0.65,0.65,0.45,0.21,0.82
QELGKYEQYIKWPWYIW,P0DTC2,LNEVAKNLNESLIDLQELGKYEQYIKWPWYIWLGFIAGLIAIVMVTIMLCCMTSC,16,32,2330.635,6.14,0.353,11.518,0.529,0.118,0.176,20970,20970,-1.035,-0.239,0.624,Probable Antigen,Allergen,-0.42,Non-Toxin,-0.09,0.63,0.63,0.73,-0.59,0.94
YDLYGILG,P36334,CVNYDLYGILGQGIFVEVNA,4,11,913.025,4.05,0.25,41.2,0.625,0.25,0.25,2980,2980,0.65,-1.241,0.9525,Probable Antigen,Allergen,-0.84,Non-Toxin,0.18,0.66,0.66,0.00,-0.87,0.38
TSSPKVT,P36334,IQIPSEFTIGNMVEFIQTSSPKVTIDCAAFVCGDYAACKSQLVEYGSFCDNINAILTEVNELLD,18,24,718.796,8.41,0.0,74.6,0.143,0.429,0.0,0,0,-0.614,0.397,0.5909,Probable Antigen,Allergen,-0.59,Non-Toxin,-0.22,0.55,0.55,0.52,0.19,0.86
CGDYAAC,P36334,IQIPSEFTIGNMVEFIQTSSPKVTIDCAAFVCGDYAACKSQLVEYGSFCDNINAILTEVNELLD,32,38,701.769,4.05,0.143,105.171,0.143,0.143,0.286,1490,1615,0.486,-1.26,-0.5187,Probable Non-Antigen,Allergen,-0.59,Non-Toxin,0.01,0.63,0.63,0.00,-0.33,0.29
GSFCDNIN,P36334,IQIPSEFTIGNMVEFIQTSSPKVTIDCAAFVCGDYAACKSQLVEYGSFCDNINAILTEVNELLD,46,53,868.911,4.05,0.125,87.75,0.25,0.5,0.0,0,0,-0.238,-1.249,0.4942,Probable Non-Antigen,Allergen,-0.49,Non-Toxin,-0.09,0.69,0.69,0.00,-0.20,0.75
VKLSDVG,P36334,SSRSAIEDLLFDKVKLSDVGFVEA,14,20,716.823,5.806,0.0,-19.8,0.429,0.286,0.143,0,0,0.514,-0.266,2.8164,Probable Antigen,Allergen,-0.83,Non-Toxin,-0.04,0.65,0.65,0.52,0.21,0.57
YRINGLGV,P36334,VPFYLNVQYRINGLGVTMDVLSQNQKLIANAFNNALYAIQEGFDATN,9,16,891.026,8.748,0.125,-31.175,0.5,0.375,0.125,1490,1490,0.3,0.759,1.1395,Probable Antigen,Allergen,-1.35,Non-Toxin,-0.03,0.68,0.68,0.31,-0.53,0.88
LLQQLSNRFG,P36334,ALVKIQAVVNANAEALNNLLQQLSNRFGAISASLQEILSRLDALEAEAQIDRLINGRLTALNAYVSQQLSDSTLVKFSAAQAMEKVNECVKSQSSRINFCGNGNHIISLVQNAPYGLYFIHFSYVPTKYVTARVSPGLCIAG,19,28,1175.337,9.75,0.1,60.86,0.4,0.3,0.3,0,0,-0.2,0.76,0.0091,Probable Non-Antigen,Allergen,-1.25,Non-Toxin,-0.17,0.63,0.63,0.49,-0.40,1.10
LINGRLT,P36334,ALVKIQAVVNANAEALNNLLQQLSNRFGAISASLQEILSRLDALEAEAQIDRLINGRLTALNAYVSQQLSDSTLVKFSAAQAMEKVNECVKSQSSRINFCGNGNHIISLVQNAPYGLYFIHFSYVPTKYVTARVSPGLCIAG,53,59,785.932,9.75,0.0,-12.9,0.429,0.286,0.286,0,0,0.429,0.76,1.445,Probable Antigen,Allergen,-0.96,Non-Toxin,-0.09,0.63,0.63,0.35,-0.37,1.00
QQLSDST,P36334,ALVKIQAVVNANAEALNNLLQQLSNRFGAISASLQEILSRLDALEAEAQIDRLINGRLTALNAYVSQQLSDSTLVKFSAAQAMEKVNECVKSQSSRINFCGNGNHIISLVQNAPYGLYFIHFSYVPTKYVTARVSPGLCIAG,67,73,777.777,4.05,0.0,63.6,0.143,0.286,0.143,0,0,-1.286,-1.239,0.2802,Probable Non-Antigen,Allergen,-1.26,Non-Toxin,-0.32,0.61,0.61,0.36,0.26,1.14
CVKSQSSRINFCGNGNHI,P36334,ALVKIQAVVNANAEALNNLLQQLSNRFGAISASLQEILSRLDALEAEAQIDRLINGRLTALNAYVSQQLSDSTLVKFSAAQAMEKVNECVKSQSSRINFCGNGNHIISLVQNAPYGLYFIHFSYVPTKYVTARVSPGLCIAG,89,106,1964.19,8.957,0.056,58.444,0.222,0.444,0.0,0,125,-0.433,1.826,-0.0455,Probable Non-Antigen,Allergen,-0.82,Non-Toxin,-0.20,0.63,0.63,0.49,-0.13,1.00
QNAPYGL,P36334,ALVKIQAVVNANAEALNNLLQQLSNRFGAISASLQEILSRLDALEAEAQIDRLINGRLTALNAYVSQQLSDSTLVKFSAAQAMEKVNECVKSQSSRINFCGNGNHIISLVQNAPYGLYFIHFSYVPTKYVTARVSPGLCIAG,111,117,761.822,5.524,0.143,23.957,0.286,0.429,0.286,1490,1490,-0.671,-0.241,1.5963,Probable Antigen,Allergen,-0.67,Non-Toxin,-0.06,0.60,0.60,0.18,-0.60,0.71
TGSGYYY,P36334,WMYTGSGYYYPEPITENNVV,4,10,809.819,5.185,0.429,19.571,0.429,0.429,0.0,4470,4470,-0.886,-0.605,0.5365,Probable Antigen,Allergen,-0.58,Non-Toxin,-0.01,0.65,0.65,0.00,-1.00,0.71
LNQSYINLKDIGTYEYYVKWPWYV,P36334,LQEAIKVLNQSYINLKDIGTYEYYVKWPWYVWLLICLAGVAMLVLLFFICCCTGC,8,31,3056.422,6.065,0.292,17.275,0.542,0.208,0.125,18450,18450,-0.504,-0.243,1.0677,Probable Antigen,Allergen,-0.59,Non-Toxin,-0.06,0.64,0.64,0.41,-0.67,0.88
SFAPNTGVYDLS,Q0ZME7,SFLSEIQCKTQSFAPNTGVYDLSGFTVKPVATV,12,23,1270.344,4.05,0.167,24.517,0.333,0.417,0.167,1490,1490,-0.0,-1.54,0.6282,Probable Antigen,Allergen,-1.11,Non-Toxin,-0.00,0.61,0.61,0.00,-0.43,0.58
YDLYGITG,Q0ZME7,CVNYDLYGITGQGIFKEVSA,4,11,900.971,4.05,0.25,6.512,0.5,0.25,0.125,2980,2980,0.088,-1.241,1.0032,Probable Antigen,Allergen,-0.87,Non-Toxin,0.09,0.66,0.66,0.00,-0.70,0.50
TSSPKVT,Q0ZME7,IQIPTNFTIAGHEEFIQTSSPKVTIDCSAFVCSNYAACHDLLSEYGTFCDNINSILNEVNDLLD,18,24,718.796,8.41,0.0,74.6,0.143,0.429,0.0,0,0,-0.614,0.397,0.5909,Probable Antigen,Allergen,-0.59,Non-Toxin,-0.22,0.55,0.55,0.52,0.19,0.86
VCSNYAA,Q0ZME7,IQIPTNFTIAGHEEFIQTSSPKVTIDCSAFVCSNYAACHDLLSEYGTFCDNINSILNEVNDLLD,31,37,726.798,5.488,0.143,42.4,0.286,0.286,0.286,1490,1490,0.671,-0.277,0.2341,Probable Non-Antigen,Allergen,-0.69,Non-Toxin,0.03,0.62,0.62,0.00,-0.76,0.57
GTFCDNINS,Q0ZME7,IQIPTNFTIAGHEEFIQTSSPKVTIDCSAFVCSNYAACHDLLSEYGTFCDNINSILNEVNDLLD,46,54,970.015,4.05,0.111,83.389,0.222,0.444,0.0,0,0,-0.289,-1.249,0.2347,Probable Non-Antigen,Allergen,-0.31,Non-Toxin,-0.10,0.67,0.67,0.00,-0.22,0.78
VKLSDVG,Q0ZME7,SSRSLLEDLLFNKVKLSDVGFVEA,14,20,716.823,5.806,0.0,-19.8,0.429,0.286,0.143,0,0,0.514,-0.266,2.8164,Probable Antigen,Allergen,-0.83,Non-Toxin,-0.04,0.65,0.65,0.52,0.21,0.57
QISGYTT,Q0ZME7,GGSEIRDLLCVQSFNGIKVLPPILSETQISGYTTAATVAAMFPPWSAAAG,28,34,768.812,5.524,0.143,-15.686,0.286,0.286,0.0,1490,1490,-0.414,-0.241,0.1185,Probable Non-Antigen,Allergen,-0.74,Non-Toxin,-0.06,0.62,0.62,0.18,-0.63,0.86
YRINGLGV,Q0ZME7,VPFSLNVQYRINGLGVTMDVLNKNQKLIANAFNKALLSIQNGFTATN,9,16,891.026,8.748,0.125,-31.175,0.5,0.375,0.125,1490,1490,0.3,0.759,1.1395,Probable Antigen,Allergen,-1.35,Non-Toxin,-0.03,0.68,0.68,0.31,-0.53,0.88
GAISSSL,Q0ZME7,ALAKIQSVVNANAQALNSLLQQLFNKFGAISSSLQEILSRLDNLEAQVQIDRLINGRLTALNAYVSQQLSDITLIKAGASRAIEKVNECVKSQSPRINFCGNGNHILSLVQNAPYGLLFIHFSYKPTSFKTVLVSPGLCLSG,28,34,633.692,5.525,0.0,51.471,0.286,0.571,0.286,0,0,1.043,-0.24,0.2951,Probable Non-Antigen,Allergen,-0.77,Non-Toxin,0.13,0.57,0.57,0.00,-0.46,0.43
CVKSQSPRINFCGNGNHI,Q0ZME7,ALAKIQSVVNANAQALNSLLQQLFNKFGAISSSLQEILSRLDNLEAQVQIDRLINGRLTALNAYVSQQLSDITLIKAGASRAIEKVNECVKSQSPRINFCGNGNHILSLVQNAPYGLLFIHFSYKPTSFKTVLVSPGLCLSG,89,106,1974.228,8.957,0.056,57.267,0.222,0.444,0.0,0,125,-0.478,1.826,-0.1983,Probable Non-Antigen,Allergen,-1.11,Non-Toxin,-0.19,0.62,0.62,0.49,-0.15,0.94
SYKPTSF,Q0ZME7,ALAKIQSVVNANAQALNSLLQQLFNKFGAISSSLQEILSRLDNLEAQVQIDRLINGRLTALNAYVSQQLSDITLIKAGASRAIEKVNECVKSQSPRINFCGNGNHILSLVQNAPYGLLFIHFSYKPTSFKTVLVSPGLCLSG,123,129,828.908,8.31,0.286,-2.2,0.286,0.429,0.0,1490,1490,-0.9,0.458,1.8175,Probable Antigen,Allergen,-0.80,Non-Toxin,-0.18,0.58,0.58,0.52,-0.23,0.86
SIKSLNSSFIN,Q0ZME7,IQESIKSLNSSFINLKEIGTYEMYVKWPWYIWLLIVILFIIFLMILFFICCCTGC,4,14,1209.349,8.465,0.091,18.882,0.364,0.545,0.091,0,0,0.136,0.459,0.8733,Probable Antigen,Allergen,-0.93,Non-Toxin,-0.07,0.63,0.63,0.33,-0.30,0.91
KEIGTYEMYVKWPWYI,Q0ZME7,IQESIKSLNSSFINLKEIGTYEMYVKWPWYIWLLIVILFIIFLMILFFICCCTGC,16,31,2106.44,6.14,0.312,22.594,0.5,0.125,0.188,15470,15470,-0.506,-0.239,0.812,Probable Antigen,Allergen,-0.19,Non-Toxin,-0.03,0.64,0.64,0.62,-0.53,0.75
SFAPNTGVYDLS,Q14EB0,SFLSEIQCKTQSFAPNTGVYDLSGFTVKPVATV,12,23,1270.344,4.05,0.167,24.517,0.333,0.417,0.167,1490,1490,-0.0,-1.54,0.6282,Probable Antigen,Allergen,-1.11,Non-Toxin,-0.00,0.61,0.61,0.00,-0.43,0.58
YDLYGITG,Q14EB0,CVNYDLYGITGQGIFKEVSA,4,11,900.971,4.05,0.25,6.512,0.5,0.25,0.125,2980,2980,0.088,-1.241,1.0032,Probable Antigen,Allergen,-0.87,Non-Toxin,0.09,0.66,0.66,0.00,-0.70,0.50
TSSPKVT,Q14EB0,IQIPTNFTIAGHEEFIQTSSPKVTIDCSAFVCSNYAACHDLLSEYGTFCDNINSILNEVNDLLD,18,24,718.796,8.41,0.0,74.6,0.143,0.429,0.0,0,0,-0.614,0.397,0.5909,Probable Antigen,Allergen,-0.59,Non-Toxin,-0.22,0.55,0.55,0.52,0.19,0.86
VCSNYAA,Q14EB0,IQIPTNFTIAGHEEFIQTSSPKVTIDCSAFVCSNYAACHDLLSEYGTFCDNINSILNEVNDLLD,31,37,726.798,5.488,0.143,42.4,0.286,0.286,0.286,1490,1490,0.671,-0.277,0.2341,Probable Non-Antigen,Allergen,-0.69,Non-Toxin,0.03,0.62,0.62,0.00,-0.76,0.57
GTFCDNINS,Q14EB0,IQIPTNFTIAGHEEFIQTSSPKVTIDCSAFVCSNYAACHDLLSEYGTFCDNINSILNEVNDLLD,46,54,970.015,4.05,0.111,83.389,0.222,0.444,0.0,0,0,-0.289,-1.249,0.2347,Probable Non-Antigen,Allergen,-0.31,Non-Toxin,-0.10,0.67,0.67,0.00,-0.22,0.78
VKLSDVG,Q14EB0,SSRSLLEDLLFNKVKLSDVGFVEA,14,20,716.823,5.806,0.0,-19.8,0.429,0.286,0.143,0,0,0.514,-0.266,2.8164,Probable Antigen,Allergen,-0.83,Non-Toxin,-0.04,0.65,0.65,0.52,0.21,0.57
QISGYTT,Q14EB0,GGSEIRDLLCVQSFNGIKVLPPILSETQISGYTTAATVAAMFPPWSAAAG,28,34,768.812,5.524,0.143,-15.686,0.286,0.286,0.0,1490,1490,-0.414,-0.241,0.1185,Probable Non-Antigen,Allergen,-0.74,Non-Toxin,-0.06,0.62,0.62,0.18,-0.63,0.86
YRINGLGV,Q14EB0,VPFSLNVQYRINGLGVTMDVLNKNQKLIANAFNKALLSIQNGFTATN,9,16,891.026,8.748,0.125,-31.175,0.5,0.375,0.125,1490,1490,0.3,0.759,1.1395,Probable Antigen,Allergen,-1.35,Non-Toxin,-0.03,0.68,0.68,0.31,-0.53,0.88
GAISSSL,Q14EB0,ALAKIQSVVNANAQALNSLLQQLFNKFGAISSSLQEILSRLDNLEAQVQIDRLINGRLTALNAYVSQQLSDITLIKAGASRAIEKVNECVKSQSPRINFCGNGNHILSLVQNAPYGLLFIHFSYKPTSFKTVLVSPGLCLSG,28,34,633.692,5.525,0.0,51.471,0.286,0.571,0.286,0,0,1.043,-0.24,0.2951,Probable Non-Antigen,Allergen,-0.77,Non-Toxin,0.13,0.57,0.57,0.00,-0.46,0.43
CVKSQSPRINFCGNGNHI,Q14EB0,ALAKIQSVVNANAQALNSLLQQLFNKFGAISSSLQEILSRLDNLEAQVQIDRLINGRLTALNAYVSQQLSDITLIKAGASRAIEKVNECVKSQSPRINFCGNGNHILSLVQNAPYGLLFIHFSYKPTSFKTVLVSPGLCLSG,89,106,1974.228,8.957,0.056,57.267,0.222,0.444,0.0,0,125,-0.478,1.826,-0.1983,Probable Non-Antigen,Allergen,-1.11,Non-Toxin,-0.19,0.62,0.62,0.49,-0.15,0.94
SYKPTSF,Q14EB0,ALAKIQSVVNANAQALNSLLQQLFNKFGAISSSLQEILSRLDNLEAQVQIDRLINGRLTALNAYVSQQLSDITLIKAGASRAIEKVNECVKSQSPRINFCGNGNHILSLVQNAPYGLLFIHFSYKPTSFKTVLVSPGLCLSG,123,129,828.908,8.31,0.286,-2.2,0.286,0.429,0.0,1490,1490,-0.9,0.458,1.8175,Probable Antigen,Allergen,-0.80,Non-Toxin,-0.18,0.58,0.58,0.52,-0.23,0.86
SIKSLNSSFIN,Q14EB0,IQESIKSLNSSFINLKEIGTYEMYVKWPWYIWLLIVILFIIFLMILFFICCCTGC,4,14,1209.349,8.465,0.091,18.882,0.364,0.545,0.091,0,0,0.136,0.459,0.8733,Probable Antigen,Allergen,-0.93,Non-Toxin,-0.07,0.63,0.63,0.33,-0.30,0.91
KEIGTYEMYVKWPWYI,Q14EB0,IQESIKSLNSSFINLKEIGTYEMYVKWPWYIWLLIVILFIIFLMILFFICCCTGC,16,31,2106.44,6.14,0.312,22.594,0.5,0.125,0.188,15470,15470,-0.506,-0.239,0.812,Probable Antigen,Allergen,-0.19,Non-Toxin,-0.03,0.64,0.64,0.62,-0.53,0.75
SLLPNTGVYDLSG,Q5MQD0,SFFSEIQCKTKSLLPNTGVYDLSGFTVKPVATV,12,24,1335.459,4.05,0.077,23.4,0.385,0.462,0.231,1490,1490,0.2,-1.54,0.2017,Probable Non-Antigen,Allergen,-1.38,Non-Toxin,0.03,0.60,0.60,0.00,-0.45,0.54
YDLYGITG,Q5MQD0,CVDYDLYGITGQGIFKEVSA,4,11,900.971,4.05,0.25,6.512,0.5,0.25,0.125,2980,2980,0.088,-1.241,1.0032,Probable Antigen,Allergen,-0.87,Non-Toxin,0.09,0.66,0.66,0.00,-0.70,0.50
TNSPKVTI,Q5MQD0,IKIPTNFTIVGQEEFIQTNSPKVTIDCSLFVCSNYAACHDLLSEYGTFCDNINSILDEVNGLLD,18,25,858.979,8.41,0.0,23.662,0.25,0.375,0.0,0,0,-0.312,0.397,0.0064,Probable Non-Antigen,Allergen,-0.83,Non-Toxin,-0.14,0.60,0.60,0.46,-0.07,0.88
YGTFCDNINS,Q5MQD0,IKIPTNFTIVGQEEFIQTNSPKVTIDCSLFVCSNYAACHDLLSEYGTFCDNINSILDEVNGLLD,45,54,1133.188,4.05,0.2,67.56,0.3,0.4,0.0,1490,1490,-0.39,-1.25,0.3393,Probable Non-Antigen,Allergen,-0.25,Non-Toxin,-0.09,0.67,0.67,0.00,-0.43,0.80
VKLSDVG,Q5MQD0,SSRSFFEDLLFDKVKLSDVGFVEA,14,20,716.823,5.806,0.0,-19.8,0.429,0.286,0.143,0,0,0.514,-0.266,2.8164,Probable Antigen,Allergen,-0.83,Non-Toxin,-0.04,0.65,0.65,0.52,0.21,0.57
SQISGYTT,Q5MQD0,GGSEIRDLLCVQSFNGIKVLPPILSESQISGYTTAATVAAMFPPWSAAAG,27,34,855.889,5.24,0.125,11.6,0.25,0.375,0.0,1490,1490,-0.463,-0.541,0.1642,Probable Non-Antigen,Allergen,-0.94,Non-Toxin,-0.08,0.61,0.61,0.16,-0.51,0.88
YRINGLGV,Q5MQD0,IPFSLNVQYRINGLGVTMDVLNKNQKLIATAFNNALLSIQNGFSATN,9,16,891.026,8.748,0.125,-31.175,0.5,0.375,0.125,1490,1490,0.3,0.759,1.1395,Probable Antigen,Allergen,-1.35,Non-Toxin,-0.03,0.68,0.68,0.31,-0.53,0.88
VVNSNAQA,Q5MQD0,ALAKIQSVVNSNAQALNSLLQQLFNKFGAISSSLQEILSRLDALEAQVQIDRLINGRLTALNAYVSQQLSDISLVKFGAALAMEKVNECVKSQSPRINFCGNGNHILSLVQNAPYGLLFMHFSYKPISFKTVLVSPGLCISG,8,15,801.845,5.495,0.0,8.75,0.25,0.375,0.25,0,0,0.088,-0.266,0.3832,Probable Non-Antigen,Allergen,-0.49,Non-Toxin,-0.08,0.65,0.65,0.16,-0.39,0.88
GAISSSL,Q5MQD0,ALAKIQSVVNSNAQALNSLLQQLFNKFGAISSSLQEILSRLDALEAQVQIDRLINGRLTALNAYVSQQLSDISLVKFGAALAMEKVNECVKSQSPRINFCGNGNHILSLVQNAPYGLLFMHFSYKPISFKTVLVSPGLCISG,28,34,633.692,5.525,0.0,51.471,0.286,0.571,0.286,0,0,1.043,-0.24,0.2951,Probable Non-Antigen,Allergen,-0.77,Non-Toxin,0.13,0.57,0.57,0.00,-0.46,0.43
CVKSQSPRINFCGNGNHI,Q5MQD0,ALAKIQSVVNSNAQALNSLLQQLFNKFGAISSSLQEILSRLDALEAQVQIDRLINGRLTALNAYVSQQLSDISLVKFGAALAMEKVNECVKSQSPRINFCGNGNHILSLVQNAPYGLLFMHFSYKPISFKTVLVSPGLCISG,89,106,1974.228,8.957,0.056,57.267,0.222,0.444,0.0,0,125,-0.478,1.826,-0.1983,Probable Non-Antigen,Allergen,-1.11,Non-Toxin,-0.19,0.62,0.62,0.49,-0.15,0.94
SIKSLNNSYINLKDIGTYE,Q5MQD0,IQESIKSLNNSYINLKDIGTYEMYVKWPWYVWLLISFSFIIFLVLLFFICCCTGC,4,22,2172.391,5.967,0.105,-7.9,0.368,0.368,0.158,2980,2980,-0.542,-0.535,1.1589,Probable Antigen,Allergen,-0.90,Non-Toxin,-0.16,0.65,0.65,0.45,-0.03,0.95
FSVDGYI,K9N5Q8,FYVYKLQPLTFLLDFSVDGYIRRAIDC,15,21,799.867,4.05,0.286,-25.029,0.571,0.286,0.0,1490,1490,0.786,-1.24,-0.5567,Probable Non-Antigen,Allergen,-0.49,Non-Toxin,0.15,0.68,0.68,0.00,-0.69,0.43
QYVCNGFQK,K9N5Q8,LSIPTNFSFGVTQEYIQTTIQKVTVDCKQYVCNGFQKCEQLLREYGQFCSKINQALHGANLRQD,29,37,1086.221,8.197,0.222,-16.189,0.333,0.222,0.0,1490,1490,-0.733,0.748,0.7298,Probable Antigen,Allergen,-0.76,Non-Toxin,-0.19,0.69,0.69,0.69,-0.41,1.00
GQFCSKI,K9N5Q8,LSIPTNFSFGVTQEYIQTTIQKVTVDCKQYVCNGFQKCEQLLREYGQFCSKINQALHGANLRQD,46,52,781.92,8.222,0.143,-14.329,0.286,0.286,0.0,0,0,0.171,0.749,1.2702,Probable Antigen,Allergen,-0.37,Non-Toxin,-0.07,0.66,0.66,0.70,-0.26,0.71
YRLNGVGI,K9N5Q8,IPFAQSIFYRLNGVGITQQVLSENQKLIANKFNQALGAMQTGFTTTN,9,16,891.026,8.748,0.125,-52.4,0.5,0.375,0.125,1490,1490,0.3,0.759,1.3325,Probable Antigen,Allergen,-1.28,Non-Toxin,-0.03,0.68,0.68,0.31,-0.53,0.88
AVNNNAQA,K9N5Q8,AFHKVQDAVNNNAQALSKLASELSNTFGAISASIGDIIQRLDVLEQDAQIDRLINGRLTTLNAFVAQQLVRSESAALSAQLAKDKVNECVKAQSKRSGFCGQGTHIVSFVVNAPNGLYFMHVGYYPSNHIEVVSAYGLCDAA,8,15,800.817,5.57,0.0,8.75,0.125,0.375,0.375,0,0,-0.55,-0.204,0.3433,Probable Non-Antigen,Allergen,-0.85,Non-Toxin,-0.16,0.65,0.65,0.16,-0.28,1.00
ELSNTFG,K9N5Q8,AFHKVQDAVNNNAQALSKLASELSNTFGAISASIGDIIQRLDVLEQDAQIDRLINGRLTTLNAFVAQQLVRSESAALSAQLAKDKVNECVKAQSKRSGFCGQGTHIVSFVVNAPNGLYFMHVGYYPSNHIEVVSAYGLCDAA,22,28,766.796,4.05,0.143,14.071,0.286,0.429,0.286,0,0,-0.329,-1.163,0.447,Probable Non-Antigen,Allergen,-1.14,Non-Toxin,-0.06,0.63,0.63,0.18,-0.17,0.71
SKRSGFCGQGTH,K9N5Q8,AFHKVQDAVNNNAQALSKLASELSNTFGAISASIGDIIQRLDVLEQDAQIDRLINGRLTTLNAFVAQQLVRSESAALSAQLAKDKVNECVKAQSKRSGFCGQGTHIVSFVVNAPNGLYFMHVGYYPSNHIEVVSAYGLCDAA,94,105,1264.371,9.5,0.083,65.875,0.083,0.417,0.0,0,0,-1.108,1.536,1.7132,Probable Antigen,Allergen,-0.64,Non-Toxin,-0.29,0.58,0.58,0.73,0.20,1.00
VNAPNGLY,K9N5Q8,AFHKVQDAVNNNAQALSKLASELSNTFGAISASIGDIIQRLDVLEQDAQIDRLINGRLTTLNAFVAQQLVRSESAALSAQLAKDKVNECVKAQSKRSGFCGQGTHIVSFVVNAPNGLYFMHVGYYPSNHIEVVSAYGLCDAA,111,118,846.927,5.494,0.125,14.038,0.375,0.5,0.25,1490,1490,-0.063,-0.267,-0.1351,Probable Non-Antigen,Allergen,-0.72,Non-Toxin,0.02,0.63,0.63,0.00,-0.71,0.62
GYYPSNH,K9N5Q8,AFHKVQDAVNNNAQALSKLASELSNTFGAISASIGDIIQRLDVLEQDAQIDRLINGRLTTLNAFVAQQLVRSESAALSAQLAKDKVNECVKAQSKRSGFCGQGTHIVSFVVNAPNGLYFMHVGYYPSNHIEVVSAYGLCDAA,123,129,836.847,6.739,0.286,59.214,0.286,0.571,0.0,2980,2980,-1.729,-0.155,0.2623,Probable Non-Antigen,Allergen,-0.28,Non-Toxin,-0.17,0.53,0.53,0.21,-0.66,0.86
LNESYID,K9N5Q8,LQQVVKALNESYIDLKELGNYTYYNKWPWYIWLGFIAGLVALALCVFFILCCTGC,8,14,852.885,4.05,0.143,36.086,0.429,0.286,0.286,1490,1490,-0.614,-2.234,0.6646,Probable Antigen,Allergen,-0.90,Non-Toxin,-0.14,0.67,0.67,0.18,0.09,0.86
KELGNYTYYNKWPWYI,K9N5Q8,LQQVVKALNESYIDLKELGNYTYYNKWPWYIWLGFIAGLVALALCVFFILCCTGC,16,31,2138.377,8.336,0.375,19.475,0.5,0.25,0.125,16960,16960,-1.231,0.757,0.8159,Probable Antigen,Allergen,-0.31,Non-Toxin,-0.13,0.63,0.63,0.54,-0.66,1.00
DVPDGFYSTSP,P15423,SVINRLRCDQLSFDVPDGFYSTSPIQSVELPVS,14,24,1184.208,4.05,0.182,89.328,0.273,0.455,0.0,1490,1490,-0.655,-2.239,0.4384,Probable Non-Antigen,Allergen,-0.90,Non-Toxin,-0.09,0.60,0.60,0.00,-0.01,0.55
CSTYVCNGNVR,P15423,LSIPSNWTTSVQVEYLQITSTPIVVDCSTYVCNGNVRCVELLKQYTSACKTIEDALRNSARLES,27,37,1215.36,8.058,0.091,-12.291,0.273,0.364,0.0,1490,1615,-0.118,0.739,0.2134,Probable Non-Antigen,Allergen,-0.40,Non-Toxin,-0.19,0.66,0.66,0.22,-0.36,1.00
VTSGLGT,P15423,AGRSAIEDILFSKLVTSGLGTVDA,15,21,633.692,5.495,0.0,-15.686,0.286,0.429,0.143,0,0,0.714,-0.266,0.6015,Probable Antigen,Allergen,-1.09,Non-Toxin,0.11,0.60,0.60,0.00,-0.54,0.43
YTGSLIG,P15423,KGLSIADLACAQYYNGIMVLPGVADAERMAMYTGSLIGGIALGGLTSAVS,32,38,709.788,5.524,0.143,-15.686,0.429,0.429,0.143,1490,1490,0.671,-0.241,0.4193,Probable Non-Antigen,Allergen,-1.01,Non-Toxin,0.17,0.62,0.62,0.00,-0.86,0.43
NIVDAFT,P15423,IPFSLAIQARLNYVALQTDVLQENQKILAASFNKAMTNIVDAFTGVN,38,44,778.85,4.05,0.143,37.743,0.429,0.143,0.143,0,0,0.8,-1.239,-0.1435,Probable Non-Antigen,Allergen,-1.09,Non-Toxin,0.08,0.67,0.67,0.00,-0.50,0.57
VNQQGNSLNHLT,P15423,ALNKIQDVVNQQGNSLNHLTSQLRQNFQAISSSIQAIYDRLDTIQADQQVDRLITGRLAALNVFVSHTLTKYTEVRASRQLAQQKVNECVKSQSKRYGFCGNGTHIFSIVNAAPEGLVFLHTVLLPTQYKDVEAWSGLCVDG,9,20,1324.399,6.711,0.0,11.858,0.25,0.417,0.167,0,0,-0.9,-0.179,0.3353,Probable Non-Antigen,Allergen,-1.10,Non-Toxin,-0.20,0.60,0.60,0.33,-0.39,1.08
CVKSQSKRYGFCGNGTH,P15423,ALNKIQDVVNQQGNSLNHLTSQLRQNFQAISSSIQAIYDRLDTIQADQQVDRLITGRLAALNVFVSHTLTKYTEVRASRQLAQQKVNECVKSQSKRYGFCGNGTHIFSIVNAAPEGLVFLHTVLLPTQYKDVEAWSGLCVDG,89,105,1872.093,9.389,0.118,31.376,0.176,0.353,0.0,1490,1615,-0.9,2.824,0.8837,Probable Antigen,Allergen,-0.33,Non-Toxin,-0.27,0.61,0.61,0.73,0.05,1.00
PRIPTMA,P15423,YRITSRIMFEPRIPTMADFV,11,17,784.967,10.18,0.0,11.314,0.143,0.286,0.286,0,0,-0.029,0.959,-0.0755,Probable Non-Antigen,Allergen,-1.10,Non-Toxin,-0.12,0.56,0.56,0.35,-0.14,0.71
LIDNINSTLV,P15423,LQTLIDNINSTLVDLKWLNRVETYIKWPWWVWLCISVVLIFVVSMLLLCCCSTGC,4,13,1101.25,4.05,0.0,52.94,0.5,0.3,0.2,0,0,0.88,-1.239,0.4265,Probable Non-Antigen,Allergen,-0.98,Non-Toxin,0.06,0.65,0.65,0.00,-0.54,0.70
IKWPWWV,P15423,LQTLIDNINSTLVDLKWLNRVETYIKWPWWVWLCISVVLIFVVSMLLLCCCSTGC,25,31,1014.221,8.75,0.429,-19.8,0.714,0.143,0.0,16500,16500,0.071,0.759,1.8128,Probable Antigen,Allergen,-0.60,Non-Toxin,0.17,0.56,0.56,0.52,-1.50,0.71
VSATNIQNL,Q6Q1S2,FWTVAFATFVDVLVNVSATNIQNLLYC,16,24,959.055,5.495,0.0,41.011,0.333,0.333,0.222,0,0,0.256,-0.266,1.318,Probable Antigen,Allergen,-1.21,Non-Toxin,-0.04,0.63,0.63,0.14,-0.57,0.89
LQDGFYS,Q6Q1S2,SPFEKLQCEHLQFGLQDGFYSANFLDDNVLPET,15,21,828.865,4.05,0.286,129.23,0.429,0.286,0.143,1490,1490,-0.414,-1.24,0.862,Probable Antigen,Allergen,-1.16,Non-Toxin,-0.05,0.65,0.65,0.18,-0.44,0.71
TYVCNGNPRCK,Q6Q1S2,LSIPSNWTTSVQVEYLQITSTPIVVDCATYVCNGNPRCKNLLKQYTSACKTIEDALRLSAHLET,29,39,1254.439,8.883,0.091,-21.764,0.182,0.364,0.0,1490,1615,-0.927,1.376,1.3831,Probable Antigen,Allergen,-0.39,Non-Toxin,-0.33,0.64,0.64,0.56,0.02,1.09
VNQQGSAL,Q6Q1S2,ALNKIQDVVNQQGSALNHLTSQLRHNFQAISNSIQAIYDRLDSIQADQQVDRLITGRLAALNAFVSQVLNKYTEVRGSRRLAQQKINECVKSQSNRYGFCGNGTHIFSIVNSAPDGLLFLHTVLLPTDYKNVKAWSGICVDG,9,16,815.871,5.495,0.0,23.4,0.25,0.375,0.25,0,0,-0.238,-0.266,0.2672,Probable Non-Antigen,Allergen,-1.14,Non-Toxin,-0.10,0.64,0.64,0.31,-0.36,0.88
VKSQSNRYGFCGNGTH,Q6Q1S2,ALNKIQDVVNQQGSALNHLTSQLRHNFQAISNSIQAIYDRLDSIQADQQVDRLITGRLAALNAFVSQVLNKYTEVRGSRRLAQQKINECVKSQSNRYGFCGNGTHIFSIVNSAPDGLLFLHTVLLPTDYKNVKAWSGICVDG,90,105,1754.88,9.311,0.125,17.05,0.188,0.438,0.0,1490,1490,-1.088,1.809,0.4567,Probable Non-Antigen,Allergen,-0.35,Non-Toxin,-0.27,0.62,0.62,0.55,-0.06,1.06
PRLPVLS,Q6Q1S2,FRVTSRVMFQPRLPVLSDFV,11,17,780.955,10.18,0.0,52.829,0.429,0.429,0.286,0,0,0.471,0.959,0.3531,Probable Non-Antigen,Allergen,-1.58,Non-Toxin,-0.08,0.53,0.53,0.35,-0.26,0.71
LIDQINSTYVD,Q6Q1S2,LQGLIDQINSTYVDLKLLNRFENYIKWPWWVWLIISVVFVVLLSLLVFCCLSTGC,4,14,1280.38,4.05,0.091,-4.573,0.455,0.182,0.091,1490,1490,0.018,-2.235,0.6849,Probable Antigen,Allergen,-0.61,Non-Toxin,-0.06,0.67,0.67,0.11,-0.26,0.82
RFENYIKWPWW,Q6Q1S2,LQGLIDQINSTYVDLKLLNRFENYIKWPWWVWLIISVVFVVLLSLLVFCCLSTGC,20,30,1624.839,8.59,0.455,-1.245,0.545,0.182,0.091,17990,17990,-1.245,0.761,1.1002,Probable Antigen,Allergen,-0.48,Non-Toxin,-0.16,0.61,0.61,0.67,-0.69,1.18
