peptide,protein_id,conserved_sequence,allele,#,start,end,peptide_length,proteasome_score,tap_score,mhci_score,processing_score,total_score,mhci_ic50,Mol_Weight,Isoelectric_Point,Aromaticity,Instability_Index,Helix_2_Struc,Turn_2_Struc,Sheet_2_Struc,Reduces_Cys,Disulfide_Bridge,Hydropathicity,Charge_at_pH7,Antigenicity_Score,Antigen_Prediction,Immunogenicity_Score,Allergen_Prediction,SVM_Score,Toxicity_Prediction,Hydrophobicity,Steric_hinderance,Sidebulk,Amphipathicity,Hydrophilicity,Net_Hydrogen
YLKPTTFML,P59594,YFVGYLKPTTFMLKYDENGTITDAVDC,HLA-A*02:01,1,5,13,9,1.4931,0.4025,-0.9685,1.8956,0.9271,9.3,1113.369,8.591,0.222,4.789,0.444,0.111,0.333,1490,1490,0.456,0.758,0.8734,Probable Antigen,-0.011,Allergen,-1.31,Non-Toxin,0.05,0.59,0.59,0.41,-0.83,0.56
MIAAYTAAL,P59594,GDINARDLICAQKFNGLTVLPPLLTDDMIAAYTAALVSGTATAGWTFGAG,HLA-A*02:01,1,28,36,9,1.3633,0.4396,-1.0294,1.8029,0.7735,10.7,924.115,5.275,0.111,-0.544,0.333,0.0,0.667,1490,1490,1.711,-0.501,0.1837,Probable Non-Antigen,0.141,Allergen,-1.09,Non-Toxin,0.26,0.59,0.59,0.00,-1.07,0.22
TDDMIAAY,P59594,GDINARDLICAQKFNGLTVLPPLLTDDMIAAYTAALVSGTATAGWTFGAG,HLA-A*01:01,1,25,32,8,1.3794,1.0714,-2.1804,2.4508,0.2704,151.5,898.977,4.05,0.125,8.75,0.25,0.0,0.375,1490,1490,0.125,-2.601,0.2893,Probable Non-Antigen,0.03,Allergen,-0.71,Non-Toxin,-0.01,0.66,0.66,0.00,-0.10,0.50
VLNDILSRL,P59594,ALGKLQDVVNQNAQALNTLVKQLSSNFGAISSVLNDILSRLDKVEAEVQIDRLITGRLQSLQTYVTQQLIRAAEIRASANLAATKMSECVLGQSKRVDFCGKGYHLMSFPQAAPHGVVFLHVTYVPSQERNFTTAPAICHEG,HLA-A*02:01,1,33,41,9,1.2901,0.4347,-1.2945,1.7249,0.4304,19.7,1042.23,5.807,0.0,51.689,0.556,0.222,0.333,0,0,0.867,-0.265,-0.8524,Probable Non-Antigen,0.03,Allergen,-0.92,Non-Toxin,-0.06,0.64,0.64,0.27,-0.24,0.89
FIAGLIAIV,P59594,LNEVAKNLNESLIDLQELGKYEQYIKWPWYVWLGFIAGLIAIVMVTILLCCMTSC,HLA-A*02:01,1,35,43,9,1.0929,0.1442,-0.9345,1.2371,0.3026,8.6,916.158,5.525,0.111,-0.544,0.667,0.111,0.333,0,0,3.056,-0.24,0.3162,Probable Non-Antigen,0.272,Allergen,-1.14,Non-Toxin,0.50,0.64,0.64,0.00,-1.36,0.00
YLQPRTFLL,P0DTC2,YYVGYLQPRTFLLKYNENGTITDAVDC,HLA-A*02:01,1,5,13,9,1.4479,0.3894,-0.6628,1.8373,1.1745,4.6,1150.369,8.748,0.222,71.844,0.556,0.111,0.333,1490,1490,0.289,0.759,0.4532,Probable Non-Antigen,0.131,Allergen,-1.43,Non-Toxin,-0.05,0.58,0.58,0.41,-0.82,0.89
VLNDILSRL,P0DTC2,ALGKLQDVVNQNAQALNTLVKQLSSNFGAISSVLNDILSRLDKVEAEVQIDRLITGRLQSLQTYVTQQLIRAAEIRASANLAATKMSECVLGQSKRVDFCGKGYHLMSFPQSAPHGVVFLHVTYVPAQEKNFTTAPAICHDG,HLA-A*02:01,1,33,41,9,1.2901,0.4347,-1.2945,1.7249,0.4304,19.7,1042.23,5.807,0.0,51.689,0.556,0.222,0.333,0,0,0.867,-0.265,-0.8524,Probable Non-Antigen,0.03,Allergen,-0.92,Non-Toxin,-0.06,0.64,0.64,0.27,-0.24,0.89
FIAGLIAIV,P0DTC2,LNEVAKNLNESLIDLQELGKYEQYIKWPWYIWLGFIAGLIAIVMVTIMLCCMTSC,HLA-A*02:01,1,35,43,9,1.0929,0.1442,-0.9345,1.2371,0.3026,8.6,916.158,5.525,0.111,-0.544,0.667,0.111,0.333,0,0,3.056,-0.24,0.3162,Probable Non-Antigen,0.272,Allergen,-1.14,Non-Toxin,0.50,0.64,0.64,0.00,-1.36,0.00
ILTEVNELL,P36334,IQIPSEFTIGNMVEFIQTSSPKVTIDCAAFVCGDYAACKSQLVEYGSFCDNINAILTEVNELLD,HLA-A*02:01,1,55,63,9,1.3138,0.4864,-0.9685,1.8001,0.8316,9.3,1043.211,4.05,0.0,51.689,0.556,0.111,0.556,0,0,0.989,-2.234,-0.1273,Probable Non-Antigen,0.225,Allergen,-1.63,Non-Toxin,0.09,0.63,0.63,0.28,-0.32,0.56
SLQEILSRL,P36334,ALVKIQAVVNANAEALNNLLQQLSNRFGAISASLQEILSRLDALEAEAQIDRLINGRLTALNAYVSQQLSDSTLVKFSAAQAMEKVNECVKSQSSRINFCGNGNHIISLVQNAPYGLYFIHFSYVPTKYVTARVSPGLCIAG,HLA-A*02:01,1,33,41,9,1.3653,0.5009,-1.4814,1.8662,0.3848,30.3,1058.229,5.718,0.0,130.711,0.444,0.222,0.444,0,0,0.311,-0.537,-0.5935,Probable Non-Antigen,0.073,Allergen,-0.64,Non-Toxin,-0.14,0.60,0.60,0.55,-0.04,1.00
ALNNLLQQL,P36334,ALVKIQAVVNANAEALNNLLQQLSNRFGAISASLQEILSRLDALEAEAQIDRLINGRLTALNAYVSQQLSDSTLVKFSAAQAMEKVNECVKSQSSRINFCGNGNHIISLVQNAPYGLYFIHFSYVPTKYVTARVSPGLCIAG,HLA-A*02:01,1,15,23,9,1.5724,0.3745,-1.8048,1.9469,0.1421,63.8,1026.187,5.57,0.0,66.511,0.444,0.222,0.556,0,0,0.333,-0.204,-0.5419,Probable Non-Antigen,-0.195,Allergen,-1.16,Non-Toxin,-0.03,0.61,0.61,0.28,-0.77,0.89
RLTALNAYV,P36334,ALVKIQAVVNANAEALNNLLQQLSNRFGAISASLQEILSRLDALEAEAQIDRLINGRLTALNAYVSQQLSDSTLVKFSAAQAMEKVNECVKSQSSRINFCGNGNHIISLVQNAPYGLYFIHFSYVPTKYVTARVSPGLCIAG,HLA-A*02:01,1,57,65,9,0.8948,0.2214,-1.0645,1.1162,0.0518,11.6,1020.183,8.748,0.111,8.889,0.444,0.111,0.444,1490,1490,0.6,0.759,0.3444,Probable Non-Antigen,0.066,Allergen,-0.97,Non-Toxin,-0.05,0.61,0.61,0.27,-0.62,0.89
WMYTGSGYYY,P36334,WMYTGSGYYYPEPITENNVV,HLA-A*03:01,1,1,10,10,1.1608,1.3381,-2.0228,2.4988,0.476,105.4,1290.398,5.522,0.5,55.57,0.5,0.3,0.1,11460,11460,-0.65,-0.244,0.613,Probable Antigen,-0.064,Allergen,-0.81,Non-Toxin,0.06,0.65,0.65,0.00,-1.40,0.70
ILNEVNDLL,Q0ZME7,IQIPTNFTIAGHEEFIQTSSPKVTIDCSAFVCSNYAACHDLLSEYGTFCDNINSILNEVNDLLD,HLA-A*02:01,1,55,63,9,1.2428,0.4176,-0.9395,1.6605,0.721,8.7,1042.183,4.05,0.0,30.289,0.556,0.222,0.444,0,0,0.678,-2.236,0.0303,Probable Non-Antigen,0.145,Allergen,-1.23,Non-Toxin,0.03,0.66,0.66,0.14,-0.26,0.67
SLQEILSRL,Q0ZME7,ALAKIQSVVNANAQALNSLLQQLFNKFGAISSSLQEILSRLDNLEAQVQIDRLINGRLTALNAYVSQQLSDITLIKAGASRAIEKVNECVKSQSPRINFCGNGNHILSLVQNAPYGLLFIHFSYKPTSFKTVLVSPGLCLSG,HLA-A*02:01,1,33,41,9,1.3533,0.4572,-1.4814,1.8105,0.3291,30.3,1058.229,5.718,0.0,130.711,0.444,0.222,0.444,0,0,0.311,-0.537,-0.5935,Probable Non-Antigen,0.073,Allergen,-0.64,Non-Toxin,-0.14,0.60,0.60,0.55,-0.04,1.00
ALNSLLQQL,Q0ZME7,ALAKIQSVVNANAQALNSLLQQLFNKFGAISSSLQEILSRLDNLEAQVQIDRLINGRLTALNAYVSQQLSDITLIKAGASRAIEKVNECVKSQSPRINFCGNGNHILSLVQNAPYGLLFIHFSYKPTSFKTVLVSPGLCLSG,HLA-A*02:01,1,15,23,9,1.4713,0.4259,-1.7466,1.8972,0.1506,55.8,999.162,5.57,0.0,66.511,0.444,0.222,0.556,0,0,0.633,-0.204,-0.4196,Probable Non-Antigen,-0.355,Allergen,-1.20,Non-Toxin,0.01,0.59,0.59,0.28,-0.76,0.78
RLTALNAYV,Q0ZME7,ALAKIQSVVNANAQALNSLLQQLFNKFGAISSSLQEILSRLDNLEAQVQIDRLINGRLTALNAYVSQQLSDITLIKAGASRAIEKVNECVKSQSPRINFCGNGNHILSLVQNAPYGLLFIHFSYKPTSFKTVLVSPGLCLSG,HLA-A*02:01,1,57,65,9,0.8948,0.2214,-1.0645,1.1162,0.0518,11.6,1020.183,8.748,0.111,8.889,0.444,0.111,0.444,1490,1490,0.6,0.759,0.3444,Probable Non-Antigen,0.066,Allergen,-0.97,Non-Toxin,-0.05,0.61,0.61,0.27,-0.62,0.89
WMFTGSSYYY,Q0ZME7,WMFTGSSYYYPEPISDKNVV,HLA-A*03:01,1,1,10,10,1.1501,1.3055,-2.1123,2.4556,0.3434,129.5,1304.424,5.523,0.5,68.13,0.5,0.3,0.1,9970,9970,-0.28,-0.243,0.7524,Probable Antigen,-0.212,Allergen,-0.75,Non-Toxin,0.08,0.64,0.64,0.00,-1.39,0.70
SLNSSFINL,Q0ZME7,IQESIKSLNSSFINLKEIGTYEMYVKWPWYIWLLIVILFIIFLMILFFICCCTGC,HLA-A*02:01,1,7,15,9,1.5209,0.4510,-1.6928,1.9718,0.279,49.3,994.099,5.24,0.111,30.289,0.444,0.556,0.222,0,0,0.611,-0.54,0.9237,Probable Antigen,-0.111,Allergen,-0.59,Non-Toxin,0.04,0.62,0.62,0.00,-0.73,0.78
ILNEVNDLL,Q14EB0,IQIPTNFTIAGHEEFIQTSSPKVTIDCSAFVCSNYAACHDLLSEYGTFCDNINSILNEVNDLLD,HLA-A*02:01,1,55,63,9,1.2428,0.4176,-0.9395,1.6605,0.721,8.7,1042.183,4.05,0.0,30.289,0.556,0.222,0.444,0,0,0.678,-2.236,0.0303,Probable Non-Antigen,0.145,Allergen,-1.23,Non-Toxin,0.03,0.66,0.66,0.14,-0.26,0.67
SLQEILSRL,Q14EB0,ALAKIQSVVNANAQALNSLLQQLFNKFGAISSSLQEILSRLDNLEAQVQIDRLINGRLTALNAYVSQQLSDITLIKAGASRAIEKVNECVKSQSPRINFCGNGNHILSLVQNAPYGLLFIHFSYKPTSFKTVLVSPGLCLSG,HLA-A*02:01,1,33,41,9,1.3533,0.4572,-1.4814,1.8105,0.3291,30.3,1058.229,5.718,0.0,130.711,0.444,0.222,0.444,0,0,0.311,-0.537,-0.5935,Probable Non-Antigen,0.073,Allergen,-0.64,Non-Toxin,-0.14,0.60,0.60,0.55,-0.04,1.00
ALNSLLQQL,Q14EB0,ALAKIQSVVNANAQALNSLLQQLFNKFGAISSSLQEILSRLDNLEAQVQIDRLINGRLTALNAYVSQQLSDITLIKAGASRAIEKVNECVKSQSPRINFCGNGNHILSLVQNAPYGLLFIHFSYKPTSFKTVLVSPGLCLSG,HLA-A*02:01,1,15,23,9,1.4713,0.4259,-1.7466,1.8972,0.1506,55.8,999.162,5.57,0.0,66.511,0.444,0.222,0.556,0,0,0.633,-0.204,-0.4196,Probable Non-Antigen,-0.355,Allergen,-1.20,Non-Toxin,0.01,0.59,0.59,0.28,-0.76,0.78
RLTALNAYV,Q14EB0,ALAKIQSVVNANAQALNSLLQQLFNKFGAISSSLQEILSRLDNLEAQVQIDRLINGRLTALNAYVSQQLSDITLIKAGASRAIEKVNECVKSQSPRINFCGNGNHILSLVQNAPYGLLFIHFSYKPTSFKTVLVSPGLCLSG,HLA-A*02:01,1,57,65,9,0.8948,0.2214,-1.0645,1.1162,0.0518,11.6,1020.183,8.748,0.111,8.889,0.444,0.111,0.444,1490,1490,0.6,0.759,0.3444,Probable Non-Antigen,0.066,Allergen,-0.97,Non-Toxin,-0.05,0.61,0.61,0.27,-0.62,0.89
WMFTGSSYYY,Q14EB0,WMFTGSSYYYPEPISDKNVV,HLA-A*03:01,1,1,10,10,1.1501,1.3055,-2.1123,2.4556,0.3434,129.5,1304.424,5.523,0.5,68.13,0.5,0.3,0.1,9970,9970,-0.28,-0.243,0.7524,Probable Antigen,-0.212,Allergen,-0.75,Non-Toxin,0.08,0.64,0.64,0.00,-1.39,0.70
SLNSSFINL,Q14EB0,IQESIKSLNSSFINLKEIGTYEMYVKWPWYIWLLIVILFIIFLMILFFICCCTGC,HLA-A*02:01,1,7,15,9,1.5209,0.4510,-1.6928,1.9718,0.279,49.3,994.099,5.24,0.111,30.289,0.444,0.556,0.222,0,0,0.611,-0.54,0.9237,Probable Antigen,-0.111,Allergen,-0.59,Non-Toxin,0.04,0.62,0.62,0.00,-0.73,0.78
KSLLPNTGVY,Q5MQD0,SFFSEIQCKTKSLLPNTGVYDLSGFTVKPVATV,HLA-A*03:01,1,11,20,10,1.3464,1.3455,-2.5561,2.6919,0.1359,359.8,1091.257,8.591,0.1,3.74,0.4,0.4,0.2,1490,1490,-0.04,0.758,-0.071,Probable Non-Antigen,0.057,Allergen,-1.34,Non-Toxin,-0.05,0.60,0.60,0.37,-0.43,0.70
NKTYNIFPCY,Q5MQD0,TNKTYNIFPCYAGRVSA,HLA-A*03:01,1,2,11,10,1.5520,1.2959,-2.8073,2.8479,0.0406,641.7,1262.433,8.175,0.3,88.34,0.4,0.3,0.0,2980,2980,-0.6,0.747,1.0733,Probable Antigen,0.202,Allergen,-0.31,Non-Toxin,-0.12,0.65,0.65,0.37,-0.69,0.90
ILDEVNGLL,Q5MQD0,IKIPTNFTIVGQEEFIQTNSPKVTIDCSLFVCSNYAACHDLLSEYGTFCDNINSILDEVNGLLD,HLA-A*02:01,1,55,63,9,1.1961,0.3820,-1.2455,1.5781,0.3326,17.6,985.132,4.05,0.0,13.589,0.556,0.222,0.444,0,0,1.022,-2.236,-0.0175,Probable Non-Antigen,0.164,Allergen,-1.25,Non-Toxin,0.12,0.65,0.65,0.14,-0.28,0.44
SILDEVNGL,Q5MQD0,IKIPTNFTIVGQEEFIQTNSPKVTIDCSLFVCSNYAACHDLLSEYGTFCDNINSILDEVNGLLD,HLA-A*02:01,1,54,62,9,1.5791,0.5643,-2.1082,2.1434,0.0352,128.3,959.052,4.05,0.0,13.589,0.444,0.333,0.333,0,0,0.511,-2.536,0.2435,Probable Non-Antigen,0.169,Allergen,-1.16,Non-Toxin,0.03,0.65,0.65,0.14,-0.04,0.56
SLQEILSRL,Q5MQD0,ALAKIQSVVNSNAQALNSLLQQLFNKFGAISSSLQEILSRLDALEAQVQIDRLINGRLTALNAYVSQQLSDISLVKFGAALAMEKVNECVKSQSPRINFCGNGNHILSLVQNAPYGLLFMHFSYKPISFKTVLVSPGLCISG,HLA-A*02:01,1,33,41,9,1.3653,0.4572,-1.4814,1.8225,0.3411,30.3,1058.229,5.718,0.0,130.711,0.444,0.222,0.444,0,0,0.311,-0.537,-0.5935,Probable Non-Antigen,0.073,Allergen,-0.64,Non-Toxin,-0.14,0.60,0.60,0.55,-0.04,1.00
ALNSLLQQL,Q5MQD0,ALAKIQSVVNSNAQALNSLLQQLFNKFGAISSSLQEILSRLDALEAQVQIDRLINGRLTALNAYVSQQLSDISLVKFGAALAMEKVNECVKSQSPRINFCGNGNHILSLVQNAPYGLLFMHFSYKPISFKTVLVSPGLCISG,HLA-A*02:01,1,15,23,9,1.4713,0.4259,-1.7466,1.8972,0.1506,55.8,999.162,5.57,0.0,66.511,0.444,0.222,0.556,0,0,0.633,-0.204,-0.4196,Probable Non-Antigen,-0.355,Allergen,-1.20,Non-Toxin,0.01,0.59,0.59,0.28,-0.76,0.78
RLTALNAYV,Q5MQD0,ALAKIQSVVNSNAQALNSLLQQLFNKFGAISSSLQEILSRLDALEAQVQIDRLINGRLTALNAYVSQQLSDISLVKFGAALAMEKVNECVKSQSPRINFCGNGNHILSLVQNAPYGLLFMHFSYKPISFKTVLVSPGLCISG,HLA-A*02:01,1,57,65,9,0.8948,0.2214,-1.0645,1.1162,0.0518,11.6,1020.183,8.748,0.111,8.889,0.444,0.111,0.444,1490,1490,0.6,0.759,0.3444,Probable Non-Antigen,0.066,Allergen,-0.97,Non-Toxin,-0.05,0.61,0.61,0.27,-0.62,0.89
HFSYKPISFK,Q5MQD0,ALAKIQSVVNSNAQALNSLLQQLFNKFGAISSSLQEILSRLDALEAQVQIDRLINGRLTALNAYVSQQLSDISLVKFGAALAMEKVNECVKSQSPRINFCGNGNHILSLVQNAPYGLLFMHFSYKPISFKTVLVSPGLCISG,HLA-A*03:01,1,121,130,10,0.8128,0.2497,-1.0414,1.0625,0.0211,11.0,1253.447,9.703,0.3,-23.94,0.4,0.3,0.0,1490,1490,-0.54,1.844,2.2983,Probable Antigen,-0.224,Allergen,-1.11,Non-Toxin,-0.12,0.56,0.56,0.88,-0.30,0.80
WMFTGSSYYY,Q5MQD0,WMFTGSSYYYPEPISDKNVV,HLA-A*03:01,1,1,10,10,1.1501,1.3055,-2.1123,2.4556,0.3434,129.5,1304.424,5.523,0.5,68.13,0.5,0.3,0.1,9970,9970,-0.28,-0.243,0.7524,Probable Antigen,-0.212,Allergen,-0.75,Non-Toxin,0.08,0.64,0.64,0.00,-1.39,0.70
LLISFSFII,Q5MQD0,IQESIKSLNNSYINLKDIGTYEMYVKWPWYVWLLISFSFIIFLVLLFFICCCTGC,HLA-A*02:01,1,33,41,9,1.1203,0.2477,-1.0492,1.3679,0.3187,11.2,1052.306,5.525,0.222,8.889,0.778,0.222,0.222,0,0,2.789,-0.24,1.091,Probable Antigen,0.012,Allergen,-1.01,Non-Toxin,0.44,0.62,0.62,0.00,-1.49,0.22
SLNNSYINL,Q5MQD0,IQESIKSLNNSYINLKDIGTYEMYVKWPWYVWLLISFSFIIFLVLLFFICCCTGC,HLA-A*02:01,1,7,15,9,1.7401,0.4510,-2.1300,2.1911,0.0611,134.9,1037.124,5.24,0.111,8.889,0.444,0.556,0.222,1490,1490,-0.144,-0.541,0.9582,Probable Antigen,-0.065,Allergen,-0.69,Non-Toxin,-0.07,0.64,0.64,0.00,-0.72,1.00
KLQPLTFLL,K9N5Q8,FYVYKLQPLTFLLDFSVDGYIRRAIDC,HLA-A*02:01,1,5,13,9,1.2873,0.4350,-0.8325,1.7222,0.8897,6.8,1072.34,8.75,0.111,70.789,0.556,0.111,0.444,0,0,0.922,0.759,1.1493,Probable Antigen,0.069,Allergen,-1.08,Non-Toxin,0.08,0.56,0.56,0.55,-0.77,0.56
SLLGSIAGV,K9N5Q8,GPASARDLICAQYVAGYKVLPPLMDVNMEAAYTSSLLGSIAGVGWTAGLS,HLA-A*02:01,1,35,43,9,0.9276,0.1981,-0.7076,1.1256,0.4181,5.1,815.954,5.24,0.0,8.889,0.444,0.444,0.333,0,0,1.744,-0.54,0.2283,Probable Non-Antigen,0.048,Allergen,-0.97,Non-Toxin,0.26,0.60,0.60,0.00,-0.76,0.22
GLYFMHVGYY,K9N5Q8,AFHKVQDAVNNNAQALSKLASELSNTFGAISASIGDIIQRLDVLEQDAQIDRLINGRLTTLNAFVAQQLVRSESAALSAQLAKDKVNECVKAQSKRSGFCGQGTHIVSFVVNAPNGLYFMHVGYYPSNHIEVVSAYGLCDAA,HLA-A*03:01,1,116,125,10,1.0534,1.3431,-2.0056,2.3966,0.391,101.3,1249.435,6.738,0.4,61.64,0.6,0.2,0.2,4470,4470,0.48,-0.156,1.4346,Probable Antigen,0.042,Allergen,-0.47,Non-Toxin,0.19,0.62,0.62,0.14,-1.45,0.40
RLTTLNAFV,K9N5Q8,AFHKVQDAVNNNAQALSKLASELSNTFGAISASIGDIIQRLDVLEQDAQIDRLINGRLTTLNAFVAQQLVRSESAALSAQLAKDKVNECVKAQSKRSGFCGQGTHIVSFVVNAPNGLYFMHVGYYPSNHIEVVSAYGLCDAA,HLA-A*02:01,1,57,65,9,1.1481,0.2214,-1.2148,1.3695,0.1546,16.4,1034.209,9.75,0.111,8.889,0.444,0.111,0.333,0,0,0.778,0.76,-0.078,Probable Non-Antigen,0.136,Allergen,-1.17,Non-Toxin,-0.03,0.61,0.61,0.27,-0.63,0.89
SLAIQARLNY,P15423,IPFSLAIQARLNYVALQTDVLQENQKILAASFNKAMTNIVDAFTGVN,HLA-A*03:01,1,4,13,10,1.3908,1.2631,-2.5147,2.6539,0.1392,327.1,1148.312,8.463,0.1,9.0,0.4,0.2,0.4,1490,1490,0.21,0.459,1.5546,Probable Antigen,0.107,Allergen,-1.40,Non-Toxin,-0.10,0.61,0.61,0.37,-0.50,1.00
RLAALNVFV,P15423,ALNKIQDVVNQQGNSLNHLTSQLRQNFQAISSSIQAIYDRLDTIQADQQVDRLITGRLAALNVFVSHTLTKYTEVRASRQLAQQKVNECVKSQSKRYGFCGNGTHIFSIVNAAPEGLVFLHTVLLPTQYKDVEAWSGLCVDG,HLA-A*02:01,1,57,65,9,1.2838,0.2444,-0.7709,1.5282,0.7573,5.9,1002.21,9.75,0.111,8.889,0.556,0.111,0.444,0,0,1.6,0.76,-0.1379,Probable Non-Antigen,0.138,Allergen,-1.32,Non-Toxin,0.09,0.63,0.63,0.27,-0.77,0.67
VLRQPNLALY,P15423,GYVLRQPNLALYK,HLA-A*03:01,1,3,12,10,1.2671,1.3040,-2.3416,2.5711,0.2294,219.6,1186.403,8.718,0.1,66.78,0.5,0.2,0.4,1490,1490,0.3,0.733,0.3932,Probable Non-Antigen,-0.101,Allergen,-1.02,Non-Toxin,-0.08,0.60,0.60,0.37,-0.63,0.90
TLQELSYKL,P15423,DVNKTLQELSYKLPN,HLA-A*02:01,1,5,13,9,1.3909,0.4455,-1.3365,1.8364,0.4999,21.7,1094.258,5.663,0.111,57.078,0.444,0.111,0.444,1490,1490,-0.256,-0.601,0.9348,Probable Antigen,-0.233,Allergen,-0.93,Non-Toxin,-0.14,0.60,0.60,0.69,-0.18,0.89
SIIGAMTAV,Q6Q1S2,QQSIIGAMTAVNESR,HLA-A*02:01,1,3,11,9,1.0565,0.2226,-1.0294,1.2791,0.2497,10.7,862.046,5.24,0.0,-3.744,0.333,0.222,0.333,0,0,1.867,-0.54,0.4773,Probable Non-Antigen,0.006,Allergen,-1.08,Non-Toxin,0.28,0.63,0.63,0.00,-0.83,0.22
ALQARLNYV,Q6Q1S2,IPFSLALQARLNYVALQTDVLQENQKILAASFNKAINNIVASFSSVN,HLA-A*02:01,1,6,14,9,1.0946,0.2136,-1.1399,1.3082,0.1683,13.8,1047.208,8.793,0.111,45.111,0.444,0.111,0.444,1490,1490,0.289,0.795,1.2972,Probable Antigen,0.034,Allergen,-1.05,Non-Toxin,-0.11,0.62,0.62,0.41,-0.56,1.00
SLALQARLNY,Q6Q1S2,IPFSLALQARLNYVALQTDVLQENQKILAASFNKAINNIVASFSSVN,HLA-A*03:01,1,4,13,10,1.3908,1.2631,-2.5793,2.6539,0.0746,379.6,1148.312,8.463,0.1,41.6,0.4,0.2,0.5,1490,1490,0.14,0.459,1.5269,Probable Antigen,-0.038,Allergen,-1.05,Non-Toxin,-0.12,0.60,0.60,0.37,-0.50,1.00
LLFLHTVLL,Q6Q1S2,ALNKIQDVVNQQGSALNHLTSQLRHNFQAISNSIQAIYDRLDSIQADQQVDRLITGRLAALNAFVSQVLNKYTEVRGSRRLAQQKINECVKSQSNRYGFCGNGTHIFSIVNSAPDGLLFLHTVLLPTDYKNVKAWSGICVDG,HLA-A*02:01,1,117,125,9,1.5575,0.4627,-1.3345,2.0203,0.6858,21.6,1068.351,6.741,0.111,0.511,0.778,0.0,0.556,0,0,2.456,-0.153,0.3774,Probable Non-Antigen,0.123,Allergen,-0.88,Non-Toxin,0.36,0.51,0.51,0.16,-1.54,0.22
RLAALNAFV,Q6Q1S2,ALNKIQDVVNQQGSALNHLTSQLRHNFQAISNSIQAIYDRLDSIQADQQVDRLITGRLAALNAFVSQVLNKYTEVRGSRRLAQQKINECVKSQSNRYGFCGNGTHIFSIVNSAPDGLLFLHTVLLPTDYKNVKAWSGICVDG,HLA-A*02:01,1,57,65,9,1.0415,0.2444,-0.8261,1.2858,0.4597,6.7,974.157,9.75,0.111,8.889,0.444,0.111,0.556,0,0,1.333,0.76,-0.1075,Probable Non-Antigen,0.137,Allergen,-1.26,Non-Toxin,0.06,0.61,0.61,0.27,-0.66,0.67
ALNHLTSQL,Q6Q1S2,ALNKIQDVVNQQGSALNHLTSQLRHNFQAISNSIQAIYDRLDSIQADQQVDRLITGRLAALNAFVSQVLNKYTEVRGSRRLAQQKINECVKSQSNRYGFCGNGTHIFSIVNSAPDGLLFLHTVLLPTDYKNVKAWSGICVDG,HLA-A*02:01,1,15,23,9,1.6654,0.4705,-2.0350,2.1359,0.1009,108.4,996.118,6.786,0.0,30.289,0.333,0.222,0.444,0,0,0.167,-0.117,0.0894,Probable Non-Antigen,-0.151,Allergen,-1.13,Non-Toxin,-0.04,0.51,0.51,0.30,-0.68,0.78
VLRQPNLVLY,Q6Q1S2,GYVLRQPNLVLYS,HLA-A*03:01,1,3,12,10,1.4911,1.3040,-2.3247,2.7951,0.4704,211.2,1214.456,8.718,0.1,66.78,0.6,0.2,0.3,1490,1490,0.54,0.733,0.3452,Probable Non-Antigen,-0.099,Allergen,-1.09,Non-Toxin,-0.05,0.62,0.62,0.37,-0.73,0.90
