peptide,Ala (A),Arg (R),Asn (N),Asp (D),Cys (C),Gln (Q),Glu (E),Gly (G),His (H),Ile (I),Leu (L),Lys (K),Met (M),Phe (F),Pro (P),Ser (S),Thr (T),Trp (W),Tyr (Y),Val (V),Pyl (O),Sec (U)
GGNYNYLYRLFRKS,0,2,2,0,0,0,0,2,0,0,2,1,0,1,0,1,0,0,3,0,0,0
LMWLSYFIASFRLFA,2,1,0,0,0,0,0,0,0,1,3,0,1,3,0,2,0,1,1,0,0,0
ALQIPFAMQMAYRFN,3,1,1,0,0,2,0,0,0,1,1,0,2,2,1,0,0,0,1,0,0,0
FVIRGDEVRQIA,1,2,0,1,0,1,1,1,0,2,0,0,0,1,0,0,0,0,0,2,0,0
FEYVSQPFLMDLE,0,0,0,1,0,1,2,0,0,0,2,0,1,2,1,1,0,0,1,1,0,0
HWPQIAQFAPSASAFF,4,0,0,0,0,2,0,0,1,1,0,0,0,3,2,2,0,1,0,0,0,0
PQIAQFAPSASAFF,4,0,0,0,0,2,0,0,0,1,0,0,0,3,2,2,0,0,0,0,0,0
INWITGGIAIAMACL,3,0,1,0,1,0,0,2,0,4,1,0,1,0,0,0,1,1,0,0,0,0
LLIVNNATNVVIKV,1,0,3,0,0,0,0,0,0,2,2,1,0,0,0,0,1,0,0,4,0,0
NNAAIVLQLPQGTTLPK,2,0,2,0,0,2,0,1,0,1,3,1,0,0,2,0,2,0,0,1,0,0
NILLNVPLHGTIL,0,0,2,0,0,0,0,1,1,2,4,0,0,0,1,0,1,0,0,1,0,0
FNFNGLTGTGVLT,0,0,2,0,0,0,0,3,0,0,2,0,0,2,0,0,3,0,0,1,0,0
IGYYRRATRRIRGG,1,5,0,0,0,0,0,3,0,2,0,0,0,0,0,0,1,0,2,0,0,0
TRNPANNAAIVLQLP,3,1,3,0,0,1,0,0,0,1,2,0,0,0,2,0,1,0,0,1,0,0
NYLYRLFRKSNLKPF,0,2,2,0,0,0,0,0,0,0,3,2,0,2,1,1,0,0,2,0,0,0
QIPFAMQMAYRFNG,2,1,1,0,0,2,0,1,0,1,0,0,2,2,1,0,0,0,1,0,0,0
RFLYIIKLIFLWLLW,0,1,0,0,0,0,0,0,0,3,5,1,0,2,0,0,0,2,1,0,0,0
GYYRRATRRIRGGD,1,5,0,1,0,0,0,3,0,1,0,0,0,0,0,0,1,0,2,0,0,0
RFASVYAWNRKRISN,2,3,2,0,0,0,0,0,0,1,0,1,0,1,0,2,0,1,1,1,0,0
LSYFIASFRLFARTRS,2,3,0,0,0,0,0,0,0,1,2,0,0,3,0,3,1,0,1,0,0,0
YRVVVLSFELLHAP,1,1,0,0,0,0,1,0,1,0,3,0,0,1,1,1,0,0,1,3,0,0
EQWNLVIGFLFLTW,0,0,1,0,0,1,1,1,0,1,3,0,0,2,0,0,1,2,0,1,0,0
GLMWLSYFIASFRLF,1,1,0,0,0,0,0,1,0,1,3,0,1,3,0,2,0,1,1,0,0,0
NYNYLYRLFRKSNL,0,2,3,0,0,0,0,0,0,0,3,1,0,1,0,1,0,0,3,0,0,0
LLIVNNATNVVIKV,1,0,3,0,0,0,0,0,0,2,2,1,0,0,0,0,1,0,0,4,0,0
LLIVNNATNVVIK,1,0,3,0,0,0,0,0,0,2,2,1,0,0,0,0,1,0,0,3,0,0
FLPFFSNVTWFHAI,1,0,1,0,0,0,0,0,1,1,1,0,0,4,1,1,1,1,0,1,0,0
NYLYRLFRKSNLKPFE,0,2,2,0,0,0,1,0,0,0,3,2,0,2,1,1,0,0,2,0,0,0
YKHWPQIAQFAPSASAFF,4,0,0,0,0,2,0,0,1,1,0,1,0,3,2,2,0,1,1,0,0,0
GNYNYLYRLFRKSNLK,0,2,3,0,0,0,0,1,0,0,3,2,0,1,0,1,0,0,3,0,0,0
INITRFQTLLALHRS,1,2,1,0,0,1,0,0,1,2,3,0,0,1,0,1,2,0,0,0,0,0
TPINLVRDLPQGFSAL,1,1,1,1,0,1,0,1,0,1,3,0,0,1,2,1,1,0,0,1,0,0
IGYYRRATRRIRG,1,5,0,0,0,0,0,2,0,2,0,0,0,0,0,0,1,0,2,0,0,0
SIVRFPNITNLCP,0,1,2,0,1,0,0,0,0,2,1,0,0,1,2,1,1,0,0,1,0,0
AVYRINWITGGIA,2,1,1,0,0,0,0,2,0,3,0,0,0,0,0,0,1,1,1,1,0,0
IIKLIFLWLLWPVT,0,0,0,0,0,0,0,0,0,3,4,1,0,1,1,0,1,2,0,1,0,0
NLVIGFLFLTWICLLQF,0,0,1,0,1,1,0,1,0,2,5,0,0,3,0,0,1,1,0,1,0,0
VFLVLLPLVSSQCVNL,0,0,1,0,1,1,0,0,0,0,5,0,0,1,1,2,0,0,0,4,0,0
GTWLTYTGAIKLDD,1,0,0,2,0,0,0,2,0,1,2,1,0,0,0,0,3,1,1,0,0,0
ITRFQTLLALHRS,1,2,0,0,0,1,0,0,1,1,3,0,0,1,0,1,2,0,0,0,0,0
NQKLIANQFNSAIG,2,0,3,0,0,2,0,1,0,2,1,1,0,1,0,1,0,0,0,0,0,0
AYANRNRFLYIIKLIF,2,2,2,0,0,0,0,0,0,3,2,1,0,2,0,0,0,0,2,0,0,0
YIWLGFIAGLIAIVMV,2,0,0,0,0,0,0,2,0,4,2,0,1,1,0,0,0,1,1,2,0,0
ATRFASVYAWNRKR,3,3,1,0,0,0,0,0,0,0,0,1,0,1,0,1,1,1,1,1,0,0
QWNLVIGFLFLTWICL,0,0,1,0,1,1,0,1,0,2,4,0,0,2,0,0,1,2,0,1,0,0
SGTWLTYTGAIKL,1,0,0,0,0,0,0,2,0,1,2,1,0,0,0,1,3,1,1,0,0,0
GLMWLSYFIASFRLFA,2,1,0,0,0,0,0,1,0,1,3,0,1,3,0,2,0,1,1,0,0,0
WLSYFIASFRLFART,2,2,0,0,0,0,0,0,0,1,2,0,0,3,0,2,1,1,1,0,0,0
WTFGAGAALQIPF,3,0,0,0,0,1,0,2,0,1,1,0,0,2,1,0,1,1,0,0,0,0
PYRVVVLSFELLHAPAT,2,1,0,0,0,0,1,0,1,0,3,0,0,1,2,1,1,0,1,3,0,0
LDSKTQSLLIVNNATNV,1,0,3,1,0,1,0,0,0,1,3,1,0,0,0,2,2,0,0,2,0,0
TQSLLIVNNATNVVIK,1,0,3,0,0,1,0,0,0,2,2,1,0,0,0,1,2,0,0,3,0,0
WLSYFIASFRLF,1,1,0,0,0,0,0,0,0,1,2,0,0,3,0,2,0,1,1,0,0,0
EVFNATRFASVYAW,3,1,1,0,0,0,1,0,0,0,0,0,0,2,0,1,1,1,1,2,0,0
TESIVRFPNITNLCPF,0,1,2,0,1,0,1,0,0,2,1,0,0,2,2,1,2,0,0,1,0,0
IGFLFLTWICLLQFAYA,2,0,0,0,1,1,0,1,0,2,4,0,0,3,0,0,1,1,1,0,0,0
QSLLIVNNATNVVI,1,0,3,0,0,1,0,0,0,2,2,0,0,0,0,1,1,0,0,3,0,0
VGGNYNYLYRLFRKSN,0,2,3,0,0,0,0,2,0,0,2,1,0,1,0,1,0,0,3,1,0,0
VFNATRFASVYAW,3,1,1,0,0,0,0,0,0,0,0,0,0,2,0,1,1,1,1,2,0,0
ASFRLFARTRSMWS,2,3,0,0,0,0,0,0,0,0,1,0,1,2,0,3,1,1,0,0,0,0
IVNNATNVVIKVC,1,0,3,0,1,0,0,0,0,2,0,1,0,0,0,0,1,0,0,4,0,0
QLIRAAEIRASA,4,2,0,0,0,1,1,0,0,2,1,0,0,0,0,1,0,0,0,0,0,0
TLSYYKLGASQRVAGDSG,2,1,0,1,0,1,0,3,0,0,2,1,0,0,0,3,1,0,2,1,0,0
FKNIDGYFKIYSKHTPI,0,0,1,1,0,0,0,1,1,3,0,3,0,2,1,1,1,0,2,0,0,0
LSYFIASFRLFA,2,1,0,0,0,0,0,0,0,1,2,0,0,3,0,2,0,0,1,0,0,0
RSFIEDLLFNKVT,0,1,1,1,0,0,1,0,0,1,2,1,0,2,0,1,1,0,0,1,0,0
CVNFNFNGLTGTGV,0,0,3,0,1,0,0,3,0,0,1,0,0,2,0,0,2,0,0,2,0,0
IGYYRRATRRIRGGD,1,5,0,1,0,0,0,3,0,2,0,0,0,0,0,0,1,0,2,0,0,0
INWITGGIAIAM,2,0,1,0,0,0,0,2,0,4,0,0,1,0,0,0,1,1,0,0,0,0
NPANNAAIVLQLPQGTTL,3,0,3,0,0,2,0,1,0,1,3,0,0,0,2,0,2,0,0,1,0,0
NWITGGIAIAMACLVG,3,0,1,0,1,0,0,3,0,3,1,0,1,0,0,0,1,1,0,1,0,0
RFLYIIKLIFLWLLWP,0,1,0,0,0,0,0,0,0,3,5,1,0,2,1,0,0,2,1,0,0,0
YADSFVIRGDEVRQIA,2,2,0,2,0,1,1,1,0,2,0,0,0,1,0,1,0,0,1,2,0,0
ALNTLVKQLSSNFGA,2,0,2,0,0,1,0,1,0,0,3,1,0,1,0,2,1,0,0,1,0,0
GLMWLSYFIASFRLFA,2,1,0,0,0,0,0,1,0,1,3,0,1,3,0,2,0,1,1,0,0,0
LIVNNATNVVIKVCE,1,0,3,0,1,0,1,0,0,2,1,1,0,0,0,0,1,0,0,4,0,0
EVFNATRFASVYAWNRK,3,2,2,0,0,0,1,0,0,0,0,1,0,2,0,1,1,1,1,2,0,0
FLFLTWICLLQFAYANR,2,1,1,0,1,1,0,0,0,1,4,0,0,3,0,0,1,1,1,0,0,0
RVVVLSFELLHAPAT,2,1,0,0,0,0,1,0,1,0,3,0,0,1,1,1,1,0,0,3,0,0
NQKLIANQFNSAIGK,2,0,3,0,0,2,0,1,0,2,1,2,0,1,0,1,0,0,0,0,0,0
GGNYNYLYRLFRKSNLKP,0,2,3,0,0,0,0,2,0,0,3,2,0,1,1,1,0,0,3,0,0,0
QLIRAAEIRASANLAATK,6,2,1,0,0,1,1,0,0,2,2,1,0,0,0,1,1,0,0,0,0,0
YANRNRFLYIIKLIFL,1,2,2,0,0,0,0,0,0,3,3,1,0,2,0,0,0,0,2,0,0,0
TRNPANNAAIVLQL,3,1,3,0,0,1,0,0,0,1,2,0,0,0,1,0,1,0,0,1,0,0
ETNILLNVPLHGT,0,0,2,0,0,0,1,1,1,1,3,0,0,0,1,0,2,0,0,1,0,0
PANNAAIVLQLPQG,3,0,2,0,0,2,0,1,0,1,2,0,0,0,2,0,0,0,0,1,0,0
GVFVSNGTHWFVTQ,0,0,1,0,0,1,0,2,1,0,0,0,0,2,0,1,2,1,0,3,0,0
YNYLYRLFRKSNLK,0,2,2,0,0,0,0,0,0,0,3,2,0,1,0,1,0,0,3,0,0,0
FVFLVLLPLVSS,0,0,0,0,0,0,0,0,0,0,4,0,0,2,1,2,0,0,0,3,0,0
LYIIKLIFLWLLWPV,0,0,0,0,0,0,0,0,0,3,5,1,0,1,1,0,0,2,1,1,0,0
RNRFLYIIKLIFL,0,2,1,0,0,0,0,0,0,3,3,1,0,2,0,0,0,0,1,0,0,0
VVVLSFELLHAPAT,2,0,0,0,0,0,1,0,1,0,3,0,0,1,1,1,1,0,0,3,0,0
YFIASFRLFARTRS,2,3,0,0,0,0,0,0,0,1,1,0,0,3,0,2,1,0,1,0,0,0
YRVVVLSFELLHAP,1,1,0,0,0,0,1,0,1,0,3,0,0,1,1,1,0,0,1,3,0,0
IGFLFLTWICLLQFAY,1,0,0,0,1,1,0,1,0,2,4,0,0,3,0,0,1,1,1,0,0,0
GYQPYRVVVLSFELLH,0,1,0,0,0,1,1,1,1,0,3,0,0,1,1,1,0,0,2,3,0,0
NLVIGFLFLTWICL,0,0,1,0,1,0,0,1,0,2,4,0,0,2,0,0,1,1,0,1,0,0
RFQTLLALHRSYLT,1,2,0,0,0,1,0,0,1,0,4,0,0,1,0,1,2,0,1,0,0,0
NLVIGFLFLTWICLLQ,0,0,1,0,1,1,0,1,0,2,5,0,0,2,0,0,1,1,0,1,0,0
TRNPANNAAIVLQLPQ,3,1,3,0,0,2,0,0,0,1,2,0,0,0,2,0,1,0,0,1,0,0
NNAAIVLQLPQGT,2,0,2,0,0,2,0,1,0,1,2,0,0,0,1,0,1,0,0,1,0,0
LMWLSYFIASFRLFA,2,1,0,0,0,0,0,0,0,1,3,0,1,3,0,2,0,1,1,0,0,0
VGLMWLSYFIASFRLFA,2,1,0,0,0,0,0,1,0,1,3,0,1,3,0,2,0,1,1,1,0,0
FLYIIKLIFLWLLW,0,0,0,0,0,0,0,0,0,3,5,1,0,2,0,0,0,2,1,0,0,0
KCVNFNFNGLTGTGVL,0,0,3,0,1,0,0,3,0,0,2,1,0,2,0,0,2,0,0,2,0,0
LIVNNATNVVIKVCE,1,0,3,0,1,0,1,0,0,2,1,1,0,0,0,0,1,0,0,4,0,0
AALALLLLDRLNQL,3,1,1,1,0,1,0,0,0,0,7,0,0,0,0,0,0,0,0,0,0,0
TESIVRFPNITNL,0,1,2,0,0,0,1,0,0,2,1,0,0,1,1,1,2,0,0,1,0,0
KRSFIEDLLFNKVTLA,1,1,1,1,0,0,1,0,0,1,3,2,0,2,0,1,1,0,0,1,0,0
VFNATRFASVYAW,3,1,1,0,0,0,0,0,0,0,0,0,0,2,0,1,1,1,1,2,0,0
TRFASVYAWNRKRI,2,3,1,0,0,0,0,0,0,1,0,1,0,1,0,1,1,1,1,1,0,0
NRNRFLYIIKLIFLWLLW,0,2,2,0,0,0,0,0,0,3,5,1,0,2,0,0,0,2,1,0,0,0
LMWLSYFIASFRLF,1,1,0,0,0,0,0,0,0,1,3,0,1,3,0,2,0,1,1,0,0,0
LIFLWLLWPVTLACFV,1,0,0,0,1,0,0,0,0,1,5,0,0,2,1,0,1,2,0,2,0,0
DSFVIRGDEVRQIA,1,2,0,2,0,1,1,1,0,2,0,0,0,1,0,1,0,0,0,2,0,0
FVFLVLLPLVSSQCV,0,0,0,0,1,1,0,0,0,0,4,0,0,2,1,2,0,0,0,4,0,0
SLLIVNNATNVVIKV,1,0,3,0,0,0,0,0,0,2,2,1,0,0,0,1,1,0,0,4,0,0
CVNFNFNGLTGTGVLT,0,0,3,0,1,0,0,3,0,0,2,0,0,2,0,0,3,0,0,2,0,0
YIIKLIFLWLLWPVT,0,0,0,0,0,0,0,0,0,3,4,1,0,1,1,0,1,2,1,1,0,0
REFVFKNIDGYFK,0,1,1,1,0,0,1,1,0,1,0,2,0,3,0,0,0,0,1,1,0,0
TFEYVSQPFLMDLEGKQ,0,0,0,1,0,2,2,1,0,0,2,1,1,2,1,1,1,0,1,1,0,0
TRFASVYAWNRKRIS,2,3,1,0,0,0,0,0,0,1,0,1,0,1,0,2,1,1,1,1,0,0
SYYKLGASQRVAG,2,1,0,0,0,1,0,2,0,0,1,1,0,0,0,2,0,0,2,1,0,0
LSYFIASFRLFARTR,2,3,0,0,0,0,0,0,0,1,2,0,0,3,0,2,1,0,1,0,0,0
FLFLTWICLLQFAYAN,2,0,1,0,1,1,0,0,0,1,4,0,0,3,0,0,1,1,1,0,0,0
INWITGGIAIAMA,3,0,1,0,0,0,0,2,0,4,0,0,1,0,0,0,1,1,0,0,0,0
PYRVVVLSFELLHAPAT,2,1,0,0,0,0,1,0,1,0,3,0,0,1,2,1,1,0,1,3,0,0
YRVVVLSFELLHA,1,1,0,0,0,0,1,0,1,0,3,0,0,1,0,1,0,0,1,3,0,0
KHTPINLVRDLPQGF,0,1,1,1,0,1,0,1,1,1,2,1,0,1,2,0,1,0,0,1,0,0
LIVNNATNVVIKVCEFQ,1,0,3,0,1,1,1,0,0,2,1,1,0,1,0,0,1,0,0,4,0,0
RVVVLSFELLHAPATV,2,1,0,0,0,0,1,0,1,0,3,0,0,1,1,1,1,0,0,4,0,0
MFVFLVLLPLVSSQCVN,0,0,1,0,1,1,0,0,0,0,4,0,1,2,1,2,0,0,0,4,0,0
MWLSYFIASFRLFA,2,1,0,0,0,0,0,0,0,1,2,0,1,3,0,2,0,1,1,0,0,0
WTFGAGAALQIPFAMQ,4,0,0,0,0,2,0,2,0,1,1,0,1,2,1,0,1,1,0,0,0,0
YRVVVLSFELLHA,1,1,0,0,0,0,1,0,1,0,3,0,0,1,0,1,0,0,1,3,0,0
IIKLIFLWLLWPVTL,0,0,0,0,0,0,0,0,0,3,5,1,0,1,1,0,1,2,0,1,0,0
YNYLYRLFRKSNLKP,0,2,2,0,0,0,0,0,0,0,3,2,0,1,1,1,0,0,3,0,0,0
REFVFKNIDGYFKIYS,0,1,1,1,0,0,1,1,0,2,0,2,0,3,0,1,0,0,2,1,0,0
YVTQQLIRAAEIRAS,3,2,0,0,0,2,1,0,0,2,1,0,0,0,0,1,1,0,1,1,0,0
ATRFASVYAWNRKRI,3,3,1,0,0,0,0,0,0,1,0,1,0,1,0,1,1,1,1,1,0,0
RSFIEDLLFNKV,0,1,1,1,0,0,1,0,0,1,2,1,0,2,0,1,0,0,0,1,0,0
SKTQSLLIVNNATNVVI,1,0,3,0,0,1,0,0,0,2,2,1,0,0,0,2,2,0,0,3,0,0
QIGYYRRATRRIRG,1,5,0,0,0,1,0,2,0,2,0,0,0,0,0,0,1,0,2,0,0,0
KHWPQIAQFAPSASAFF,4,0,0,0,0,2,0,0,1,1,0,1,0,3,2,2,0,1,0,0,0,0
PFGEVFNATRFASVY,2,1,1,0,0,0,1,1,0,0,0,0,0,3,1,1,1,0,1,2,0,0
YRVVVLSFELLHAPA,2,1,0,0,0,0,1,0,1,0,3,0,0,1,1,1,0,0,1,3,0,0
TDEMIAQYTSALLA,3,0,0,1,0,1,1,0,0,1,2,0,1,0,0,1,2,0,1,0,0,0
SFRLFARTRSMWSFNP,1,3,1,0,0,0,0,0,0,0,1,0,1,3,1,3,1,1,0,0,0,0
PYRVVVLSFELLH,0,1,0,0,0,0,1,0,1,0,3,0,0,1,1,1,0,0,1,3,0,0
YFIASFRLFARTRSMWS,2,3,0,0,0,0,0,0,0,1,1,0,1,3,0,3,1,1,1,0,0,0
LSYYKLGASQRVAGDSG,2,1,0,1,0,1,0,3,0,0,2,1,0,0,0,3,0,0,2,1,0,0
AALALLLLDRLNQLE,3,1,1,1,0,1,1,0,0,0,7,0,0,0,0,0,0,0,0,0,0,0
LLQFAYANRNRFLYI,2,2,2,0,0,1,0,0,0,1,3,0,0,2,0,0,0,0,2,0,0,0
WLSYFIASFRLFART,2,2,0,0,0,0,0,0,0,1,2,0,0,3,0,2,1,1,1,0,0,0
LIVNNATNVVIK,1,0,3,0,0,0,0,0,0,2,1,1,0,0,0,0,1,0,0,3,0,0
TNILLNVPLHGT,0,0,2,0,0,0,0,1,1,1,3,0,0,0,1,0,2,0,0,1,0,0
RINWITGGIAIAMAC,3,1,1,0,1,0,0,2,0,4,0,0,1,0,0,0,1,1,0,0,0,0
NFTISVTTEILPVSMT,0,0,1,0,0,0,1,0,0,2,1,0,1,1,1,2,4,0,0,2,0,0
ANNCTFEYVSQPFLMD,1,0,2,1,1,1,1,0,0,0,1,0,1,2,1,1,1,0,1,1,0,0
LYIIKLIFLWLLW,0,0,0,0,0,0,0,0,0,3,5,1,0,1,0,0,0,2,1,0,0,0
SFVIRGDEVRQI,0,2,0,1,0,1,1,1,0,2,0,0,0,1,0,1,0,0,0,2,0,0
DAALALLLLDRLNQL,3,1,1,2,0,1,0,0,0,0,7,0,0,0,0,0,0,0,0,0,0,0
FVFKNIDGYFKI,0,0,1,1,0,0,0,1,0,2,0,2,0,3,0,0,0,0,1,1,0,0
EGVFVSNGTHWFVT,0,0,1,0,0,0,1,2,1,0,0,0,0,2,0,1,2,1,0,3,0,0
QPYRVVVLSFELL,0,1,0,0,0,1,1,0,0,0,3,0,0,1,1,1,0,0,1,3,0,0
DQIGYYRRATRRIRGG,1,5,0,1,0,1,0,3,0,2,0,0,0,0,0,0,1,0,2,0,0,0
KPSKRSFIEDLLFNKV,0,1,1,1,0,0,1,0,0,1,2,3,0,2,1,2,0,0,0,1,0,0
VGGNYNYLYRLFRKSNLK,0,2,3,0,0,0,0,2,0,0,3,2,0,1,0,1,0,0,3,1,0,0
RFLYIIKLIFLWLL,0,1,0,0,0,0,0,0,0,3,5,1,0,2,0,0,0,1,1,0,0,0
FPREGVFVSNGTHWFV,0,1,1,0,0,0,1,2,1,0,0,0,0,3,1,1,1,1,0,3,0,0
LLIVNNATNVVIKVCE,1,0,3,0,1,0,1,0,0,2,2,1,0,0,0,0,1,0,0,4,0,0
MFVFLVLLPLVSSQCV,0,0,0,0,1,1,0,0,0,0,4,0,1,2,1,2,0,0,0,4,0,0
NYNYLYRLFRKSNLK,0,2,3,0,0,0,0,0,0,0,3,2,0,1,0,1,0,0,3,0,0,0
NLREFVFKNIDGYFKIY,0,1,2,1,0,0,1,1,0,2,1,2,0,3,0,0,0,0,2,1,0,0
FIASFRLFARTRSM,2,3,0,0,0,0,0,0,0,1,1,0,1,3,0,2,1,0,0,0,0,0
LQIPFAMQMAYRF,2,1,0,0,0,2,0,0,0,1,1,0,2,2,1,0,0,0,1,0,0,0
TQSLLIVNNATNVVIKVC,1,0,3,0,1,1,0,0,0,2,2,1,0,0,0,1,2,0,0,4,0,0
EGVFVSNGTHWFVT,0,0,1,0,0,0,1,2,1,0,0,0,0,2,0,1,2,1,0,3,0,0
FLYIIKLIFLWLLWPV,0,0,0,0,0,0,0,0,0,3,5,1,0,2,1,0,0,2,1,1,0,0
KLIFLWLLWPVTLACF,1,0,0,0,1,0,0,0,0,1,5,1,0,2,1,0,1,2,0,1,0,0
YIIKLIFLWLLWPVTL,0,0,0,0,0,0,0,0,0,3,5,1,0,1,1,0,1,2,1,1,0,0
AVYRINWITGGIAI,2,1,1,0,0,0,0,2,0,4,0,0,0,0,0,0,1,1,1,1,0,0
YIIKLIFLWLLWPV,0,0,0,0,0,0,0,0,0,3,4,1,0,1,1,0,0,2,1,1,0,0
LIFLWLLWPVTLA,1,0,0,0,0,0,0,0,0,1,5,0,0,1,1,0,1,2,0,1,0,0
SGWTFGAGAALQI,3,0,0,0,0,1,0,3,0,1,1,0,0,1,0,1,1,1,0,0,0,0
FVFLVLLPLVSSQCV,0,0,0,0,1,1,0,0,0,0,4,0,0,2,1,2,0,0,0,4,0,0
NAAIVLQLPQGT,2,0,1,0,0,2,0,1,0,1,2,0,0,0,1,0,1,0,0,1,0,0
VVVLSFELLHAPATVC,2,0,0,0,1,0,1,0,1,0,3,0,0,1,1,1,1,0,0,4,0,0
EFVFKNIDGYFKI,0,0,1,1,0,0,1,1,0,2,0,2,0,3,0,0,0,0,1,1,0,0
PYRVVVLSFELLHA,1,1,0,0,0,0,1,0,1,0,3,0,0,1,1,1,0,0,1,3,0,0
INLVRDLPQGFSAL,1,1,1,1,0,1,0,1,0,1,3,0,0,1,1,1,0,0,0,1,0,0
WLSYFIASFRLFA,2,1,0,0,0,0,0,0,0,1,2,0,0,3,0,2,0,1,1,0,0,0
VGLMWLSYFIASFRLFAR,2,2,0,0,0,0,0,1,0,1,3,0,1,3,0,2,0,1,1,1,0,0
YFIASFRLFARTRSM,2,3,0,0,0,0,0,0,0,1,1,0,1,3,0,2,1,0,1,0,0,0
NCTFEYVSQPFLMDLEGK,0,0,1,1,1,1,2,1,0,0,2,1,1,2,1,1,1,0,1,1,0,0
QPYRVVVLSFELLHAP,1,1,0,0,0,1,1,0,1,0,3,0,0,1,2,1,0,0,1,3,0,0
LVIGFLFLTWICLL,0,0,0,0,1,0,0,1,0,2,5,0,0,2,0,0,1,1,0,1,0,0
LLIVNNATNVVIKVCEF,1,0,3,0,1,0,1,0,0,2,2,1,0,1,0,0,1,0,0,4,0,0
CSNLLLQYGSFCTQ,0,0,1,0,2,2,0,1,0,0,3,0,0,1,0,2,1,0,1,0,0,0
LIFLWLLWPVTLACFVL,1,0,0,0,1,0,0,0,0,1,6,0,0,2,1,0,1,2,0,2,0,0
SNLLLQYGSFCTQ,0,0,1,0,1,2,0,1,0,0,3,0,0,1,0,2,1,0,1,0,0,0
DSKTQSLLIVNNATNVV,1,0,3,1,0,1,0,0,0,1,2,1,0,0,0,2,2,0,0,3,0,0
LVIGFLFLTWICLLQ,0,0,0,0,1,1,0,1,0,2,5,0,0,2,0,0,1,1,0,1,0,0
VFKNIDGYFKIYSKHT,0,0,1,1,0,0,0,1,1,2,0,3,0,2,0,1,1,0,2,1,0,0
NYNYLYRLFRKSN,0,2,3,0,0,0,0,0,0,0,2,1,0,1,0,1,0,0,3,0,0,0
TWLTYTGAIKLD,1,0,0,1,0,0,0,1,0,1,2,1,0,0,0,0,3,1,1,0,0,0
LIVNNATNVVIK,1,0,3,0,0,0,0,0,0,2,1,1,0,0,0,0,1,0,0,3,0,0
LREFVFKNIDGYFK,0,1,1,1,0,0,1,1,0,1,1,2,0,3,0,0,0,0,1,1,0,0
TRFASVYAWNRKR,2,3,1,0,0,0,0,0,0,0,0,1,0,1,0,1,1,1,1,1,0,0
SLLIVNNATNVVIK,1,0,3,0,0,0,0,0,0,2,2,1,0,0,0,1,1,0,0,3,0,0
INWITGGIAIAMAC,3,0,1,0,1,0,0,2,0,4,0,0,1,0,0,0,1,1,0,0,0,0
VGLMWLSYFIASFR,1,1,0,0,0,0,0,1,0,1,2,0,1,2,0,2,0,1,1,1,0,0
TFEYVSQPFLMDL,0,0,0,1,0,1,1,0,0,0,2,0,1,2,1,1,1,0,1,1,0,0
NPANNAAIVLQLP,3,0,3,0,0,1,0,0,0,1,2,0,0,0,2,0,0,0,0,1,0,0
GYQPYRVVVLSFELL,0,1,0,0,0,1,1,1,0,0,3,0,0,1,1,1,0,0,2,3,0,0
RVVVLSFELLHAPATVCG,2,1,0,0,1,0,1,1,1,0,3,0,0,1,1,1,1,0,0,4,0,0
RVVVLSFELLHAPATVC,2,1,0,0,1,0,1,0,1,0,3,0,0,1,1,1,1,0,0,4,0,0
SLLIVNNATNVVIKVCEF,1,0,3,0,1,0,1,0,0,2,2,1,0,1,0,1,1,0,0,4,0,0
WLSYFIASFRLFARTR,2,3,0,0,0,0,0,0,0,1,2,0,0,3,0,2,1,1,1,0,0,0
NQKLIANQFNSAI,2,0,3,0,0,2,0,0,0,2,1,1,0,1,0,1,0,0,0,0,0,0
LPFFSNVTWFHAIHV,1,0,1,0,0,0,0,0,2,1,1,0,0,3,1,1,1,1,0,2,0,0
GWTFGAGAALQIPF,3,0,0,0,0,1,0,3,0,1,1,0,0,2,1,0,1,1,0,0,0,0
SGWTFGAGAALQIP,3,0,0,0,0,1,0,3,0,1,1,0,0,1,1,1,1,1,0,0,0,0
FNFNGLTGTGVLTE,0,0,2,0,0,0,1,3,0,0,2,0,0,2,0,0,3,0,0,1,0,0
SLLIVNNATNVVIKV,1,0,3,0,0,0,0,0,0,2,2,1,0,0,0,1,1,0,0,4,0,0
KLIFLWLLWPVT,0,0,0,0,0,0,0,0,0,1,4,1,0,1,1,0,1,2,0,1,0,0
GGNYNYLYRLFRKSNL,0,2,3,0,0,0,0,2,0,0,3,1,0,1,0,1,0,0,3,0,0,0
YQPYRVVVLSFELLHAP,1,1,0,0,0,1,1,0,1,0,3,0,0,1,2,1,0,0,2,3,0,0
MWLSYFIASFRLF,1,1,0,0,0,0,0,0,0,1,2,0,1,3,0,2,0,1,1,0,0,0
KNLREFVFKNIDGYFK,0,1,2,1,0,0,1,1,0,1,1,3,0,3,0,0,0,0,1,1,0,0
RVVVLSFELLHA,1,1,0,0,0,0,1,0,1,0,3,0,0,1,0,1,0,0,0,3,0,0
SLLIVNNATNVVIKVCEF,1,0,3,0,1,0,1,0,0,2,2,1,0,1,0,1,1,0,0,4,0,0
TLACFVLAAVYRI,3,1,0,0,1,0,0,0,0,1,2,0,0,1,0,0,1,0,1,2,0,0
QSLLIVNNATNVVIKVCE,1,0,3,0,1,1,1,0,0,2,2,1,0,0,0,1,1,0,0,4,0,0
QIPFAMQMAYRFNGI,2,1,1,0,0,2,0,1,0,2,0,0,2,2,1,0,0,0,1,0,0,0
VLSFELLHAPAT,2,0,0,0,0,0,1,0,1,0,3,0,0,1,1,1,1,0,0,1,0,0
TNILLNVPLHGTIL,0,0,2,0,0,0,0,1,1,2,4,0,0,0,1,0,2,0,0,1,0,0
REFVFKNIDGYFKIYSK,0,1,1,1,0,0,1,1,0,2,0,3,0,3,0,1,0,0,2,1,0,0
GGNYNYLYRLFRKSN,0,2,3,0,0,0,0,2,0,0,2,1,0,1,0,1,0,0,3,0,0,0
ADSFVIRGDEVRQIA,2,2,0,2,0,1,1,1,0,2,0,0,0,1,0,1,0,0,0,2,0,0
IVNNATNVVIKVCEFQ,1,0,3,0,1,1,1,0,0,2,0,1,0,1,0,0,1,0,0,4,0,0
SRTLSYYKLGASQRV,1,2,0,0,0,1,0,1,0,0,2,1,0,0,0,3,1,0,2,1,0,0
MFVFLVLLPLVSSQCV,0,0,0,0,1,1,0,0,0,0,4,0,1,2,1,2,0,0,0,4,0,0
IGFLFLTWICLLQFA,1,0,0,0,1,1,0,1,0,2,4,0,0,3,0,0,1,1,0,0,0,0
TNFTISVTTEILPVSM,0,0,1,0,0,0,1,0,0,2,1,0,1,1,1,2,4,0,0,2,0,0
DSKTQSLLIVNNATNV,1,0,3,1,0,1,0,0,0,1,2,1,0,0,0,2,2,0,0,2,0,0
KRSFIEDLLFNKVT,0,1,1,1,0,0,1,0,0,1,2,2,0,2,0,1,1,0,0,1,0,0
RFQTLLALHRSYLT,1,2,0,0,0,1,0,0,1,0,4,0,0,1,0,1,2,0,1,0,0,0
CDVVIGIVNNTVYD,0,0,2,2,1,0,0,1,0,2,0,0,0,0,0,0,1,0,1,4,0,0
INITRFQTLLALHRS,1,2,1,0,0,1,0,0,1,2,3,0,0,1,0,1,2,0,0,0,0,0
YRINWITGGIAIAMAC,3,1,1,0,1,0,0,2,0,4,0,0,1,0,0,0,1,1,1,0,0,0
SLLIVNNATNVV,1,0,3,0,0,0,0,0,0,1,2,0,0,0,0,1,1,0,0,3,0,0
DDQIGYYRRATRRIRG,1,5,0,2,0,1,0,2,0,2,0,0,0,0,0,0,1,0,2,0,0,0
TQSLLIVNNATNV,1,0,3,0,0,1,0,0,0,1,2,0,0,0,0,1,2,0,0,2,0,0
GLMWLSYFIASFRLF,1,1,0,0,0,0,0,1,0,1,3,0,1,3,0,2,0,1,1,0,0,0
VTQQLIRAAEIRAS,3,2,0,0,0,2,1,0,0,2,1,0,0,0,0,1,1,0,0,1,0,0
IFLWLLWPVTLACFV,1,0,0,0,1,0,0,0,0,1,4,0,0,2,1,0,1,2,0,2,0,0
PREGVFVSNGTHWFVT,0,1,1,0,0,0,1,2,1,0,0,0,0,2,1,1,2,1,0,3,0,0
NWITGGIAIAMA,3,0,1,0,0,0,0,2,0,3,0,0,1,0,0,0,1,1,0,0,0,0
ESIVRFPNITNLC,0,1,2,0,1,0,1,0,0,2,1,0,0,1,1,1,1,0,0,1,0,0
LSYFIASFRLFART,2,2,0,0,0,0,0,0,0,1,2,0,0,3,0,2,1,0,1,0,0,0
NCTFEYVSQPFLMD,0,0,1,1,1,1,1,0,0,0,1,0,1,2,1,1,1,0,1,1,0,0
INLVRDLPQGFSA,1,1,1,1,0,1,0,1,0,1,2,0,0,1,1,1,0,0,0,1,0,0
GEVFNATRFASVY,2,1,1,0,0,0,1,1,0,0,0,0,0,2,0,1,1,0,1,2,0,0
KRSFIEDLLFNKV,0,1,1,1,0,0,1,0,0,1,2,2,0,2,0,1,0,0,0,1,0,0
NPANNAAIVLQLPQGTT,3,0,3,0,0,2,0,1,0,1,2,0,0,0,2,0,2,0,0,1,0,0
LSFELLHAPATVCGP,2,0,0,0,1,0,1,1,1,0,3,0,0,1,2,1,1,0,0,1,0,0
KTQSLLIVNNATNVVIKV,1,0,3,0,0,1,0,0,0,2,2,2,0,0,0,1,2,0,0,4,0,0
KTQSLLIVNNATNVV,1,0,3,0,0,1,0,0,0,1,2,1,0,0,0,1,2,0,0,3,0,0
YLYRLFRKSNLKPF,0,2,1,0,0,0,0,0,0,0,3,2,0,2,1,1,0,0,2,0,0,0
ANNAAIVLQLPQGTT,3,0,2,0,0,2,0,1,0,1,2,0,0,0,1,0,2,0,0,1,0,0
LSYFIASFRLFAR,2,2,0,0,0,0,0,0,0,1,2,0,0,3,0,2,0,0,1,0,0,0
GEVFNATRFASVYA,3,1,1,0,0,0,1,1,0,0,0,0,0,2,0,1,1,0,1,2,0,0
QLIRAAEIRASANLA,5,2,1,0,0,1,1,0,0,2,2,0,0,0,0,1,0,0,0,0,0,0
ANNCTFEYVSQPFLMDLE,1,0,2,1,1,1,2,0,0,0,2,0,1,2,1,1,1,0,1,1,0,0
VATSRTLSYYKLGASQRV,2,2,0,0,0,1,0,1,0,0,2,1,0,0,0,3,2,0,2,2,0,0
WLSYFIASFRLFAR,2,2,0,0,0,0,0,0,0,1,2,0,0,3,0,2,0,1,1,0,0,0
CTFEYVSQPFLMDLE,0,0,0,1,1,1,2,0,0,0,2,0,1,2,1,1,1,0,1,1,0,0
RAAEIRASANLAATKM,6,2,1,0,0,0,1,0,0,1,1,1,1,0,0,1,1,0,0,0,0,0
SKHTPINLVRDLPQGF,0,1,1,1,0,1,0,1,1,1,2,1,0,1,2,1,1,0,0,1,0,0
GYQPYRVVVLSFELL,0,1,0,0,0,1,1,1,0,0,3,0,0,1,1,1,0,0,2,3,0,0
FEYVSQPFLMDLEGKQ,0,0,0,1,0,2,2,1,0,0,2,1,1,2,1,1,0,0,1,1,0,0
VYADSFVIRGDEVRQI,1,2,0,2,0,1,1,1,0,2,0,0,0,1,0,1,0,0,1,3,0,0
YVTQQLIRAAEIRASA,4,2,0,0,0,2,1,0,0,2,1,0,0,0,0,1,1,0,1,1,0,0
LQIPFAMQMAYRFNGI,2,1,1,0,0,2,0,1,0,2,1,0,2,2,1,0,0,0,1,0,0,0
NITRFQTLLALHRSY,1,2,1,0,0,1,0,0,1,1,3,0,0,1,0,1,2,0,1,0,0,0
LIRAAEIRASANLAAT,6,2,1,0,0,0,1,0,0,2,2,0,0,0,0,1,1,0,0,0,0,0
VVLSFELLHAPAT,2,0,0,0,0,0,1,0,1,0,3,0,0,1,1,1,1,0,0,2,0,0
VVVLSFELLHAPAT,2,0,0,0,0,0,1,0,1,0,3,0,0,1,1,1,1,0,0,3,0,0
QIAQFAPSASAFFGMS,4,0,0,0,0,2,0,1,0,1,0,0,1,3,1,3,0,0,0,0,0,0
SYYKLGASQRVA,2,1,0,0,0,1,0,1,0,0,1,1,0,0,0,2,0,0,2,1,0,0
EVFNATRFASVY,2,1,1,0,0,0,1,0,0,0,0,0,0,2,0,1,1,0,1,2,0,0
YQPYRVVVLSFELLH,0,1,0,0,0,1,1,0,1,0,3,0,0,1,1,1,0,0,2,3,0,0
TESIVRFPNITNLCP,0,1,2,0,1,0,1,0,0,2,1,0,0,1,2,1,2,0,0,1,0,0
IRAAEIRASANLAATK,6,2,1,0,0,0,1,0,0,2,1,1,0,0,0,1,1,0,0,0,0,0
FLYIIKLIFLWLLWPVT,0,0,0,0,0,0,0,0,0,3,5,1,0,2,1,0,1,2,1,1,0,0
LSYFIASFRLFARTRSM,2,3,0,0,0,0,0,0,0,1,2,0,1,3,0,3,1,0,1,0,0,0
IRAAEIRASANLAATK,6,2,1,0,0,0,1,0,0,2,1,1,0,0,0,1,1,0,0,0,0,0
NTLVKQLSSNFGA,1,0,2,0,0,1,0,1,0,0,2,1,0,1,0,2,1,0,0,1,0,0
PYRVVVLSFELL,0,1,0,0,0,0,1,0,0,0,3,0,0,1,1,1,0,0,1,3,0,0
PQIAQFAPSASAFFGMSR,4,1,0,0,0,2,0,1,0,1,0,0,1,3,2,3,0,0,0,0,0,0
MFVFLVLLPLVSSQ,0,0,0,0,0,1,0,0,0,0,4,0,1,2,1,2,0,0,0,3,0,0
RSFIEDLLFNKVTLAD,1,1,1,2,0,0,1,0,0,1,3,1,0,2,0,1,1,0,0,1,0,0
LVGLMWLSYFIASFRLF,1,1,0,0,0,0,0,1,0,1,4,0,1,3,0,2,0,1,1,1,0,0
IIKLIFLWLLWPV,0,0,0,0,0,0,0,0,0,3,4,1,0,1,1,0,0,2,0,1,0,0
PDDQIGYYRRATRRIR,1,5,0,2,0,1,0,1,0,2,0,0,0,0,1,0,1,0,2,0,0,0
FGEVFNATRFASVYAW,3,1,1,0,0,0,1,1,0,0,0,0,0,3,0,1,1,1,1,2,0,0
FVFLVLLPLVSSQ,0,0,0,0,0,1,0,0,0,0,4,0,0,2,1,2,0,0,0,3,0,0
LMWLSYFIASFRLFAR,2,2,0,0,0,0,0,0,0,1,3,0,1,3,0,2,0,1,1,0,0,0
QIGYYRRATRRIR,1,5,0,0,0,1,0,1,0,2,0,0,0,0,0,0,1,0,2,0,0,0
YRVVVLSFELLHAPA,2,1,0,0,0,0,1,0,1,0,3,0,0,1,1,1,0,0,1,3,0,0
ITRFQTLLALHRSYL,1,2,0,0,0,1,0,0,1,1,4,0,0,1,0,1,2,0,1,0,0,0
VGLMWLSYFIASFRLFA,2,1,0,0,0,0,0,1,0,1,3,0,1,3,0,2,0,1,1,1,0,0
EQWNLVIGFLFLTWICL,0,0,1,0,1,1,1,1,0,2,4,0,0,2,0,0,1,2,0,1,0,0
INITRFQTLLALHRSY,1,2,1,0,0,1,0,0,1,2,3,0,0,1,0,1,2,0,1,0,0,0
MFVFLVLLPLVSSQC,0,0,0,0,1,1,0,0,0,0,4,0,1,2,1,2,0,0,0,3,0,0
LVIGFLFLTWICLLQFA,1,0,0,0,1,1,0,1,0,2,5,0,0,3,0,0,1,1,0,1,0,0
YIIKLIFLWLLWPV,0,0,0,0,0,0,0,0,0,3,4,1,0,1,1,0,0,2,1,1,0,0
NWITGGIAIAMAC,3,0,1,0,1,0,0,2,0,3,0,0,1,0,0,0,1,1,0,0,0,0
RINWITGGIAIAM,2,1,1,0,0,0,0,2,0,4,0,0,1,0,0,0,1,1,0,0,0,0
LMWLSYFIASFRLF,1,1,0,0,0,0,0,0,0,1,3,0,1,3,0,2,0,1,1,0,0,0
YRVVVLSFELLHAPATV,2,1,0,0,0,0,1,0,1,0,3,0,0,1,1,1,1,0,1,4,0,0
TQQLIRAAEIRASA,4,2,0,0,0,2,1,0,0,2,1,0,0,0,0,1,1,0,0,0,0,0
GNCDVVIGIVNNTVY,0,0,3,1,1,0,0,2,0,2,0,0,0,0,0,0,1,0,1,4,0,0
GWTFGAGAALQIPFA,4,0,0,0,0,1,0,3,0,1,1,0,0,2,1,0,1,1,0,0,0,0
RNRFLYIIKLIFLWLL,0,2,1,0,0,0,0,0,0,3,5,1,0,2,0,0,0,1,1,0,0,0
TFEYVSQPFLMD,0,0,0,1,0,1,1,0,0,0,1,0,1,2,1,1,1,0,1,1,0,0
QQLIRAAEIRASANL,4,2,1,0,0,2,1,0,0,2,2,0,0,0,0,1,0,0,0,0,0,0
MWLSYFIASFRLFAR,2,2,0,0,0,0,0,0,0,1,2,0,1,3,0,2,0,1,1,0,0,0
GGFNFSQILPDPSK,0,0,1,1,0,1,0,2,0,1,1,1,0,2,2,2,0,0,0,0,0,0
VGYQPYRVVVLSFELL,0,1,0,0,0,1,1,1,0,0,3,0,0,1,1,1,0,0,2,4,0,0
PYRVVVLSFELL,0,1,0,0,0,0,1,0,0,0,3,0,0,1,1,1,0,0,1,3,0,0
TQSLLIVNNATNVVI,1,0,3,0,0,1,0,0,0,2,2,0,0,0,0,1,2,0,0,3,0,0
FVIRGDEVRQIAPG,1,2,0,1,0,1,1,2,0,2,0,0,0,1,1,0,0,0,0,2,0,0
LSFELLHAPATVCGPK,2,0,0,0,1,0,1,1,1,0,3,1,0,1,2,1,1,0,0,1,0,0
VFNATRFASVYAWN,3,1,2,0,0,0,0,0,0,0,0,0,0,2,0,1,1,1,1,2,0,0
QSLLIVNNATNVVIKV,1,0,3,0,0,1,0,0,0,2,2,1,0,0,0,1,1,0,0,4,0,0
YIIKLIFLWLLWPVT,0,0,0,0,0,0,0,0,0,3,4,1,0,1,1,0,1,2,1,1,0,0
QKLIANQFNSAIGKI,2,0,2,0,0,2,0,1,0,3,1,2,0,1,0,1,0,0,0,0,0,0
EVFNATRFASVY,2,1,1,0,0,0,1,0,0,0,0,0,0,2,0,1,1,0,1,2,0,0
RNPANNAAIVLQL,3,1,3,0,0,1,0,0,0,1,2,0,0,0,1,0,0,0,0,1,0,0
IPTNFTISVTTEILP,0,0,1,0,0,0,1,0,0,3,1,0,0,1,2,1,4,0,0,1,0,0
LMWLSYFIASFRLFART,2,2,0,0,0,0,0,0,0,1,3,0,1,3,0,2,1,1,1,0,0,0
KPSKRSFIEDLLFNKVT,0,1,1,1,0,0,1,0,0,1,2,3,0,2,1,2,1,0,0,1,0,0
FVIRGDEVRQIAP,1,2,0,1,0,1,1,1,0,2,0,0,0,1,1,0,0,0,0,2,0,0
LMWLSYFIASFRL,1,1,0,0,0,0,0,0,0,1,3,0,1,2,0,2,0,1,1,0,0,0
LSYFIASFRLFARTR,2,3,0,0,0,0,0,0,0,1,2,0,0,3,0,2,1,0,1,0,0,0
IIKLIFLWLLWPVTLACF,1,0,0,0,1,0,0,0,0,3,5,1,0,2,1,0,1,2,0,1,0,0
INITRFQTLLALHRSYL,1,2,1,0,0,1,0,0,1,2,4,0,0,1,0,1,2,0,1,0,0,0
LYIIKLIFLWLLWPVT,0,0,0,0,0,0,0,0,0,3,5,1,0,1,1,0,1,2,1,1,0,0
KNLREFVFKNIDGYFKI,0,1,2,1,0,0,1,1,0,2,1,3,0,3,0,0,0,0,1,1,0,0
TPINLVRDLPQGFSAL,1,1,1,1,0,1,0,1,0,1,3,0,0,1,2,1,1,0,0,1,0,0
YIWLGFIAGLIAIVM,2,0,0,0,0,0,0,2,0,4,2,0,1,1,0,0,0,1,1,1,0,0
TSGWTFGAGAALQIPFA,4,0,0,0,0,1,0,3,0,1,1,0,0,2,1,1,2,1,0,0,0,0
VTLACFVLAAVYRI,3,1,0,0,1,0,0,0,0,1,2,0,0,1,0,0,1,0,1,3,0,0
QSLLIVNNATNVVIKVC,1,0,3,0,1,1,0,0,0,2,2,1,0,0,0,1,1,0,0,4,0,0
QLIRAAEIRASANLAA,6,2,1,0,0,1,1,0,0,2,2,0,0,0,0,1,0,0,0,0,0,0
PSKRSFIEDLLFNKVT,0,1,1,1,0,0,1,0,0,1,2,2,0,2,1,2,1,0,0,1,0,0
PQIAQFAPSASAFFG,4,0,0,0,0,2,0,1,0,1,0,0,0,3,2,2,0,0,0,0,0,0
GWTFGAGAALQIPF,3,0,0,0,0,1,0,3,0,1,1,0,0,2,1,0,1,1,0,0,0,0
KLIFLWLLWPVTLA,1,0,0,0,0,0,0,0,0,1,5,1,0,1,1,0,1,2,0,1,0,0
ADYSVLYNSASFSTFK,2,0,1,1,0,0,0,0,0,0,1,1,0,2,0,4,1,0,2,1,0,0
SKTQSLLIVNNATNVVIK,,,,,,,,,,,,,,,,,,,,,,,
IAQFAPSASAFFGM,4,0,0,0,0,1,0,1,0,1,0,0,1,3,1,2,0,0,0,0,0,0
FLYIIKLIFLWLLWPV,0,0,0,0,0,0,0,0,0,3,5,1,0,2,1,0,0,2,1,1,0,0
VVLSFELLHAPATVCG,2,0,0,0,1,0,1,1,1,0,3,0,0,1,1,1,1,0,0,3,0,0
LVIGFLFLTWICLLQF,0,0,0,0,1,1,0,1,0,2,5,0,0,3,0,0,1,1,0,1,0,0
CDVVIGIVNNTVYDP,0,0,2,2,1,0,0,1,0,2,0,0,0,0,1,0,1,0,1,4,0,0
TWLTYTGAIKLDD,1,0,0,2,0,0,0,1,0,1,2,1,0,0,0,0,3,1,1,0,0,0
SKRSFIEDLLFNKVTLA,1,1,1,1,0,0,1,0,0,1,3,2,0,2,0,2,1,0,0,1,0,0
LMWLSYFIASFRLFAR,2,2,0,0,0,0,0,0,0,1,3,0,1,3,0,2,0,1,1,0,0,0
KTQSLLIVNNATNVV,1,0,3,0,0,1,0,0,0,1,2,1,0,0,0,1,2,0,0,3,0,0
SGWTFGAGAALQIPF,3,0,0,0,0,1,0,3,0,1,1,0,0,2,1,1,1,1,0,0,0,0
GVFVSNGTHWFVTQRN,0,1,2,0,0,1,0,2,1,0,0,0,0,2,0,1,2,1,0,3,0,0
QPYRVVVLSFELLH,0,1,0,0,0,1,1,0,1,0,3,0,0,1,1,1,0,0,1,3,0,0
RINWITGGIAIAMA,3,1,1,0,0,0,0,2,0,4,0,0,1,0,0,0,1,1,0,0,0,0
VFNATRFASVYAWNRK,3,2,2,0,0,0,0,0,0,0,0,1,0,2,0,1,1,1,1,2,0,0
IKLIFLWLLWPVT,0,0,0,0,0,0,0,0,0,2,4,1,0,1,1,0,1,2,0,1,0,0
GWTFGAGAALQIPFAMQ,4,0,0,0,0,2,0,3,0,1,1,0,1,2,1,0,1,1,0,0,0,0
NLVIGFLFLTWIC,0,0,1,0,1,0,0,1,0,2,3,0,0,2,0,0,1,1,0,1,0,0
PYRVVVLSFELLHA,1,1,0,0,0,0,1,0,1,0,3,0,0,1,1,1,0,0,1,3,0,0
NFNFNGLTGTGVLTE,0,0,3,0,0,0,1,3,0,0,2,0,0,2,0,0,3,0,0,1,0,0
SFVIRGDEVRQIAPGQ,1,2,0,1,0,2,1,2,0,2,0,0,0,1,1,1,0,0,0,2,0,0
AEIRASANLAATKMSE,5,1,1,0,0,0,2,0,0,1,1,1,1,0,0,2,1,0,0,0,0,0
SFRLFARTRSMWSF,1,3,0,0,0,0,0,0,0,0,1,0,1,3,0,3,1,1,0,0,0,0
NCTFEYVSQPFLMDLE,0,0,1,1,1,1,2,0,0,0,2,0,1,2,1,1,1,0,1,1,0,0
CSNLLLQYGSFCTQL,0,0,1,0,2,2,0,1,0,0,4,0,0,1,0,2,1,0,1,0,0,0
IRAAEIRASANLAATKMS,6,2,1,0,0,0,1,0,0,2,1,1,1,0,0,2,1,0,0,0,0,0
NRFLYIIKLIFLWLLW,0,1,1,0,0,0,0,0,0,3,5,1,0,2,0,0,0,2,1,0,0,0
SKTQSLLIVNNATNVV,1,0,3,0,0,1,0,0,0,1,2,1,0,0,0,2,2,0,0,3,0,0
EGVFVSNGTHWFVT,0,0,1,0,0,0,1,2,1,0,0,0,0,2,0,1,2,1,0,3,0,0
KVGGNYNYLYRLFRKSN,0,2,3,0,0,0,0,2,0,0,2,2,0,1,0,1,0,0,3,1,0,0
SNLLLQYGSFCTQLN,0,0,2,0,1,2,0,1,0,0,4,0,0,1,0,2,1,0,1,0,0,0
GYYRRATRRIRGGDGK,1,5,0,1,0,0,0,4,0,1,0,1,0,0,0,0,1,0,2,0,0,0
NRFLYIIKLIFLWLLWPV,0,1,1,0,0,0,0,0,0,3,5,1,0,2,1,0,0,2,1,1,0,0
GNYNYLYRLFRKSNL,0,2,3,0,0,0,0,1,0,0,3,1,0,1,0,1,0,0,3,0,0,0
SFIEDLLFNKVTL,0,0,1,1,0,0,1,0,0,1,3,1,0,2,0,1,1,0,0,1,0,0
ECSNLLLQYGSFCTQ,0,0,1,0,2,2,1,1,0,0,3,0,0,1,0,2,1,0,1,0,0,0
PYRVVVLSFELLH,0,1,0,0,0,0,1,0,1,0,3,0,0,1,1,1,0,0,1,3,0,0
CLVGLMWLSYFIASFR,1,1,0,0,1,0,0,1,0,1,3,0,1,2,0,2,0,1,1,1,0,0
FVFLVLLPLVSSQCVNL,0,0,1,0,1,1,0,0,0,0,5,0,0,2,1,2,0,0,0,4,0,0
WNLVIGFLFLTWI,0,0,1,0,0,0,0,1,0,2,3,0,0,2,0,0,1,2,0,1,0,0
FIASFRLFARTRSMWSF,2,3,0,0,0,0,0,0,0,1,1,0,1,4,0,3,1,1,0,0,0,0
EVFNATRFASVYA,3,1,1,0,0,0,1,0,0,0,0,0,0,2,0,1,1,0,1,2,0,0
VVLSFELLHAPATVCGP,2,0,0,0,1,0,1,1,1,0,3,0,0,1,2,1,1,0,0,3,0,0
FGGFNFSQILPDPS,0,0,1,1,0,1,0,2,0,1,1,0,0,3,2,2,0,0,0,0,0,0
TQSLLIVNNATNV,1,0,3,0,0,1,0,0,0,1,2,0,0,0,0,1,2,0,0,2,0,0
VIGFLFLTWICLLQF,0,0,0,0,1,1,0,1,0,2,4,0,0,3,0,0,1,1,0,1,0,0
PYRVVVLSFELLHAPAT,2,1,0,0,0,0,1,0,1,0,3,0,0,1,2,1,1,0,1,3,0,0
IASFRLFARTRSMWS,2,3,0,0,0,0,0,0,0,1,1,0,1,2,0,3,1,1,0,0,0,0
LIVNNATNVVIKVCEF,1,0,3,0,1,0,1,0,0,2,1,1,0,1,0,0,1,0,0,4,0,0
VTQQLIRAAEIRASAN,4,2,1,0,0,2,1,0,0,2,1,0,0,0,0,1,1,0,0,1,0,0
ENQKLIANQFNSAIG,2,0,3,0,0,2,1,1,0,2,1,1,0,1,0,1,0,0,0,0,0,0
PTESIVRFPNITNLC,0,1,2,0,1,0,1,0,0,2,1,0,0,1,2,1,2,0,0,1,0,0
PTESIVRFPNITNLCP,0,1,2,0,1,0,1,0,0,2,1,0,0,1,3,1,2,0,0,1,0,0
LYIIKLIFLWLLWP,0,0,0,0,0,0,0,0,0,3,5,1,0,1,1,0,0,2,1,0,0,0
RFQTLLALHRSYLTP,1,2,0,0,0,1,0,0,1,0,4,0,0,1,1,1,2,0,1,0,0,0
FRLFARTRSMWSF,1,3,0,0,0,0,0,0,0,0,1,0,1,3,0,2,1,1,0,0,0,0
VLSFELLHAPATVCGP,2,0,0,0,1,0,1,1,1,0,3,0,0,1,2,1,1,0,0,2,0,0
NLLLQYGSFCTQLNR,0,1,2,0,1,2,0,1,0,0,4,0,0,1,0,1,1,0,1,0,0,0
PFGEVFNATRFASVYAWN,3,1,2,0,0,0,1,1,0,0,0,0,0,3,1,1,1,1,1,2,0,0
AQFAPSASAFFGM,4,0,0,0,0,1,0,1,0,0,0,0,1,3,1,2,0,0,0,0,0,0
SFVIRGDEVRQIAPG,1,2,0,1,0,1,1,2,0,2,0,0,0,1,1,1,0,0,0,2,0,0
TRFQTLLALHRSY,1,2,0,0,0,1,0,0,1,0,3,0,0,1,0,1,2,0,1,0,0,0
FVFKNIDGYFKIYSKH,0,0,1,1,0,0,0,1,1,2,0,3,0,3,0,1,0,0,2,1,0,0
SGWTFGAGAALQIPFA,4,0,0,0,0,1,0,3,0,1,1,0,0,2,1,1,1,1,0,0,0,0
PSGTWLTYTGAIKLD,1,0,0,1,0,0,0,2,0,1,2,1,0,0,1,1,3,1,1,0,0,0
PFGEVFNATRFASVYAW,3,1,1,0,0,0,1,1,0,0,0,0,0,3,1,1,1,1,1,2,0,0
GNYNYLYRLFRKSNLKP,0,2,3,0,0,0,0,1,0,0,3,2,0,1,1,1,0,0,3,0,0,0
NATRFASVYAWNRKR,3,3,2,0,0,0,0,0,0,0,0,1,0,1,0,1,1,1,1,1,0,0
ATRFASVYAWNRKRIS,3,3,1,0,0,0,0,0,0,1,0,1,0,1,0,2,1,1,1,1,0,0
RVVVLSFELLHAPATV,2,1,0,0,0,0,1,0,1,0,3,0,0,1,1,1,1,0,0,4,0,0
QPYRVVVLSFELLHA,1,1,0,0,0,1,1,0,1,0,3,0,0,1,1,1,0,0,1,3,0,0
YRINWITGGIAIAMA,3,1,1,0,0,0,0,2,0,4,0,0,1,0,0,0,1,1,1,0,0,0
EVFNATRFASVYAW,3,1,1,0,0,0,1,0,0,0,0,0,0,2,0,1,1,1,1,2,0,0
NITRFQTLLALHRSYL,1,2,1,0,0,1,0,0,1,1,4,0,0,1,0,1,2,0,1,0,0,0
GLMWLSYFIASFRLFA,2,1,0,0,0,0,0,1,0,1,3,0,1,3,0,2,0,1,1,0,0,0
PREGVFVSNGTHWF,0,1,1,0,0,0,1,2,1,0,0,0,0,2,1,1,1,1,0,2,0,0
PSGTWLTYTGAIKL,1,0,0,0,0,0,0,2,0,1,2,1,0,0,1,1,3,1,1,0,0,0
FEYVSQPFLMDL,0,0,0,1,0,1,1,0,0,0,2,0,1,2,1,1,0,0,1,1,0,0
DQIGYYRRATRRIR,1,5,0,1,0,1,0,1,0,2,0,0,0,0,0,0,1,0,2,0,0,0
DYSVLYNSASFSTFK,1,0,1,1,0,0,0,0,0,0,1,1,0,2,0,4,1,0,2,1,0,0
NLVIGFLFLTWICL,0,0,1,0,1,0,0,1,0,2,4,0,0,2,0,0,1,1,0,1,0,0
PREGVFVSNGTHWFVTQ,0,1,1,0,0,1,1,2,1,0,0,0,0,2,1,1,2,1,0,3,0,0
VFNATRFASVYAWNR,3,2,2,0,0,0,0,0,0,0,0,0,0,2,0,1,1,1,1,2,0,0
QIPFAMQMAYRF,2,1,0,0,0,2,0,0,0,1,0,0,2,2,1,0,0,0,1,0,0,0
IGYYRRATRRIRGG,1,5,0,0,0,0,0,3,0,2,0,0,0,0,0,0,1,0,2,0,0,0
LVGLMWLSYFIAS,1,0,0,0,0,0,0,1,0,1,3,0,1,1,0,2,0,1,1,1,0,0
NLREFVFKNIDGYFKI,0,1,2,1,0,0,1,1,0,2,1,2,0,3,0,0,0,0,1,1,0,0
LYIIKLIFLWLLWPV,0,0,0,0,0,0,0,0,0,3,5,1,0,1,1,0,0,2,1,1,0,0
QSLLIVNNATNVVIK,1,0,3,0,0,1,0,0,0,2,2,1,0,0,0,1,1,0,0,3,0,0
WTFGAGAALQIPFAM,4,0,0,0,0,1,0,2,0,1,1,0,1,2,1,0,1,1,0,0,0,0
GFLFLTWICLLQFA,1,0,0,0,1,1,0,1,0,1,4,0,0,3,0,0,1,1,0,0,0,0
ENQKLIANQFNSAI,2,0,3,0,0,2,1,0,0,2,1,1,0,1,0,1,0,0,0,0,0,0
LLQFAYANRNRFL,2,2,2,0,0,1,0,0,0,0,3,0,0,2,0,0,0,0,1,0,0,0
PYRVVVLSFELLHAPA,2,1,0,0,0,0,1,0,1,0,3,0,0,1,2,1,0,0,1,3,0,0
SANNCTFEYVSQPFLMDL,1,0,2,1,1,1,1,0,0,0,2,0,1,2,1,2,1,0,1,1,0,0
TPINLVRDLPQGFSA,1,1,1,1,0,1,0,1,0,1,2,0,0,1,2,1,1,0,0,1,0,0
RNRFLYIIKLIFLWLL,0,2,1,0,0,0,0,0,0,3,5,1,0,2,0,0,0,1,1,0,0,0
WLSYFIASFRLFAR,2,2,0,0,0,0,0,0,0,1,2,0,0,3,0,2,0,1,1,0,0,0
NRFLYIIKLIFLWLLWP,0,1,1,0,0,0,0,0,0,3,5,1,0,2,1,0,0,2,1,0,0,0
MFVFLVLLPLVS,0,0,0,0,0,0,0,0,0,0,4,0,1,2,1,1,0,0,0,3,0,0
NNCTFEYVSQPFLMDLEG,0,0,2,1,1,1,2,1,0,0,2,0,1,2,1,1,1,0,1,1,0,0
YRINWITGGIAIAMAC,3,1,1,0,1,0,0,2,0,4,0,0,1,0,0,0,1,1,1,0,0,0
GNYNYLYRLFRKSN,0,2,3,0,0,0,0,1,0,0,2,1,0,1,0,1,0,0,3,0,0,0
IIKLIFLWLLWPVT,0,0,0,0,0,0,0,0,0,3,4,1,0,1,1,0,1,2,0,1,0,0
YRVVVLSFELLHAPAT,2,1,0,0,0,0,1,0,1,0,3,0,0,1,1,1,1,0,1,3,0,0
GTWLTYTGAIKLDDK,1,0,0,2,0,0,0,2,0,1,2,2,0,0,0,0,3,1,1,0,0,0
PFGEVFNATRFASVYA,3,1,1,0,0,0,1,1,0,0,0,0,0,3,1,1,1,0,1,2,0,0
AALALLLLDRLNQL,3,1,1,1,0,1,0,0,0,0,7,0,0,0,0,0,0,0,0,0,0,0
NRFLYIIKLIFLWLL,0,1,1,0,0,0,0,0,0,3,5,1,0,2,0,0,0,1,1,0,0,0
LQFAYANRNRFLY,2,2,2,0,0,1,0,0,0,0,2,0,0,2,0,0,0,0,2,0,0,0
ACFVLAAVYRINWIT,3,1,1,0,1,0,0,0,0,2,1,0,0,1,0,0,1,1,1,2,0,0
HWPQIAQFAPSASAFFG,4,0,0,0,0,2,0,1,1,1,0,0,0,3,2,2,0,1,0,0,0,0
QIGYYRRATRRIR,1,5,0,0,0,1,0,1,0,2,0,0,0,0,0,0,1,0,2,0,0,0
IGTRNPANNAAIVLQLP,3,1,3,0,0,1,0,1,0,2,2,0,0,0,2,0,1,0,0,1,0,0
LIVNNATNVVIKVCEFQF,1,0,3,0,1,1,1,0,0,2,1,1,0,2,0,0,1,0,0,4,0,0
VLSFELLHAPATVCGPKK,2,0,0,0,1,0,1,1,1,0,3,2,0,1,2,1,1,0,0,2,0,0
SLLIVNNATNVVIKVCE,1,0,3,0,1,0,1,0,0,2,2,1,0,0,0,1,1,0,0,4,0,0
WPQIAQFAPSASAFFGM,4,0,0,0,0,2,0,1,0,1,0,0,1,3,2,2,0,1,0,0,0,0
SYFIASFRLFARTR,2,3,0,0,0,0,0,0,0,1,1,0,0,3,0,2,1,0,1,0,0,0
TQQLIRAAEIRASANL,4,2,1,0,0,2,1,0,0,2,2,0,0,0,0,1,1,0,0,0,0,0
QIGYYRRATRRIRGG,1,5,0,0,0,1,0,3,0,2,0,0,0,0,0,0,1,0,2,0,0,0
QPYRVVVLSFELLHAP,1,1,0,0,0,1,1,0,1,0,3,0,0,1,2,1,0,0,1,3,0,0
QLIRAAEIRASANLAA,6,2,1,0,0,1,1,0,0,2,2,0,0,0,0,1,0,0,0,0,0,0
TSGWTFGAGAALQIP,3,0,0,0,0,1,0,3,0,1,1,0,0,1,1,1,2,1,0,0,0,0
DVVIGIVNNTVYD,0,0,2,2,0,0,0,1,0,2,0,0,0,0,0,0,1,0,1,4,0,0
QIPFAMQMAYRFN,2,1,1,0,0,2,0,0,0,1,0,0,2,2,1,0,0,0,1,0,0,0
EGVFVSNGTHWFVTQR,0,1,1,0,0,1,1,2,1,0,0,0,0,2,0,1,2,1,0,3,0,0
TRFQTLLALHRSYL,1,2,0,0,0,1,0,0,1,0,4,0,0,1,0,1,2,0,1,0,0,0
PFGEVFNATRFASVY,2,1,1,0,0,0,1,1,0,0,0,0,0,3,1,1,1,0,1,2,0,0
QIAQFAPSASAFFG,4,0,0,0,0,2,0,1,0,1,0,0,0,3,1,2,0,0,0,0,0,0
TLSYYKLGASQRVA,2,1,0,0,0,1,0,1,0,0,2,1,0,0,0,2,1,0,2,1,0,0
IVNNATNVVIKVCEF,1,0,3,0,1,0,1,0,0,2,0,1,0,1,0,0,1,0,0,4,0,0
YIIKLIFLWLLWP,0,0,0,0,0,0,0,0,0,3,4,1,0,1,1,0,0,2,1,0,0,0
IAQFAPSASAFFGMSRIG,4,1,0,0,0,1,0,2,0,2,0,0,1,3,1,3,0,0,0,0,0,0
ESIVRFPNITNLC,0,1,2,0,1,0,1,0,0,2,1,0,0,1,1,1,1,0,0,1,0,0
NLVIGFLFLTWI,0,0,1,0,0,0,0,1,0,2,3,0,0,2,0,0,1,1,0,1,0,0
YQPYRVVVLSFELLHAP,1,1,0,0,0,1,1,0,1,0,3,0,0,1,2,1,0,0,2,3,0,0
RVVVLSFELLHAPATVC,2,1,0,0,1,0,1,0,1,0,3,0,0,1,1,1,1,0,0,4,0,0
IWLGFIAGLIAIVMV,2,0,0,0,0,0,0,2,0,4,2,0,1,1,0,0,0,1,0,2,0,0
WLSYFIASFRLFAR,2,2,0,0,0,0,0,0,0,1,2,0,0,3,0,2,0,1,1,0,0,0
RVVVLSFELLHAPAT,2,1,0,0,0,0,1,0,1,0,3,0,0,1,1,1,1,0,0,3,0,0
LYIIKLIFLWLLWPVT,0,0,0,0,0,0,0,0,0,3,5,1,0,1,1,0,1,2,1,1,0,0
HTPINLVRDLPQGF,0,1,1,1,0,1,0,1,1,1,2,0,0,1,2,0,1,0,0,1,0,0
GEVFNATRFASVYAW,3,1,1,0,0,0,1,1,0,0,0,0,0,2,0,1,1,1,1,2,0,0
GTRNPANNAAIVLQLPQG,3,1,3,0,0,2,0,2,0,1,2,0,0,0,2,0,1,0,0,1,0,0
GEVFNATRFASVYAWN,3,1,2,0,0,0,1,1,0,0,0,0,0,2,0,1,1,1,1,2,0,0
IKLIFLWLLWPVTLA,1,0,0,0,0,0,0,0,0,2,5,1,0,1,1,0,1,2,0,1,0,0
IGYYRRATRRIRGGDG,1,5,0,1,0,0,0,4,0,2,0,0,0,0,0,0,1,0,2,0,0,0
FGEVFNATRFASVYAW,3,1,1,0,0,0,1,1,0,0,0,0,0,3,0,1,1,1,1,2,0,0
FLYIIKLIFLWLLWPVT,0,0,0,0,0,0,0,0,0,3,5,1,0,2,1,0,1,2,1,1,0,0
SYFIASFRLFAR,2,2,0,0,0,0,0,0,0,1,1,0,0,3,0,2,0,0,1,0,0,0
PTNFTISVTTEILPVS,0,0,1,0,0,0,1,0,0,2,1,0,0,1,2,2,4,0,0,2,0,0
YRVVVLSFELLHAPAT,2,1,0,0,0,0,1,0,1,0,3,0,0,1,1,1,1,0,1,3,0,0
SRTLSYYKLGASQRVA,2,2,0,0,0,1,0,1,0,0,2,1,0,0,0,3,1,0,2,1,0,0
GTRNPANNAAIVLQLPQ,3,1,3,0,0,2,0,1,0,1,2,0,0,0,2,0,1,0,0,1,0,0
VTQQLIRAAEIRASA,4,2,0,0,0,2,1,0,0,2,1,0,0,0,0,1,1,0,0,1,0,0
QFAYANRNRFLYII,2,2,2,0,0,1,0,0,0,2,1,0,0,2,0,0,0,0,2,0,0,0
PINLVRDLPQGFS,0,1,1,1,0,1,0,1,0,1,2,0,0,1,2,1,0,0,0,1,0,0
AAEIRASANLAATKMSE,6,1,1,0,0,0,2,0,0,1,1,1,1,0,0,2,1,0,0,0,0,0
IAIPTNFTISVTTEI,1,0,1,0,0,0,1,0,0,4,0,0,0,1,1,1,4,0,0,1,0,0
GGNYNYLYRLFRKS,0,2,2,0,0,0,0,2,0,0,2,1,0,1,0,1,0,0,3,0,0,0
NPANNAAIVLQL,3,0,3,0,0,1,0,0,0,1,2,0,0,0,1,0,0,0,0,1,0,0
ACLVGLMWLSYFIAS,2,0,0,0,1,0,0,1,0,1,3,0,1,1,0,2,0,1,1,1,0,0
EVFNATRFASVYAWNRK,3,2,2,0,0,0,1,0,0,0,0,1,0,2,0,1,1,1,1,2,0,0
SLLIVNNATNVVI,1,0,3,0,0,0,0,0,0,2,2,0,0,0,0,1,1,0,0,3,0,0
PYRVVVLSFELLHAPA,2,1,0,0,0,0,1,0,1,0,3,0,0,1,2,1,0,0,1,3,0,0
VIGFLFLTWICLLQFA,1,0,0,0,1,1,0,1,0,2,4,0,0,3,0,0,1,1,0,1,0,0
NNAAIVLQLPQGTTLPKG,2,0,2,0,0,2,0,2,0,1,3,1,0,0,2,0,2,0,0,1,0,0
IKLIFLWLLWPVTL,0,0,0,0,0,0,0,0,0,2,5,1,0,1,1,0,1,2,0,1,0,0
INITRFQTLLALHR,1,2,1,0,0,1,0,0,1,2,3,0,0,1,0,0,2,0,0,0,0,0
YIIKLIFLWLLWPV,0,0,0,0,0,0,0,0,0,3,4,1,0,1,1,0,0,2,1,1,0,0
MFVFLVLLPLVSS,0,0,0,0,0,0,0,0,0,0,4,0,1,2,1,2,0,0,0,3,0,0
FVFLVLLPLVSSQC,0,0,0,0,1,1,0,0,0,0,4,0,0,2,1,2,0,0,0,3,0,0
FVFLVLLPLVSSQCVN,0,0,1,0,1,1,0,0,0,0,4,0,0,2,1,2,0,0,0,4,0,0
MFVFLVLLPLVSSQCV,0,0,0,0,1,1,0,0,0,0,4,0,1,2,1,2,0,0,0,4,0,0
IGYYRRATRRIRGGDG,1,5,0,1,0,0,0,4,0,2,0,0,0,0,0,0,1,0,2,0,0,0
MWLSYFIASFRLFA,2,1,0,0,0,0,0,0,0,1,2,0,1,3,0,2,0,1,1,0,0,0
NAAIVLQLPQGTT,2,0,1,0,0,2,0,1,0,1,2,0,0,0,1,0,2,0,0,1,0,0
RINWITGGIAIAMACL,3,1,1,0,1,0,0,2,0,4,1,0,1,0,0,0,1,1,0,0,0,0
SRTLSYYKLGASQRVAG,2,2,0,0,0,1,0,2,0,0,2,1,0,0,0,3,1,0,2,1,0,0
SPRWYFYYLGTGPEA,1,1,0,0,0,0,1,2,0,0,1,0,0,1,2,1,1,1,3,0,0,0
INWITGGIAIAMAC,3,0,1,0,1,0,0,2,0,4,0,0,1,0,0,0,1,1,0,0,0,0
TLSYYKLGASQRVAGD,2,1,0,1,0,1,0,2,0,0,2,1,0,0,0,2,1,0,2,1,0,0
KTQSLLIVNNATNVVIKV,1,0,3,0,0,1,0,0,0,2,2,2,0,0,0,1,2,0,0,4,0,0
YQPYRVVVLSFELLHA,1,1,0,0,0,1,1,0,1,0,3,0,0,1,1,1,0,0,2,3,0,0
QIGYYRRATRRIRGGD,1,5,0,1,0,1,0,3,0,2,0,0,0,0,0,0,1,0,2,0,0,0
SFVIRGDEVRQIAP,1,2,0,1,0,1,1,1,0,2,0,0,0,1,1,1,0,0,0,2,0,0
GEVFNATRFASVYA,3,1,1,0,0,0,1,1,0,0,0,0,0,2,0,1,1,0,1,2,0,0
NPANNAAIVLQLPQG,3,0,3,0,0,2,0,1,0,1,2,0,0,0,2,0,0,0,0,1,0,0
EFVFKNIDGYFKIY,0,0,1,1,0,0,1,1,0,2,0,2,0,3,0,0,0,0,2,1,0,0
IIKLIFLWLLWPVTLAC,1,0,0,0,1,0,0,0,0,3,5,1,0,1,1,0,1,2,0,1,0,0
LSYYKLGASQRVAGD,2,1,0,1,0,1,0,2,0,0,2,1,0,0,0,2,0,0,2,1,0,0
IKLIFLWLLWPV,0,0,0,0,0,0,0,0,0,2,4,1,0,1,1,0,0,2,0,1,0,0
QSLLIVNNATNVVIK,1,0,3,0,0,1,0,0,0,2,2,1,0,0,0,1,1,0,0,3,0,0
NITRFQTLLALHRS,1,2,1,0,0,1,0,0,1,1,3,0,0,1,0,1,2,0,0,0,0,0
VFNATRFASVYAWNRKR,3,3,2,0,0,0,0,0,0,0,0,1,0,2,0,1,1,1,1,2,0,0
IGINITRFQTLLALHR,1,2,1,0,0,1,0,1,1,3,3,0,0,1,0,0,2,0,0,0,0,0
ECSNLLLQYGSFCT,0,0,1,0,2,1,1,1,0,0,3,0,0,1,0,2,1,0,1,0,0,0
VGLMWLSYFIASFRL,1,1,0,0,0,0,0,1,0,1,3,0,1,2,0,2,0,1,1,1,0,0
SFELLHAPATVC,2,0,0,0,1,0,1,0,1,0,2,0,0,1,1,1,1,0,0,1,0,0
KTQSLLIVNNATNVV,1,0,3,0,0,1,0,0,0,1,2,1,0,0,0,1,2,0,0,3,0,0
NAAIVLQLPQGTTL,2,0,1,0,0,2,0,1,0,1,3,0,0,0,1,0,2,0,0,1,0,0
QSLLIVNNATNVVI,1,0,3,0,0,1,0,0,0,2,2,0,0,0,0,1,1,0,0,3,0,0
LVIGFLFLTWICLLQ,0,0,0,0,1,1,0,1,0,2,5,0,0,2,0,0,1,1,0,1,0,0
GFLFLTWICLLQFAYAN,2,0,1,0,1,1,0,1,0,1,4,0,0,3,0,0,1,1,1,0,0,0
PSKRSFIEDLLFNKVTL,0,1,1,1,0,0,1,0,0,1,3,2,0,2,1,2,1,0,0,1,0,0
ESIVRFPNITNLCP,0,1,2,0,1,0,1,0,0,2,1,0,0,1,2,1,1,0,0,1,0,0
CLLQFAYANRNRFLY,2,2,2,0,1,1,0,0,0,0,3,0,0,2,0,0,0,0,2,0,0,0
ACLVGLMWLSYFIASFR,2,1,0,0,1,0,0,1,0,1,3,0,1,2,0,2,0,1,1,1,0,0
LVGLMWLSYFIASFRLFA,2,1,0,0,0,0,0,1,0,1,4,0,1,3,0,2,0,1,1,1,0,0
PTNFTISVTTEILPV,0,0,1,0,0,0,1,0,0,2,1,0,0,1,2,1,4,0,0,2,0,0
NRFLYIIKLIFLWLL,0,1,1,0,0,0,0,0,0,3,5,1,0,2,0,0,0,1,1,0,0,0
LSYFIASFRLFARTR,2,3,0,0,0,0,0,0,0,1,2,0,0,3,0,2,1,0,1,0,0,0
ITRFQTLLALHRSY,1,2,0,0,0,1,0,0,1,1,3,0,0,1,0,1,2,0,1,0,0,0
TQSLLIVNNATNVV,1,0,3,0,0,1,0,0,0,1,2,0,0,0,0,1,2,0,0,3,0,0
NPANNAAIVLQLPQ,3,0,3,0,0,2,0,0,0,1,2,0,0,0,2,0,0,0,0,1,0,0
FIASFRLFARTRSMW,2,3,0,0,0,0,0,0,0,1,1,0,1,3,0,2,1,1,0,0,0,0
VVLSFELLHAPATVCGPK,2,0,0,0,1,0,1,1,1,0,3,1,0,1,2,1,1,0,0,3,0,0
PINLVRDLPQGFSA,1,1,1,1,0,1,0,1,0,1,2,0,0,1,2,1,0,0,0,1,0,0
TQSLLIVNNATNVVIKVC,1,0,3,0,1,1,0,0,0,2,2,1,0,0,0,1,2,0,0,4,0,0
PYRVVVLSFELLHA,1,1,0,0,0,0,1,0,1,0,3,0,0,1,1,1,0,0,1,3,0,0
GINITRFQTLLALHR,1,2,1,0,0,1,0,1,1,2,3,0,0,1,0,0,2,0,0,0,0,0
NWITGGIAIAMACLV,3,0,1,0,1,0,0,2,0,3,1,0,1,0,0,0,1,1,0,1,0,0
LMWLSYFIASFRL,1,1,0,0,0,0,0,0,0,1,3,0,1,2,0,2,0,1,1,0,0,0
LSFELLHAPATVCGPKKS,2,0,0,0,1,0,1,1,1,0,3,2,0,1,2,2,1,0,0,1,0,0
MFVFLVLLPLVSS,0,0,0,0,0,0,0,0,0,0,4,0,1,2,1,2,0,0,0,3,0,0
RNRFLYIIKLIFLWL,0,2,1,0,0,0,0,0,0,3,4,1,0,2,0,0,0,1,1,0,0,0
DYSVLYNSASFSTF,1,0,1,1,0,0,0,0,0,0,1,0,0,2,0,4,1,0,2,1,0,0
MFVFLVLLPLVSSQCVNL,0,0,1,0,1,1,0,0,0,0,5,0,1,2,1,2,0,0,0,4,0,0
FNFNGLTGTGVLTES,0,0,2,0,0,0,1,3,0,0,2,0,0,2,0,1,3,0,0,1,0,0
YIIKLIFLWLLWPV,0,0,0,0,0,0,0,0,0,3,4,1,0,1,1,0,0,2,1,1,0,0
NRNRFLYIIKLIFLWL,0,2,2,0,0,0,0,0,0,3,4,1,0,2,0,0,0,1,1,0,0,0
SGWTAGAAAYYVGY,4,0,0,0,0,0,0,3,0,0,0,0,0,0,0,1,1,1,3,1,0,0
CLVGLMWLSYFIA,1,0,0,0,1,0,0,1,0,1,3,0,1,1,0,1,0,1,1,1,0,0
SKTQSLLIVNNATNV,1,0,3,0,0,1,0,0,0,1,2,1,0,0,0,2,2,0,0,2,0,0
IGTRNPANNAAIVLQL,3,1,3,0,0,1,0,1,0,2,2,0,0,0,1,0,1,0,0,1,0,0
SNLLLQYGSFCTQL,0,0,1,0,1,2,0,1,0,0,4,0,0,1,0,2,1,0,1,0,0,0
SSGWTAGAAAYYVG,4,0,0,0,0,0,0,3,0,0,0,0,0,0,0,2,1,1,2,1,0,0
DAALALLLLDRLN,3,1,1,2,0,0,0,0,0,0,6,0,0,0,0,0,0,0,0,0,0,0
GWTFGAGAALQIPFA,4,0,0,0,0,1,0,3,0,1,1,0,0,2,1,0,1,1,0,0,0,0
QWNLVIGFLFLTWICLL,0,0,1,0,1,1,0,1,0,2,5,0,0,2,0,0,1,2,0,1,0,0
ANRNRFLYIIKLIFLW,1,2,2,0,0,0,0,0,0,3,3,1,0,2,0,0,0,1,1,0,0,0
TLSYYKLGASQRVA,2,1,0,0,0,1,0,1,0,0,2,1,0,0,0,2,1,0,2,1,0,0
ASFRLFARTRSMWSF,2,3,0,0,0,0,0,0,0,0,1,0,1,3,0,3,1,1,0,0,0,0
YRVVVLSFELLHAPATV,2,1,0,0,0,0,1,0,1,0,3,0,0,1,1,1,1,0,1,4,0,0
FVFKNIDGYFKIYSK,0,0,1,1,0,0,0,1,0,2,0,3,0,3,0,1,0,0,2,1,0,0
WPQIAQFAPSASAFFG,4,0,0,0,0,2,0,1,0,1,0,0,0,3,2,2,0,1,0,0,0,0
QQLIRAAEIRASA,4,2,0,0,0,2,1,0,0,2,1,0,0,0,0,1,0,0,0,0,0,0
TLSYYKLGASQRVAG,2,1,0,0,0,1,0,2,0,0,2,1,0,0,0,2,1,0,2,1,0,0
LEQWNLVIGFLFLTWI,0,0,1,0,0,1,1,1,0,2,4,0,0,2,0,0,1,2,0,1,0,0
NTLVKQLSSNFGAI,1,0,2,0,0,1,0,1,0,1,2,1,0,1,0,2,1,0,0,1,0,0
IPTNFTISVTTEI,0,0,1,0,0,0,1,0,0,3,0,0,0,1,1,1,4,0,0,1,0,0
LIRAAEIRASANLAAT,6,2,1,0,0,0,1,0,0,2,2,0,0,0,0,1,1,0,0,0,0,0
NLVIGFLFLTWICLL,0,0,1,0,1,0,0,1,0,2,5,0,0,2,0,0,1,1,0,1,0,0
GINITRFQTLLALHRS,1,2,1,0,0,1,0,1,1,2,3,0,0,1,0,1,2,0,0,0,0,0
FVFLVLLPLVSSQCV,0,0,0,0,1,1,0,0,0,0,4,0,0,2,1,2,0,0,0,4,0,0
RFLYIIKLIFLWLLWPVT,0,1,0,0,0,0,0,0,0,3,5,1,0,2,1,0,1,2,1,1,0,0
LVGLMWLSYFIASFR,1,1,0,0,0,0,0,1,0,1,3,0,1,2,0,2,0,1,1,1,0,0
PINLVRDLPQGF,0,1,1,1,0,1,0,1,0,1,2,0,0,1,2,0,0,0,0,1,0,0
LVIGFLFLTWICLLQF,0,0,0,0,1,1,0,1,0,2,5,0,0,3,0,0,1,1,0,1,0,0
AAEIRASANLAATKMS,6,1,1,0,0,0,1,0,0,1,1,1,1,0,0,2,1,0,0,0,0,0
TRFQTLLALHRSY,1,2,0,0,0,1,0,0,1,0,3,0,0,1,0,1,2,0,1,0,0,0
IASFRLFARTRS,2,3,0,0,0,0,0,0,0,1,1,0,0,2,0,2,1,0,0,0,0,0
VGLMWLSYFIASFRLF,1,1,0,0,0,0,0,1,0,1,3,0,1,3,0,2,0,1,1,1,0,0
RVVVLSFELLHAPATVC,2,1,0,0,1,0,1,0,1,0,3,0,0,1,1,1,1,0,0,4,0,0
PSKRSFIEDLLFNKV,0,1,1,1,0,0,1,0,0,1,2,2,0,2,1,2,0,0,0,1,0,0
EFVFKNIDGYFKIYSK,0,0,1,1,0,0,1,1,0,2,0,3,0,3,0,1,0,0,2,1,0,0
RNPANNAAIVLQLPQ,3,1,3,0,0,2,0,0,0,1,2,0,0,0,2,0,0,0,0,1,0,0
QLIRAAEIRASAN,4,2,1,0,0,1,1,0,0,2,1,0,0,0,0,1,0,0,0,0,0,0
ACFVLAAVYRINWI,3,1,1,0,1,0,0,0,0,2,1,0,0,1,0,0,0,1,1,2,0,0
SLLIVNNATNVVIKVC,1,0,3,0,1,0,0,0,0,2,2,1,0,0,0,1,1,0,0,4,0,0
NWITGGIAIAMACLVG,3,0,1,0,1,0,0,3,0,3,1,0,1,0,0,0,1,1,0,1,0,0
GLMWLSYFIASF,1,0,0,0,0,0,0,1,0,1,2,0,1,2,0,2,0,1,1,0,0,0
GEVFNATRFASVYAWN,3,1,2,0,0,0,1,1,0,0,0,0,0,2,0,1,1,1,1,2,0,0
SGWTFGAGAALQIPF,3,0,0,0,0,1,0,3,0,1,1,0,0,2,1,1,1,1,0,0,0,0
LMWLSYFIASFRLFAR,2,2,0,0,0,0,0,0,0,1,3,0,1,3,0,2,0,1,1,0,0,0
RFLYIIKLIFLWLLWP,0,1,0,0,0,0,0,0,0,3,5,1,0,2,1,0,0,2,1,0,0,0
RTLSYYKLGASQRVA,2,2,0,0,0,1,0,1,0,0,2,1,0,0,0,2,1,0,2,1,0,0
LFLPFFSNVTWFHAI,1,0,1,0,0,0,0,0,1,1,2,0,0,4,1,1,1,1,0,1,0,0
AALALLLLDRLNQ,3,1,1,1,0,1,0,0,0,0,6,0,0,0,0,0,0,0,0,0,0,0
DQIGYYRRATRRIRG,1,5,0,1,0,1,0,2,0,2,0,0,0,0,0,0,1,0,2,0,0,0
ASFRLFARTRSMWS,2,3,0,0,0,0,0,0,0,0,1,0,1,2,0,3,1,1,0,0,0,0
VGLMWLSYFIASFRL,1,1,0,0,0,0,0,1,0,1,3,0,1,2,0,2,0,1,1,1,0,0
AAEIRASANLAATKM,6,1,1,0,0,0,1,0,0,1,1,1,1,0,0,1,1,0,0,0,0,0
VFNATRFASVYAWNRK,3,2,2,0,0,0,0,0,0,0,0,1,0,2,0,1,1,1,1,2,0,0
SGWTFGAGAALQIP,3,0,0,0,0,1,0,3,0,1,1,0,0,1,1,1,1,1,0,0,0,0
ITRFQTLLALHRS,1,2,0,0,0,1,0,0,1,1,3,0,0,1,0,1,2,0,0,0,0,0
TQSLLIVNNATNVVI,1,0,3,0,0,1,0,0,0,2,2,0,0,0,0,1,2,0,0,3,0,0
TFEYVSQPFLMDLE,0,0,0,1,0,1,2,0,0,0,2,0,1,2,1,1,1,0,1,1,0,0
QPYRVVVLSFELLHAP,1,1,0,0,0,1,1,0,1,0,3,0,0,1,2,1,0,0,1,3,0,0
TESIVRFPNITNLC,0,1,2,0,1,0,1,0,0,2,1,0,0,1,1,1,2,0,0,1,0,0
SKTQSLLIVNNATNVVI,1,0,3,0,0,1,0,0,0,2,2,1,0,0,0,2,2,0,0,3,0,0
HIGTRNPANNAAIVLQL,3,1,3,0,0,1,0,1,1,2,2,0,0,0,1,0,1,0,0,1,0,0
LSYYKLGASQRVA,2,1,0,0,0,1,0,1,0,0,2,1,0,0,0,2,0,0,2,1,0,0
AEIRASANLAATKMS,5,1,1,0,0,0,1,0,0,1,1,1,1,0,0,2,1,0,0,0,0,0
SKRSFIEDLLFNKV,0,1,1,1,0,0,1,0,0,1,2,2,0,2,0,2,0,0,0,1,0,0
SIVRFPNITNLCPF,0,1,2,0,1,0,0,0,0,2,1,0,0,2,2,1,1,0,0,1,0,0
SKTQSLLIVNNATNV,1,0,3,0,0,1,0,0,0,1,2,1,0,0,0,2,2,0,0,2,0,0
YRVVVLSFELLHAPATV,2,1,0,0,0,0,1,0,1,0,3,0,0,1,1,1,1,0,1,4,0,0
ALALLLLDRLNQLE,2,1,1,1,0,1,1,0,0,0,7,0,0,0,0,0,0,0,0,0,0,0
PTESIVRFPNITNL,0,1,2,0,0,0,1,0,0,2,1,0,0,1,2,1,2,0,0,1,0,0
YQPYRVVVLSFELL,0,1,0,0,0,1,1,0,0,0,3,0,0,1,1,1,0,0,2,3,0,0
VVVLSFELLHAPATVCG,2,0,0,0,1,0,1,1,1,0,3,0,0,1,1,1,1,0,0,4,0,0
FVIRGDEVRQIAPGQ,1,2,0,1,0,2,1,2,0,2,0,0,0,1,1,0,0,0,0,2,0,0
AALQIPFAMQMAYRF,4,1,0,0,0,2,0,0,0,1,1,0,2,2,1,0,0,0,1,0,0,0
QQLIRAAEIRASAN,4,2,1,0,0,2,1,0,0,2,1,0,0,0,0,1,0,0,0,0,0,0
QWNLVIGFLFLTWICLL,0,0,1,0,1,1,0,1,0,2,5,0,0,2,0,0,1,2,0,1,0,0
GEVFNATRFASVYAW,3,1,1,0,0,0,1,1,0,0,0,0,0,2,0,1,1,1,1,2,0,0
SRTLSYYKLGASQRVAGD,2,2,0,1,0,1,0,2,0,0,2,1,0,0,0,3,1,0,2,1,0,0
SGTWLTYTGAIKLDD,1,0,0,2,0,0,0,2,0,1,2,1,0,0,0,1,3,1,1,0,0,0
MFVFLVLLPLVS,0,0,0,0,0,0,0,0,0,0,4,0,1,2,1,1,0,0,0,3,0,0
TYVTQQLIRAAEIRAS,3,2,0,0,0,2,1,0,0,2,1,0,0,0,0,1,2,0,1,1,0,0
AMACLVGLMWLSYFIA,3,0,0,0,1,0,0,1,0,1,3,0,2,1,0,1,0,1,1,1,0,0
YRVVVLSFELLH,0,1,0,0,0,0,1,0,1,0,3,0,0,1,0,1,0,0,1,3,0,0
RVVVLSFELLHAPAT,2,1,0,0,0,0,1,0,1,0,3,0,0,1,1,1,1,0,0,3,0,0
FGEVFNATRFASVYA,3,1,1,0,0,0,1,1,0,0,0,0,0,3,0,1,1,0,1,2,0,0
RFQTLLALHRSYLTP,1,2,0,0,0,1,0,0,1,0,4,0,0,1,1,1,2,0,1,0,0,0
RTLSYYKLGASQRVAG,2,2,0,0,0,1,0,2,0,0,2,1,0,0,0,2,1,0,2,1,0,0
QSLLIVNNATNVVIKV,1,0,3,0,0,1,0,0,0,2,2,1,0,0,0,1,1,0,0,4,0,0
WPQIAQFAPSASAFFGMS,4,0,0,0,0,2,0,1,0,1,0,0,1,3,2,3,0,1,0,0,0,0
ANRNRFLYIIKLIFL,1,2,2,0,0,0,0,0,0,3,3,1,0,2,0,0,0,0,1,0,0,0
SLLIVNNATNVV,1,0,3,0,0,0,0,0,0,1,2,0,0,0,0,1,1,0,0,3,0,0
LMWLSYFIASFRLFART,2,2,0,0,0,0,0,0,0,1,3,0,1,3,0,2,1,1,1,0,0,0
SFRLFARTRSMWS,1,3,0,0,0,0,0,0,0,0,1,0,1,2,0,3,1,1,0,0,0,0
NNAAIVLQLPQGT,2,0,2,0,0,2,0,1,0,1,2,0,0,0,1,0,1,0,0,1,0,0
VFNATRFASVYAWN,3,1,2,0,0,0,0,0,0,0,0,0,0,2,0,1,1,1,1,2,0,0
GTWLTYTGAIKL,1,0,0,0,0,0,0,2,0,1,2,1,0,0,0,0,3,1,1,0,0,0
WLSYFIASFRLFART,2,2,0,0,0,0,0,0,0,1,2,0,0,3,0,2,1,1,1,0,0,0
QIAQFAPSASAFF,4,0,0,0,0,2,0,0,0,1,0,0,0,3,1,2,0,0,0,0,0,0
WLSYFIASFRLFARTRS,2,3,0,0,0,0,0,0,0,1,2,0,0,3,0,3,1,1,1,0,0,0
INWITGGIAIAMACLV,3,0,1,0,1,0,0,2,0,4,1,0,1,0,0,0,1,1,0,1,0,0
NNCTFEYVSQPFLMD,0,0,2,1,1,1,1,0,0,0,1,0,1,2,1,1,1,0,1,1,0,0
LLIVNNATNVVIKVCEF,1,0,3,0,1,0,1,0,0,2,2,1,0,1,0,0,1,0,0,4,0,0
VTQQLIRAAEIRASANL,4,2,1,0,0,2,1,0,0,2,2,0,0,0,0,1,1,0,0,1,0,0
PREGVFVSNGTHWFV,0,1,1,0,0,0,1,2,1,0,0,0,0,2,1,1,1,1,0,3,0,0
LYIIKLIFLWLLWPVTLA,1,0,0,0,0,0,0,0,0,3,6,1,0,1,1,0,1,2,1,1,0,0
SLLIVNNATNVVIKVCE,1,0,3,0,1,0,1,0,0,2,2,1,0,0,0,1,1,0,0,4,0,0
RFLYIIKLIFLWLLWPV,0,1,0,0,0,0,0,0,0,3,5,1,0,2,1,0,0,2,1,1,0,0
RFQTLLALHRSYL,1,2,0,0,0,1,0,0,1,0,4,0,0,1,0,1,1,0,1,0,0,0
GVGYQPYRVVVLSFELL,0,1,0,0,0,1,1,2,0,0,3,0,0,1,1,1,0,0,2,4,0,0
VVVLSFELLHAPATVC,2,0,0,0,1,0,1,0,1,0,3,0,0,1,1,1,1,0,0,4,0,0
NRNRFLYIIKLIFLWLL,0,2,2,0,0,0,0,0,0,3,5,1,0,2,0,0,0,1,1,0,0,0
VFVSNGTHWFVT,0,0,1,0,0,0,0,1,1,0,0,0,0,2,0,1,2,1,0,3,0,0
GYYRRATRRIRGGDG,1,5,0,1,0,0,0,4,0,1,0,0,0,0,0,0,1,0,2,0,0,0
RNPANNAAIVLQLPQGTT,3,1,3,0,0,2,0,1,0,1,2,0,0,0,2,0,2,0,0,1,0,0
PYRVVVLSFELLHAP,1,1,0,0,0,0,1,0,1,0,3,0,0,1,2,1,0,0,1,3,0,0
QWNLVIGFLFLTW,0,0,1,0,0,1,0,1,0,1,3,0,0,2,0,0,1,2,0,1,0,0
MWLSYFIASFRLF,1,1,0,0,0,0,0,0,0,1,2,0,1,3,0,2,0,1,1,0,0,0
WITGGIAIAMACL,3,0,0,0,1,0,0,2,0,3,1,0,1,0,0,0,1,1,0,0,0,0
CLVGLMWLSYFIASFRLF,1,1,0,0,1,0,0,1,0,1,4,0,1,3,0,2,0,1,1,1,0,0
IFLWLLWPVTLACFVLA,2,0,0,0,1,0,0,0,0,1,5,0,0,2,1,0,1,2,0,2,0,0
MWLSYFIASFRLFART,2,2,0,0,0,0,0,0,0,1,2,0,1,3,0,2,1,1,1,0,0,0
NRFLYIIKLIFLWLLW,0,1,1,0,0,0,0,0,0,3,5,1,0,2,0,0,0,2,1,0,0,0
AEIRASANLAATKM,5,1,1,0,0,0,1,0,0,1,1,1,1,0,0,1,1,0,0,0,0,0
DIPIGAGICASYQT,2,0,0,1,1,1,0,2,0,3,0,0,0,0,1,1,1,0,1,0,0,0
PANNAAIVLQLPQGTTLP,3,0,2,0,0,2,0,1,0,1,3,0,0,0,3,0,2,0,0,1,0,0
LCPFGEVFNATRFASVY,2,1,1,0,1,0,1,1,0,0,1,0,0,3,1,1,1,0,1,2,0,0
ADSFVIRGDEVRQI,1,2,0,2,0,1,1,1,0,2,0,0,0,1,0,1,0,0,0,2,0,0
LLIVNNATNVVIKVC,1,0,3,0,1,0,0,0,0,2,2,1,0,0,0,0,1,0,0,4,0,0
MFVFLVLLPLVS,0,0,0,0,0,0,0,0,0,0,4,0,1,2,1,1,0,0,0,3,0,0
FGEVFNATRFASVY,2,1,1,0,0,0,1,1,0,0,0,0,0,3,0,1,1,0,1,2,0,0
LVGLMWLSYFIASF,1,0,0,0,0,0,0,1,0,1,3,0,1,2,0,2,0,1,1,1,0,0
TLSYYKLGASQRVAG,2,1,0,0,0,1,0,2,0,0,2,1,0,0,0,2,1,0,2,1,0,0
NYLYRLFRKSNL,0,2,2,0,0,0,0,0,0,0,3,1,0,1,0,1,0,0,2,0,0,0
NITRFQTLLALHRSYL,1,2,1,0,0,1,0,0,1,1,4,0,0,1,0,1,2,0,1,0,0,0
TSGWTFGAGAALQI,3,0,0,0,0,1,0,3,0,1,1,0,0,1,0,1,2,1,0,0,0,0
CLVGLMWLSYFIASFRL,1,1,0,0,1,0,0,1,0,1,4,0,1,2,0,2,0,1,1,1,0,0
WNLVIGFLFLTWICLL,0,0,1,0,1,0,0,1,0,2,5,0,0,2,0,0,1,2,0,1,0,0
ITGGIAIAMACL,3,0,0,0,1,0,0,2,0,3,1,0,1,0,0,0,1,0,0,0,0,0
SYFIASFRLFARTRS,2,3,0,0,0,0,0,0,0,1,1,0,0,3,0,3,1,0,1,0,0,0
FEYVSQPFLMDLEGK,0,0,0,1,0,1,2,1,0,0,2,1,1,2,1,1,0,0,1,1,0,0
WITGGIAIAMACLVGL,3,0,0,0,1,0,0,3,0,3,2,0,1,0,0,0,1,1,0,1,0,0
RVVVLSFELLHAPA,2,1,0,0,0,0,1,0,1,0,3,0,0,1,1,1,0,0,0,3,0,0
LSYFIASFRLFART,2,2,0,0,0,0,0,0,0,1,2,0,0,3,0,2,1,0,1,0,0,0
YRVVVLSFELLHA,1,1,0,0,0,0,1,0,1,0,3,0,0,1,0,1,0,0,1,3,0,0
VVVLSFELLHAPA,2,0,0,0,0,0,1,0,1,0,3,0,0,1,1,1,0,0,0,3,0,0
ITRFQTLLALHR,1,2,0,0,0,1,0,0,1,1,3,0,0,1,0,0,2,0,0,0,0,0
KRSFIEDLLFNKVTLAD,1,1,1,2,0,0,1,0,0,1,3,2,0,2,0,1,1,0,0,1,0,0
GINITRFQTLLALHR,1,2,1,0,0,1,0,1,1,2,3,0,0,1,0,0,2,0,0,0,0,0
QQLIRAAEIRASANLA,5,2,1,0,0,2,1,0,0,2,2,0,0,0,0,1,0,0,0,0,0,0
QIGYYRRATRRIRG,1,5,0,0,0,1,0,2,0,2,0,0,0,0,0,0,1,0,2,0,0,0
PINLVRDLPQGF,0,1,1,1,0,1,0,1,0,1,2,0,0,1,2,0,0,0,0,1,0,0
VYRINWITGGIAIAM,2,1,1,0,0,0,0,2,0,4,0,0,1,0,0,0,1,1,1,1,0,0
VVVLSFELLHAPATV,2,0,0,0,0,0,1,0,1,0,3,0,0,1,1,1,1,0,0,4,0,0
WNLVIGFLFLTWICLL,0,0,1,0,1,0,0,1,0,2,5,0,0,2,0,0,1,2,0,1,0,0
NLREFVFKNIDGYFK,0,1,2,1,0,0,1,1,0,1,1,2,0,3,0,0,0,0,1,1,0,0
LLIVNNATNVVIKVC,1,0,3,0,1,0,0,0,0,2,2,1,0,0,0,0,1,0,0,4,0,0
YSVLYNSASFSTFK,1,0,1,0,0,0,0,0,0,0,1,1,0,2,0,4,1,0,2,1,0,0
KVGGNYNYLYRLFR,0,2,2,0,0,0,0,2,0,0,2,1,0,1,0,0,0,0,3,1,0,0
LLQFAYANRNRFLY,2,2,2,0,0,1,0,0,0,0,3,0,0,2,0,0,0,0,2,0,0,0
YFIASFRLFARTRSMW,2,3,0,0,0,0,0,0,0,1,1,0,1,3,0,2,1,1,1,0,0,0
RNRFLYIIKLIFLWL,0,2,1,0,0,0,0,0,0,3,4,1,0,2,0,0,0,1,1,0,0,0
PTNFTISVTTEILP,0,0,1,0,0,0,1,0,0,2,1,0,0,1,2,1,4,0,0,1,0,0
VVVLSFELLHAPATV,2,0,0,0,0,0,1,0,1,0,3,0,0,1,1,1,1,0,0,4,0,0
KTQSLLIVNNATNVVI,1,0,3,0,0,1,0,0,0,2,2,1,0,0,0,1,2,0,0,3,0,0
RFLYIIKLIFLWLLWPV,0,1,0,0,0,0,0,0,0,3,5,1,0,2,1,0,0,2,1,1,0,0
GWTFGAGAALQIP,3,0,0,0,0,1,0,3,0,1,1,0,0,1,1,0,1,1,0,0,0,0
FELLHAPATVCGPKK,2,0,0,0,1,0,1,1,1,0,2,2,0,1,2,0,1,0,0,1,0,0
VFNATRFASVYAWNR,3,2,2,0,0,0,0,0,0,0,0,0,0,2,0,1,1,1,1,2,0,0
EGVFVSNGTHWFVTQ,0,0,1,0,0,1,1,2,1,0,0,0,0,2,0,1,2,1,0,3,0,0
IIKLIFLWLLWPVTLA,1,0,0,0,0,0,0,0,0,3,5,1,0,1,1,0,1,2,0,1,0,0
FVFKNIDGYFKIYS,0,0,1,1,0,0,0,1,0,2,0,2,0,3,0,1,0,0,2,1,0,0
VLSFELLHAPATV,2,0,0,0,0,0,1,0,1,0,3,0,0,1,1,1,1,0,0,2,0,0
REGVFVSNGTHWFVTQR,0,2,1,0,0,1,1,2,1,0,0,0,0,2,0,1,2,1,0,3,0,0
WNLVIGFLFLTWICL,0,0,1,0,1,0,0,1,0,2,4,0,0,2,0,0,1,2,0,1,0,0
VGLMWLSYFIASFR,1,1,0,0,0,0,0,1,0,1,2,0,1,2,0,2,0,1,1,1,0,0
GLMWLSYFIASFRLFART,2,2,0,0,0,0,0,1,0,1,3,0,1,3,0,2,1,1,1,0,0,0
QSLLIVNNATNVVIKVCE,1,0,3,0,1,1,1,0,0,2,2,1,0,0,0,1,1,0,0,4,0,0
PINLVRDLPQGFSAL,1,1,1,1,0,1,0,1,0,1,3,0,0,1,2,1,0,0,0,1,0,0
ANNAAIVLQLPQGT,3,0,2,0,0,2,0,1,0,1,2,0,0,0,1,0,1,0,0,1,0,0
NYNYLYRLFRKSNL,0,2,3,0,0,0,0,0,0,0,3,1,0,1,0,1,0,0,3,0,0,0
TRFQTLLALHRSYLTP,1,2,0,0,0,1,0,0,1,0,4,0,0,1,1,1,3,0,1,0,0,0
VTQQLIRAAEIRASAN,4,2,1,0,0,2,1,0,0,2,1,0,0,0,0,1,1,0,0,1,0,0
LYIIKLIFLWLLWPVTL,0,0,0,0,0,0,0,0,0,3,6,1,0,1,1,0,1,2,1,1,0,0
DEMIAQYTSALLAG,3,0,0,1,0,1,1,1,0,1,2,0,1,0,0,1,1,0,1,0,0,0
SYFIASFRLFARTRS,2,3,0,0,0,0,0,0,0,1,1,0,0,3,0,3,1,0,1,0,0,0
DDQIGYYRRATRRIR,1,5,0,2,0,1,0,1,0,2,0,0,0,0,0,0,1,0,2,0,0,0
PTNFTISVTTEIL,0,0,1,0,0,0,1,0,0,2,1,0,0,1,1,1,4,0,0,1,0,0
GFLFLTWICLLQFAY,1,0,0,0,1,1,0,1,0,1,4,0,0,3,0,0,1,1,1,0,0,0
GEVFNATRFASVYAWNR,3,2,2,0,0,0,1,1,0,0,0,0,0,2,0,1,1,1,1,2,0,0
PANNAAIVLQLP,3,0,2,0,0,1,0,0,0,1,2,0,0,0,2,0,0,0,0,1,0,0
GEVFNATRFASV,2,1,1,0,0,0,1,1,0,0,0,0,0,2,0,1,1,0,0,2,0,0
DSFVIRGDEVRQIAP,1,2,0,2,0,1,1,1,0,2,0,0,0,1,1,1,0,0,0,2,0,0
KHTPINLVRDLPQGF,0,1,1,1,0,1,0,1,1,1,2,1,0,1,2,0,1,0,0,1,0,0
ITGGIAIAMACLVGLM,3,0,0,0,1,0,0,3,0,3,2,0,2,0,0,0,1,0,0,1,0,0
FVFLVLLPLVSS,0,0,0,0,0,0,0,0,0,0,4,0,0,2,1,2,0,0,0,3,0,0
SGWTFGAGAALQI,3,0,0,0,0,1,0,3,0,1,1,0,0,1,0,1,1,1,0,0,0,0
VLSFELLHAPATVCGPK,2,0,0,0,1,0,1,1,1,0,3,1,0,1,2,1,1,0,0,2,0,0
LACFVLAAVYRINWI,3,1,1,0,1,0,0,0,0,2,2,0,0,1,0,0,0,1,1,2,0,0
YRVVVLSFELLHA,1,1,0,0,0,0,1,0,1,0,3,0,0,1,0,1,0,0,1,3,0,0
RWYFYYLGTGPEAG,1,1,0,0,0,0,1,3,0,0,1,0,0,1,1,0,1,1,3,0,0,0
FLYIIKLIFLWLL,0,0,0,0,0,0,0,0,0,3,5,1,0,2,0,0,0,1,1,0,0,0
DVVIGIVNNTVYDP,0,0,2,2,0,0,0,1,0,2,0,0,0,0,1,0,1,0,1,4,0,0
LACFVLAAVYRINW,3,1,1,0,1,0,0,0,0,1,2,0,0,1,0,0,0,1,1,2,0,0
CPFGEVFNATRFASVY,2,1,1,0,1,0,1,1,0,0,0,0,0,3,1,1,1,0,1,2,0,0
YIIKLIFLWLLW,0,0,0,0,0,0,0,0,0,3,4,1,0,1,0,0,0,2,1,0,0,0
EFVFKNIDGYFKIYS,0,0,1,1,0,0,1,1,0,2,0,2,0,3,0,1,0,0,2,1,0,0
ITRFQTLLALHR,1,2,0,0,0,1,0,0,1,1,3,0,0,1,0,0,2,0,0,0,0,0
LYIIKLIFLWLLWPVTLA,1,0,0,0,0,0,0,0,0,3,6,1,0,1,1,0,1,2,1,1,0,0
YIIKLIFLWLLWPVTLAC,1,0,0,0,1,0,0,0,0,3,5,1,0,1,1,0,1,2,1,1,0,0
NLLLQYGSFCTQL,0,0,1,0,1,2,0,1,0,0,4,0,0,1,0,1,1,0,1,0,0,0
SKRSFIEDLLFNKVT,0,1,1,1,0,0,1,0,0,1,2,2,0,2,0,2,1,0,0,1,0,0
LLIVNNATNVVIKVCEFQ,1,0,3,0,1,1,1,0,0,2,2,1,0,1,0,0,1,0,0,4,0,0
YVTQQLIRAAEIRASA,4,2,0,0,0,2,1,0,0,2,1,0,0,0,0,1,1,0,1,1,0,0
PINLVRDLPQGFSALE,1,1,1,1,0,1,1,1,0,1,3,0,0,1,2,1,0,0,0,1,0,0
SANNCTFEYVSQPFLMD,1,0,2,1,1,1,1,0,0,0,1,0,1,2,1,2,1,0,1,1,0,0
GNYNYLYRLFRKSNL,0,2,3,0,0,0,0,1,0,0,3,1,0,1,0,1,0,0,3,0,0,0
LDSKTQSLLIVNNATNVV,1,0,3,1,0,1,0,0,0,1,3,1,0,0,0,2,2,0,0,3,0,0
TRFQTLLALHRSYL,1,2,0,0,0,1,0,0,1,0,4,0,0,1,0,1,2,0,1,0,0,0
IAIPTNFTISVTTEIL,1,0,1,0,0,0,1,0,0,4,1,0,0,1,1,1,4,0,0,1,0,0
LYIIKLIFLWLLWPV,0,0,0,0,0,0,0,0,0,3,5,1,0,1,1,0,0,2,1,1,0,0
CPFGEVFNATRFASVYAW,3,1,1,0,1,0,1,1,0,0,0,0,0,3,1,1,1,1,1,2,0,0
RAAEIRASANLAATKM,6,2,1,0,0,0,1,0,0,1,1,1,1,0,0,1,1,0,0,0,0,0
IGYYRRATRRIRGGD,1,5,0,1,0,0,0,3,0,2,0,0,0,0,0,0,1,0,2,0,0,0
YRVVVLSFELLHAPATV,2,1,0,0,0,0,1,0,1,0,3,0,0,1,1,1,1,0,1,4,0,0
KCVNFNFNGLTGTGV,0,0,3,0,1,0,0,3,0,0,1,1,0,2,0,0,2,0,0,2,0,0
QIAQFAPSASAFFGM,4,0,0,0,0,2,0,1,0,1,0,0,1,3,1,2,0,0,0,0,0,0
ITRFQTLLALHRSYL,1,2,0,0,0,1,0,0,1,1,4,0,0,1,0,1,2,0,1,0,0,0
VQPTESIVRFPNITNL,0,1,2,0,0,1,1,0,0,2,1,0,0,1,2,1,2,0,0,2,0,0
MWLSYFIASFRLFA,2,1,0,0,0,0,0,0,0,1,2,0,1,3,0,2,0,1,1,0,0,0
RTLSYYKLGASQRV,1,2,0,0,0,1,0,1,0,0,2,1,0,0,0,2,1,0,2,1,0,0
GYQPYRVVVLSFELLH,0,1,0,0,0,1,1,1,1,0,3,0,0,1,1,1,0,0,2,3,0,0
NCTFEYVSQPFLMDL,0,0,1,1,1,1,1,0,0,0,2,0,1,2,1,1,1,0,1,1,0,0
IVNNATNVVIKVCEFQF,1,0,3,0,1,1,1,0,0,2,0,1,0,2,0,0,1,0,0,4,0,0
YRVVVLSFELLHAPAT,2,1,0,0,0,0,1,0,1,0,3,0,0,1,1,1,1,0,1,3,0,0
LMWLSYFIASFRLFA,2,1,0,0,0,0,0,0,0,1,3,0,1,3,0,2,0,1,1,0,0,0
TSRTLSYYKLGASQRVAG,2,2,0,0,0,1,0,2,0,0,2,1,0,0,0,3,2,0,2,1,0,0
EVFNATRFASVYAWNR,3,2,2,0,0,0,1,0,0,0,0,0,0,2,0,1,1,1,1,2,0,0
DHIGTRNPANNAAIVLQL,3,1,3,1,0,1,0,1,1,2,2,0,0,0,1,0,1,0,0,1,0,0
YQPYRVVVLSFELLHA,1,1,0,0,0,1,1,0,1,0,3,0,0,1,1,1,0,0,2,3,0,0
MFVFLVLLPLVSSQ,0,0,0,0,0,1,0,0,0,0,4,0,1,2,1,2,0,0,0,3,0,0
TRNPANNAAIVLQLPQG,3,1,3,0,0,2,0,1,0,1,2,0,0,0,2,0,1,0,0,1,0,0
NRFLYIIKLIFLW,0,1,1,0,0,0,0,0,0,3,3,1,0,2,0,0,0,1,1,0,0,0
QSLLIVNNATNVVIKVC,1,0,3,0,1,1,0,0,0,2,2,1,0,0,0,1,1,0,0,4,0,0
SGWTFGAGAALQIPFA,4,0,0,0,0,1,0,3,0,1,1,0,0,2,1,1,1,1,0,0,0,0
NLVIGFLFLTWICLLQF,0,0,1,0,1,1,0,1,0,2,5,0,0,3,0,0,1,1,0,1,0,0
WLSYFIASFRLFAR,2,2,0,0,0,0,0,0,0,1,2,0,0,3,0,2,0,1,1,0,0,0
GLMWLSYFIASFR,1,1,0,0,0,0,0,1,0,1,2,0,1,2,0,2,0,1,1,0,0,0
YVTQQLIRAAEIRASAN,4,2,1,0,0,2,1,0,0,2,1,0,0,0,0,1,1,0,1,1,0,0
GEVFNATRFASVY,2,1,1,0,0,0,1,1,0,0,0,0,0,2,0,1,1,0,1,2,0,0
SGWTFGAGAALQIPFAM,4,0,0,0,0,1,0,3,0,1,1,0,1,2,1,1,1,1,0,0,0,0
TRFQTLLALHRSYLT,1,2,0,0,0,1,0,0,1,0,4,0,0,1,0,1,3,0,1,0,0,0
LMWLSYFIASFRLF,1,1,0,0,0,0,0,0,0,1,3,0,1,3,0,2,0,1,1,0,0,0
AQFAPSASAFFGMSRIG,4,1,0,0,0,1,0,2,0,1,0,0,1,3,1,3,0,0,0,0,0,0
PTNFTISVTTEI,0,0,1,0,0,0,1,0,0,2,0,0,0,1,1,1,4,0,0,1,0,0
TQQLIRAAEIRASAN,4,2,1,0,0,2,1,0,0,2,1,0,0,0,0,1,1,0,0,0,0,0
DSKTQSLLIVNNATNVVI,1,0,3,1,0,1,0,0,0,2,2,1,0,0,0,2,2,0,0,3,0,0
PYRVVVLSFELLHAPA,2,1,0,0,0,0,1,0,1,0,3,0,0,1,2,1,0,0,1,3,0,0
TNFTISVTTEIL,0,0,1,0,0,0,1,0,0,2,1,0,0,1,0,1,4,0,0,1,0,0
FELLHAPATVCG,2,0,0,0,1,0,1,1,1,0,2,0,0,1,1,0,1,0,0,1,0,0
YYRRATRRIRGGDGKM,1,5,0,1,0,0,0,3,0,1,0,1,1,0,0,0,1,0,2,0,0,0
SVLYNSASFSTFK,1,0,1,0,0,0,0,0,0,0,1,1,0,2,0,4,1,0,1,1,0,0
NNCTFEYVSQPFLMDLE,0,0,2,1,1,1,2,0,0,0,2,0,1,2,1,1,1,0,1,1,0,0
QPYRVVVLSFELLHA,1,1,0,0,0,1,1,0,1,0,3,0,0,1,1,1,0,0,1,3,0,0
WNLVIGFLFLTW,0,0,1,0,0,0,0,1,0,1,3,0,0,2,0,0,1,2,0,1,0,0
GTWLTYTGAIKLD,1,0,0,1,0,0,0,2,0,1,2,1,0,0,0,0,3,1,1,0,0,0
LSYFIASFRLFART,2,2,0,0,0,0,0,0,0,1,2,0,0,3,0,2,1,0,1,0,0,0
DEMIAQYTSALLA,3,0,0,1,0,1,1,0,0,1,2,0,1,0,0,1,1,0,1,0,0,0
GLMWLSYFIASFRL,1,1,0,0,0,0,0,1,0,1,3,0,1,2,0,2,0,1,1,0,0,0
AQFAPSASAFFGMSRI,4,1,0,0,0,1,0,1,0,1,0,0,1,3,1,3,0,0,0,0,0,0
DQIGYYRRATRRIRG,1,5,0,1,0,1,0,2,0,2,0,0,0,0,0,0,1,0,2,0,0,0
PANNAAIVLQLPQGTTL,3,0,2,0,0,2,0,1,0,1,3,0,0,0,2,0,2,0,0,1,0,0
TRFASVYAWNRKRISN,2,3,2,0,0,0,0,0,0,1,0,1,0,1,0,2,1,1,1,1,0,0
WITGGIAIAMACLVG,3,0,0,0,1,0,0,3,0,3,1,0,1,0,0,0,1,1,0,1,0,0
ANNAAIVLQLPQ,3,0,2,0,0,2,0,0,0,1,2,0,0,0,1,0,0,0,0,1,0,0
LVGLMWLSYFIASFRL,1,1,0,0,0,0,0,1,0,1,4,0,1,2,0,2,0,1,1,1,0,0
KLIFLWLLWPVTLAC,1,0,0,0,1,0,0,0,0,1,5,1,0,1,1,0,1,2,0,1,0,0
QPYRVVVLSFELLHA,1,1,0,0,0,1,1,0,1,0,3,0,0,1,1,1,0,0,1,3,0,0
AIPTNFTISVTTEI,1,0,1,0,0,0,1,0,0,3,0,0,0,1,1,1,4,0,0,1,0,0
LSYYKLGASQRVA,2,1,0,0,0,1,0,1,0,0,2,1,0,0,0,2,0,0,2,1,0,0
LYIIKLIFLWLLWPV,0,0,0,0,0,0,0,0,0,3,5,1,0,1,1,0,0,2,1,1,0,0
LNTLVKQLSSNFGA,1,0,2,0,0,1,0,1,0,0,3,1,0,1,0,2,1,0,0,1,0,0
VVVLSFELLHAPATVC,2,0,0,0,1,0,1,0,1,0,3,0,0,1,1,1,1,0,0,4,0,0
ATSRTLSYYKLGASQRVA,3,2,0,0,0,1,0,1,0,0,2,1,0,0,0,3,2,0,2,1,0,0
EQWNLVIGFLFLTWIC,0,0,1,0,1,1,1,1,0,2,3,0,0,2,0,0,1,2,0,1,0,0
PTESIVRFPNITNL,0,1,2,0,0,0,1,0,0,2,1,0,0,1,2,1,2,0,0,1,0,0
EGVFVSNGTHWFV,0,0,1,0,0,0,1,2,1,0,0,0,0,2,0,1,1,1,0,3,0,0
KHWPQIAQFAPSASAFFG,4,0,0,0,0,2,0,1,1,1,0,1,0,3,2,2,0,1,0,0,0,0
TITSGWTFGAGAALQI,3,0,0,0,0,1,0,3,0,2,1,0,0,1,0,1,3,1,0,0,0,0
INLVRDLPQGFSALEP,1,1,1,1,0,1,1,1,0,1,3,0,0,1,2,1,0,0,0,1,0,0
TSRTLSYYKLGASQRV,1,2,0,0,0,1,0,1,0,0,2,1,0,0,0,3,2,0,2,1,0,0
CVNFNFNGLTGTGVL,0,0,3,0,1,0,0,3,0,0,2,0,0,2,0,0,2,0,0,2,0,0
TRNPANNAAIVLQLPQGT,3,1,3,0,0,2,0,1,0,1,2,0,0,0,2,0,2,0,0,1,0,0
NYNYLYRLFRKSNLKP,0,2,3,0,0,0,0,0,0,0,3,2,0,1,1,1,0,0,3,0,0,0
NNCTFEYVSQPFLMDL,0,0,2,1,1,1,1,0,0,0,2,0,1,2,1,1,1,0,1,1,0,0
REGVFVSNGTHWFV,0,1,1,0,0,0,1,2,1,0,0,0,0,2,0,1,1,1,0,3,0,0
CTFEYVSQPFLMDL,0,0,0,1,1,1,1,0,0,0,2,0,1,2,1,1,1,0,1,1,0,0
ESIVRFPNITNLCPF,0,1,2,0,1,0,1,0,0,2,1,0,0,2,2,1,1,0,0,1,0,0
TFEYVSQPFLMDLEG,0,0,0,1,0,1,2,1,0,0,2,0,1,2,1,1,1,0,1,1,0,0
LPFFSNVTWFHAI,1,0,1,0,0,0,0,0,1,1,1,0,0,3,1,1,1,1,0,1,0,0
LTDEMIAQYTSALLA,3,0,0,1,0,1,1,0,0,1,3,0,1,0,0,1,2,0,1,0,0,0
QIGYYRRATRRIRGG,1,5,0,0,0,1,0,3,0,2,0,0,0,0,0,0,1,0,2,0,0,0
VVVLSFELLHAP,1,0,0,0,0,0,1,0,1,0,3,0,0,1,1,1,0,0,0,3,0,0
SLLIVNNATNVVIKVC,1,0,3,0,1,0,0,0,0,2,2,1,0,0,0,1,1,0,0,4,0,0
VGLMWLSYFIASFRLF,1,1,0,0,0,0,0,1,0,1,3,0,1,3,0,2,0,1,1,1,0,0
FELLHAPATVCGPK,2,0,0,0,1,0,1,1,1,0,2,1,0,1,2,0,1,0,0,1,0,0
RVVVLSFELLHAPATV,2,1,0,0,0,0,1,0,1,0,3,0,0,1,1,1,1,0,0,4,0,0
HTPINLVRDLPQGFS,0,1,1,1,0,1,0,1,1,1,2,0,0,1,2,1,1,0,0,1,0,0
IFLWLLWPVTLA,1,0,0,0,0,0,0,0,0,1,4,0,0,1,1,0,1,2,0,1,0,0
LIVNNATNVVIKVC,1,0,3,0,1,0,0,0,0,2,1,1,0,0,0,0,1,0,0,4,0,0
QQLIRAAEIRASANLA,5,2,1,0,0,2,1,0,0,2,2,0,0,0,0,1,0,0,0,0,0,0
VVLSFELLHAPATV,2,0,0,0,0,0,1,0,1,0,3,0,0,1,1,1,1,0,0,3,0,0
VTLACFVLAAVYRIN,3,1,1,0,1,0,0,0,0,1,2,0,0,1,0,0,1,0,1,3,0,0
FIASFRLFARTRS,2,3,0,0,0,0,0,0,0,1,1,0,0,3,0,2,1,0,0,0,0,0
RNRFLYIIKLIFLW,0,2,1,0,0,0,0,0,0,3,3,1,0,2,0,0,0,1,1,0,0,0
SFELLHAPATVCGPK,2,0,0,0,1,0,1,1,1,0,2,1,0,1,2,1,1,0,0,1,0,0
KLIFLWLLWPVTLACFV,1,0,0,0,1,0,0,0,0,1,5,1,0,2,1,0,1,2,0,2,0,0
ANNAAIVLQLPQG,3,0,2,0,0,2,0,1,0,1,2,0,0,0,1,0,0,0,0,1,0,0
DAALALLLLDRL,3,1,0,2,0,0,0,0,0,0,6,0,0,0,0,0,0,0,0,0,0,0
AQFAPSASAFFGMS,4,0,0,0,0,1,0,1,0,0,0,0,1,3,1,3,0,0,0,0,0,0
INLVRDLPQGFSA,1,1,1,1,0,1,0,1,0,1,2,0,0,1,1,1,0,0,0,1,0,0
FLPFFSNVTWFHA,1,0,1,0,0,0,0,0,1,0,1,0,0,4,1,1,1,1,0,1,0,0
INLVRDLPQGFSAL,1,1,1,1,0,1,0,1,0,1,3,0,0,1,1,1,0,0,0,1,0,0
VGLMWLSYFIASFRL,1,1,0,0,0,0,0,1,0,1,3,0,1,2,0,2,0,1,1,1,0,0
TRFQTLLALHRS,1,2,0,0,0,1,0,0,1,0,3,0,0,1,0,1,2,0,0,0,0,0
VIGFLFLTWICLLQ,0,0,0,0,1,1,0,1,0,2,4,0,0,2,0,0,1,1,0,1,0,0
WLSYFIASFRLFART,2,2,0,0,0,0,0,0,0,1,2,0,0,3,0,2,1,1,1,0,0,0
REFVFKNIDGYFKI,0,1,1,1,0,0,1,1,0,2,0,2,0,3,0,0,0,0,1,1,0,0
AEIRASANLAATKMSEC,5,1,1,0,1,0,2,0,0,1,1,1,1,0,0,2,1,0,0,0,0,0
NITRFQTLLALHRS,1,2,1,0,0,1,0,0,1,1,3,0,0,1,0,1,2,0,0,0,0,0
TRFQTLLALHRSYLT,1,2,0,0,0,1,0,0,1,0,4,0,0,1,0,1,3,0,1,0,0,0
YIWLGFIAGLIAIV,2,0,0,0,0,0,0,2,0,4,2,0,0,1,0,0,0,1,1,1,0,0
NITRFQTLLALHR,1,2,1,0,0,1,0,0,1,1,3,0,0,1,0,0,2,0,0,0,0,0
PANNAAIVLQLPQ,3,0,2,0,0,2,0,0,0,1,2,0,0,0,2,0,0,0,0,1,0,0
EVFNATRFASVYAWN,3,1,2,0,0,0,1,0,0,0,0,0,0,2,0,1,1,1,1,2,0,0
TPINLVRDLPQGFS,0,1,1,1,0,1,0,1,0,1,2,0,0,1,2,1,1,0,0,1,0,0
LSYYKLGASQRVAG,2,1,0,0,0,1,0,2,0,0,2,1,0,0,0,2,0,0,2,1,0,0
LMWLSYFIASFRLFAR,2,2,0,0,0,0,0,0,0,1,3,0,1,3,0,2,0,1,1,0,0,0
NRFLYIIKLIFLWLL,0,1,1,0,0,0,0,0,0,3,5,1,0,2,0,0,0,1,1,0,0,0
AQFAPSASAFFGMSRIGM,4,1,0,0,0,1,0,2,0,1,0,0,2,3,1,3,0,0,0,0,0,0
QPTESIVRFPNITNL,0,1,2,0,0,1,1,0,0,2,1,0,0,1,2,1,2,0,0,1,0,0
LIFLWLLWPVTLACFVLA,2,0,0,0,1,0,0,0,0,1,6,0,0,2,1,0,1,2,0,2,0,0
QKLIANQFNSAIGK,2,0,2,0,0,2,0,1,0,2,1,2,0,1,0,1,0,0,0,0,0,0
FELLHAPATVCGP,2,0,0,0,1,0,1,1,1,0,2,0,0,1,2,0,1,0,0,1,0,0
HTPINLVRDLPQGFSA,1,1,1,1,0,1,0,1,1,1,2,0,0,1,2,1,1,0,0,1,0,0
GFLFLTWICLLQFA,1,0,0,0,1,1,0,1,0,1,4,0,0,3,0,0,1,1,0,0,0,0
IIKLIFLWLLWPVTLAC,1,0,0,0,1,0,0,0,0,3,5,1,0,1,1,0,1,2,0,1,0,0
TLACFVLAAVYRIN,3,1,1,0,1,0,0,0,0,1,2,0,0,1,0,0,1,0,1,2,0,0
PYRVVVLSFELLHA,1,1,0,0,0,0,1,0,1,0,3,0,0,1,1,1,0,0,1,3,0,0
TRFQTLLALHRSYLT,1,2,0,0,0,1,0,0,1,0,4,0,0,1,0,1,3,0,1,0,0,0
NITRFQTLLALHR,1,2,1,0,0,1,0,0,1,1,3,0,0,1,0,0,2,0,0,0,0,0
VGGNYNYLYRLFRKSNL,0,2,3,0,0,0,0,2,0,0,3,1,0,1,0,1,0,0,3,1,0,0
RNPANNAAIVLQLPQG,3,1,3,0,0,2,0,1,0,1,2,0,0,0,2,0,0,0,0,1,0,0
VGGNYNYLYRLFRK,0,2,2,0,0,0,0,2,0,0,2,1,0,1,0,0,0,0,3,1,0,0
IRAAEIRASANLAAT,6,2,1,0,0,0,1,0,0,2,1,0,0,0,0,1,1,0,0,0,0,0
RFQTLLALHRSY,1,2,0,0,0,1,0,0,1,0,3,0,0,1,0,1,1,0,1,0,0,0
NWITGGIAIAMACL,3,0,1,0,1,0,0,2,0,3,1,0,1,0,0,0,1,1,0,0,0,0
TLSYYKLGASQRVAGDS,2,1,0,1,0,1,0,2,0,0,2,1,0,0,0,3,1,0,2,1,0,0
YNYLYRLFRKSNL,0,2,2,0,0,0,0,0,0,0,3,1,0,1,0,1,0,0,3,0,0,0
LMWLSYFIASFRL,1,1,0,0,0,0,0,0,0,1,3,0,1,2,0,2,0,1,1,0,0,0
ADSFVIRGDEVRQIAP,2,2,0,2,0,1,1,1,0,2,0,0,0,1,1,1,0,0,0,2,0,0
ITRFQTLLALHRSYLT,1,2,0,0,0,1,0,0,1,1,4,0,0,1,0,1,3,0,1,0,0,0
LSYFIASFRLFARTRS,2,3,0,0,0,0,0,0,0,1,2,0,0,3,0,3,1,0,1,0,0,0
WITGGIAIAMACLV,3,0,0,0,1,0,0,2,0,3,1,0,1,0,0,0,1,1,0,1,0,0
RVVVLSFELLHAP,1,1,0,0,0,0,1,0,1,0,3,0,0,1,1,1,0,0,0,3,0,0
LLIVNNATNVVI,1,0,3,0,0,0,0,0,0,2,2,0,0,0,0,0,1,0,0,3,0,0
IKLIFLWLLWPVTLACF,1,0,0,0,1,0,0,0,0,2,5,1,0,2,1,0,1,2,0,1,0,0
NNAAIVLQLPQGTT,2,0,2,0,0,2,0,1,0,1,2,0,0,0,1,0,2,0,0,1,0,0
MWLSYFIASFRLFARTR,2,3,0,0,0,0,0,0,0,1,2,0,1,3,0,2,1,1,1,0,0,0
QLIRAAEIRASANL,4,2,1,0,0,1,1,0,0,2,2,0,0,0,0,1,0,0,0,0,0,0
IASFRLFARTRSMWSF,2,3,0,0,0,0,0,0,0,1,1,0,1,3,0,3,1,1,0,0,0,0
RFQTLLALHRSY,1,2,0,0,0,1,0,0,1,0,3,0,0,1,0,1,1,0,1,0,0,0
NYLYRLFRKSNLKP,0,2,2,0,0,0,0,0,0,0,3,2,0,1,1,1,0,0,2,0,0,0
PYRVVVLSFELLHAP,1,1,0,0,0,0,1,0,1,0,3,0,0,1,2,1,0,0,1,3,0,0
WLSYFIASFRLFA,2,1,0,0,0,0,0,0,0,1,2,0,0,3,0,2,0,1,1,0,0,0
SFRLFARTRSMWSFN,1,3,1,0,0,0,0,0,0,0,1,0,1,3,0,3,1,1,0,0,0,0
QSLLIVNNATNVV,1,0,3,0,0,1,0,0,0,1,2,0,0,0,0,1,1,0,0,3,0,0
GFLFLTWICLLQF,0,0,0,0,1,1,0,1,0,1,4,0,0,3,0,0,1,1,0,0,0,0
YIIKLIFLWLLWPVT,0,0,0,0,0,0,0,0,0,3,4,1,0,1,1,0,1,2,1,1,0,0
VFNATRFASVYAWNRKR,3,3,2,0,0,0,0,0,0,0,0,1,0,2,0,1,1,1,1,2,0,0
ANNAAIVLQLPQGTTLP,3,0,2,0,0,2,0,1,0,1,3,0,0,0,2,0,2,0,0,1,0,0
LIFLWLLWPVTLACF,1,0,0,0,1,0,0,0,0,1,5,0,0,2,1,0,1,2,0,1,0,0
LREFVFKNIDGYFKI,0,1,1,1,0,0,1,1,0,2,1,2,0,3,0,0,0,0,1,1,0,0
INLVRDLPQGFSALE,1,1,1,1,0,1,1,1,0,1,3,0,0,1,1,1,0,0,0,1,0,0
ESIVRFPNITNLCPF,0,1,2,0,1,0,1,0,0,2,1,0,0,2,2,1,1,0,0,1,0,0
WNLVIGFLFLTWIC,0,0,1,0,1,0,0,1,0,2,3,0,0,2,0,0,1,2,0,1,0,0
DSKTQSLLIVNNATNVVI,1,0,3,1,0,1,0,0,0,2,2,1,0,0,0,2,2,0,0,3,0,0
AIPTNFTISVTTEILP,1,0,1,0,0,0,1,0,0,3,1,0,0,1,2,1,4,0,0,1,0,0
GINITRFQTLLALHRS,1,2,1,0,0,1,0,1,1,2,3,0,0,1,0,1,2,0,0,0,0,0
RFLYIIKLIFLWLL,0,1,0,0,0,0,0,0,0,3,5,1,0,2,0,0,0,1,1,0,0,0
CPFGEVFNATRFASVYA,3,1,1,0,1,0,1,1,0,0,0,0,0,3,1,1,1,0,1,2,0,0
RFLYIIKLIFLWL,0,1,0,0,0,0,0,0,0,3,4,1,0,2,0,0,0,1,1,0,0,0
QPYRVVVLSFELLH,0,1,0,0,0,1,1,0,1,0,3,0,0,1,1,1,0,0,1,3,0,0
