Epitope ID,Object Type,Description,Epitope Modified Residue(s),Epitope Modification(s),Starting Position,Ending Position,Non-peptidic epitope Accession,Epitope Synonyms,Antigen Name,Antigen Accession,Parent_Protein,Parent Protein Accession,Organism Name,Parent Organism,Parent Organism ID,Epitope Comments,Epitope Relationship,Object Type,Description,Starting Position,Ending Position,Non-peptidic object Accession,Synonyms,Antigen Name,Parent Protein,Organism Name,Parent Organism
1310328,Linear peptide,DFYGYLQKHFSMMIL,,,4807,4821,,,replicase polyprotein 1ab [Human coronavirus 229E],NP_073549.1,ORF1ab polyprotein,A0A0P0LKV0,Human coronavirus 229E,Human coronavirus 229E,11137,,,,,,,,,,,,
1310494,Linear peptide,IKQLKKAMNVAKAE,,,3664,3677,,,replicase polyprotein 1a [Human coronavirus 229E],NP_073550.1,Orf1a,A0A0P0ILY9,Human coronavirus 229E,Human coronavirus 229E,11137,,,,,,,,,,,,
1310496,Linear peptide,ILLERYVSLAIDAYP,,,4917,4931,,,replicase polyprotein 1ab [Human coronavirus 229E],NP_073549.1,ORF1ab polyprotein,A0A0P0LKV0,Human coronavirus 229E,Human coronavirus 229E,11137,,,,,,,,,,,,
1310652,Linear peptide,NANRFNVAITRAKKG,,,5553,5567,,,replicase polyprotein 1ab [Human coronavirus 229E],NP_073549.1,ORF1ab polyprotein,A0A0P0LKV0,Human coronavirus 229E,Human coronavirus 229E,11137,,,,,,,,,,,,
1310782,Linear peptide,SAIEDILFSKLVTSG,,,690,704,,,Spike glycoprotein precursor,P15423.1,Spike glycoprotein,A0A0P0K6L9,Human coronavirus 229E,Human coronavirus 229E,11137,,,,,,,,,,,,
1864695,Linear peptide,CAQYYNGIMVLPGVADA,,,726,742,,,Spike glycoprotein precursor,P15423.1,Spike glycoprotein,A0A0P0K6L9,Human coronavirus 229E,Human coronavirus 229E,11137,,,,,,,,,,,,
1866374,Linear peptide,GYVLRQPNLALYKEGNY,,,973,989,,,Spike glycoprotein precursor,P15423.1,Spike glycoprotein,A0A0P0K6L9,Human coronavirus 229E,Human coronavirus 229E,11137,,,,,,,,,,,,
1866751,Linear peptide,IQARLNYVALQTDVLQE,,,773,789,,,Spike glycoprotein precursor,P15423.1,Spike glycoprotein,A0A0P0K6L9,Human coronavirus 229E,Human coronavirus 229E,11137,,,,,,,,,,,,
1870230,Linear peptide,VEYLQITSTPIVVDCST,,,594,610,,,Spike glycoprotein precursor,P15423.1,Spike glycoprotein,A0A0P0K6L9,Human coronavirus 229E,Human coronavirus 229E,11137,,,,,,,,,,,,
1970300,Linear peptide,RSAIEDILFSKLV,,,687,699,,,spike glycoprotein [Human coronavirus 229E],QRK03775.1,Spike glycoprotein,A0A0P0K6L9,Human coronavirus 229E,Human coronavirus 229E,11137,,,,,,,,,,,,
1970301,Linear peptide,RSAIEDILFSKVV,,,878,890,,,spike glycoprotein [229E-related bat coronavirus],ALK28767.1,Spike glycoprotein,A0A0P0K6L9,229E-related bat coronavirus,Human coronavirus 229E,11137,,,,,,,,,,,,
